obs_id,series_id,obs_date,latitude,longitude,site_id,site_code,dist_to_nominal_km,review_reason
0,0,1980-03-07,-0.02,-109.46,SITE_040,0N110W,60.08651135703555,far_from_nominal
1,0,1980-03-08,-0.02,-109.46,SITE_040,0N110W,60.08651135703555,far_from_nominal
2,0,1980-03-09,-0.02,-109.46,SITE_040,0N110W,60.08651135703555,far_from_nominal
3,0,1980-03-10,-0.02,-109.46,SITE_040,0N110W,60.08651135703555,far_from_nominal
4,0,1980-03-11,-0.02,-109.46,SITE_040,0N110W,60.08651135703555,far_from_nominal
5,0,1980-03-12,-0.02,-109.46,SITE_040,0N110W,60.08651135703555,far_from_nominal
6,0,1980-03-13,-0.02,-109.46,SITE_040,0N110W,60.08651135703555,far_from_nominal
7,0,1980-03-14,-0.02,-109.46,SITE_040,0N110W,60.08651135703555,far_from_nominal
8,0,1980-03-15,-0.02,-109.46,SITE_040,0N110W,60.08651135703555,far_from_nominal
9,0,1980-03-16,-0.02,-109.46,SITE_040,0N110W,60.08651135703555,far_from_nominal
10,0,1980-03-17,-0.02,-109.46,SITE_040,0N110W,60.08651135703555,far_from_nominal
11,0,1980-03-18,-0.02,-109.46,SITE_040,0N110W,60.08651135703555,far_from_nominal
12,0,1980-03-19,-0.02,-109.46,SITE_040,0N110W,60.08651135703555,far_from_nominal
13,0,1980-03-20,-0.02,-109.46,SITE_040,0N110W,60.08651135703555,far_from_nominal
14,0,1980-03-21,-0.02,-109.46,SITE_040,0N110W,60.08651135703555,far_from_nominal
15,0,1980-03-22,-0.02,-109.46,SITE_040,0N110W,60.08651135703555,far_from_nominal
16,0,1980-03-23,-0.02,-109.46,SITE_040,0N110W,60.08651135703555,far_from_nominal
17,0,1980-03-24,-0.02,-109.46,SITE_040,0N110W,60.08651135703555,far_from_nominal
18,0,1980-03-25,-0.02,-109.46,SITE_040,0N110W,60.08651135703555,far_from_nominal
19,0,1980-03-26,-0.02,-109.46,SITE_040,0N110W,60.08651135703555,far_from_nominal
20,0,1980-03-27,-0.02,-109.46,SITE_040,0N110W,60.08651135703555,far_from_nominal
21,0,1980-03-28,-0.02,-109.46,SITE_040,0N110W,60.08651135703555,far_from_nominal
22,0,1980-03-29,-0.02,-109.46,SITE_040,0N110W,60.08651135703555,far_from_nominal
470,0,1981-11-01,0.03,-109.49,SITE_040,0N110W,56.8075169118641,far_from_nominal
471,0,1981-11-02,0.03,-109.49,SITE_040,0N110W,56.8075169118641,far_from_nominal
472,0,1981-11-03,0.03,-109.49,SITE_040,0N110W,56.8075169118641,far_from_nominal
473,0,1981-11-04,0.03,-109.49,SITE_040,0N110W,56.8075169118641,far_from_nominal
474,0,1981-11-05,0.03,-109.49,SITE_040,0N110W,56.8075169118641,far_from_nominal
475,0,1981-11-06,0.03,-109.49,SITE_040,0N110W,56.8075169118641,far_from_nominal
476,0,1981-11-07,0.03,-109.49,SITE_040,0N110W,56.8075169118641,far_from_nominal
477,0,1981-11-08,0.03,-109.49,SITE_040,0N110W,56.8075169118641,far_from_nominal
478,0,1981-11-09,0.03,-109.49,SITE_040,0N110W,56.8075169118641,far_from_nominal
479,0,1981-11-10,0.03,-109.49,SITE_040,0N110W,56.8075169118641,far_from_nominal
480,0,1981-11-11,0.03,-109.49,SITE_040,0N110W,56.8075169118641,far_from_nominal
481,0,1981-11-12,0.03,-109.49,SITE_040,0N110W,56.8075169118641,far_from_nominal
482,0,1981-11-13,0.03,-109.49,SITE_040,0N110W,56.8075169118641,far_from_nominal
483,0,1981-11-14,0.03,-109.49,SITE_040,0N110W,56.8075169118641,far_from_nominal
484,0,1981-11-15,0.03,-109.49,SITE_040,0N110W,56.8075169118641,far_from_nominal
485,0,1981-11-16,0.03,-109.49,SITE_040,0N110W,56.8075169118641,far_from_nominal
486,0,1981-11-17,0.03,-109.49,SITE_040,0N110W,56.8075169118641,far_from_nominal
487,0,1981-11-18,0.03,-109.49,SITE_040,0N110W,56.8075169118641,far_from_nominal
488,0,1981-11-19,0.03,-109.49,SITE_040,0N110W,56.8075169118641,far_from_nominal
489,0,1981-11-20,0.03,-109.49,SITE_040,0N110W,56.8075169118641,far_from_nominal
490,0,1981-11-21,0.03,-109.49,SITE_040,0N110W,56.8075169118641,far_from_nominal
491,0,1981-11-22,0.03,-109.49,SITE_040,0N110W,56.8075169118641,far_from_nominal
492,0,1981-11-23,0.03,-109.49,SITE_040,0N110W,56.8075169118641,far_from_nominal
493,0,1981-11-24,0.03,-109.49,SITE_040,0N110W,56.8075169118641,far_from_nominal
494,0,1981-11-25,0.03,-109.49,SITE_040,0N110W,56.8075169118641,far_from_nominal
495,0,1981-11-26,0.03,-109.49,SITE_040,0N110W,56.8075169118641,far_from_nominal
496,0,1981-11-27,0.03,-109.49,SITE_040,0N110W,56.8075169118641,far_from_nominal
497,0,1981-11-28,0.03,-109.49,SITE_040,0N110W,56.8075169118641,far_from_nominal
498,0,1981-11-29,0.03,-109.49,SITE_040,0N110W,56.8075169118641,far_from_nominal
499,0,1981-11-30,0.03,-109.49,SITE_040,0N110W,56.8075169118641,far_from_nominal
500,0,1981-12-01,0.03,-109.49,SITE_040,0N110W,56.8075169118641,far_from_nominal
501,0,1981-12-02,0.03,-109.49,SITE_040,0N110W,56.8075169118641,far_from_nominal
502,0,1981-12-03,0.03,-109.49,SITE_040,0N110W,56.8075169118641,far_from_nominal
503,0,1981-12-04,0.03,-109.49,SITE_040,0N110W,56.8075169118641,far_from_nominal
504,0,1981-12-05,0.03,-109.49,SITE_040,0N110W,56.8075169118641,far_from_nominal
505,0,1981-12-06,0.03,-109.49,SITE_040,0N110W,56.8075169118641,far_from_nominal
506,0,1981-12-07,0.03,-109.49,SITE_040,0N110W,56.8075169118641,far_from_nominal
507,0,1981-12-08,0.03,-109.49,SITE_040,0N110W,56.8075169118641,far_from_nominal
508,0,1981-12-09,0.03,-109.49,SITE_040,0N110W,56.8075169118641,far_from_nominal
509,0,1981-12-10,0.03,-109.49,SITE_040,0N110W,56.8075169118641,far_from_nominal
510,0,1981-12-11,0.03,-109.49,SITE_040,0N110W,56.8075169118641,far_from_nominal
511,0,1981-12-12,0.03,-109.49,SITE_040,0N110W,56.8075169118641,far_from_nominal
512,0,1981-12-13,0.03,-109.49,SITE_040,0N110W,56.8075169118641,far_from_nominal
513,0,1981-12-14,0.03,-109.49,SITE_040,0N110W,56.8075169118641,far_from_nominal
514,0,1981-12-15,0.03,-109.49,SITE_040,0N110W,56.8075169118641,far_from_nominal
515,0,1981-12-16,0.03,-109.49,SITE_040,0N110W,56.8075169118641,far_from_nominal
516,0,1981-12-17,0.03,-109.49,SITE_040,0N110W,56.8075169118641,far_from_nominal
517,0,1981-12-18,0.03,-109.49,SITE_040,0N110W,56.8075169118641,far_from_nominal
518,0,1981-12-19,0.03,-109.49,SITE_040,0N110W,56.8075169118641,far_from_nominal
519,0,1981-12-20,0.03,-109.49,SITE_040,0N110W,56.8075169118641,far_from_nominal
520,0,1981-12-21,0.03,-109.49,SITE_040,0N110W,56.8075169118641,far_from_nominal
521,0,1981-12-22,0.03,-109.49,SITE_040,0N110W,56.8075169118641,far_from_nominal
522,0,1981-12-23,0.03,-109.49,SITE_040,0N110W,56.8075169118641,far_from_nominal
523,0,1981-12-24,0.03,-109.49,SITE_040,0N110W,56.8075169118641,far_from_nominal
524,0,1981-12-25,0.03,-109.49,SITE_040,0N110W,56.8075169118641,far_from_nominal
525,0,1981-12-26,0.03,-109.49,SITE_040,0N110W,56.8075169118641,far_from_nominal
526,0,1981-12-27,0.03,-109.49,SITE_040,0N110W,56.8075169118641,far_from_nominal
527,0,1981-12-28,0.03,-109.49,SITE_040,0N110W,56.8075169118641,far_from_nominal
528,0,1981-12-29,0.03,-109.49,SITE_040,0N110W,56.8075169118641,far_from_nominal
529,0,1981-12-30,0.03,-109.49,SITE_040,0N110W,56.8075169118641,far_from_nominal
530,0,1981-12-31,0.03,-109.49,SITE_040,0N110W,56.8075169118641,far_from_nominal
531,0,1982-01-01,0.03,-109.49,SITE_040,0N110W,56.8075169118641,far_from_nominal
532,0,1982-01-02,0.03,-109.49,SITE_040,0N110W,56.8075169118641,far_from_nominal
533,0,1982-01-03,0.03,-109.49,SITE_040,0N110W,56.8075169118641,far_from_nominal
534,0,1982-01-04,0.03,-109.49,SITE_040,0N110W,56.8075169118641,far_from_nominal
535,0,1982-01-05,0.03,-109.49,SITE_040,0N110W,56.8075169118641,far_from_nominal
536,0,1982-01-06,0.03,-109.49,SITE_040,0N110W,56.8075169118641,far_from_nominal
537,0,1982-01-07,0.03,-109.49,SITE_040,0N110W,56.8075169118641,far_from_nominal
538,0,1982-01-08,0.03,-109.49,SITE_040,0N110W,56.8075169118641,far_from_nominal
539,0,1982-01-09,0.03,-109.49,SITE_040,0N110W,56.8075169118641,far_from_nominal
540,0,1982-01-10,0.03,-109.49,SITE_040,0N110W,56.8075169118641,far_from_nominal
541,0,1982-01-11,0.03,-109.49,SITE_040,0N110W,56.8075169118641,far_from_nominal
542,0,1982-01-12,0.03,-109.49,SITE_040,0N110W,56.8075169118641,far_from_nominal
543,0,1982-01-13,0.03,-109.49,SITE_040,0N110W,56.8075169118641,far_from_nominal
544,0,1982-01-14,0.03,-109.49,SITE_040,0N110W,56.8075169118641,far_from_nominal
545,0,1982-01-15,0.03,-109.49,SITE_040,0N110W,56.8075169118641,far_from_nominal
546,0,1982-01-16,0.03,-109.49,SITE_040,0N110W,56.8075169118641,far_from_nominal
547,0,1982-01-17,0.03,-109.49,SITE_040,0N110W,56.8075169118641,far_from_nominal
548,0,1982-01-18,0.03,-109.49,SITE_040,0N110W,56.8075169118641,far_from_nominal
549,0,1982-01-19,0.03,-109.49,SITE_040,0N110W,56.8075169118641,far_from_nominal
550,0,1982-01-20,0.03,-109.49,SITE_040,0N110W,56.8075169118641,far_from_nominal
551,0,1982-01-21,0.03,-109.49,SITE_040,0N110W,56.8075169118641,far_from_nominal
552,0,1982-01-22,0.03,-109.49,SITE_040,0N110W,56.8075169118641,far_from_nominal
553,0,1982-01-23,0.03,-109.49,SITE_040,0N110W,56.8075169118641,far_from_nominal
554,0,1982-01-24,0.03,-109.49,SITE_040,0N110W,56.8075169118641,far_from_nominal
555,0,1982-01-25,0.03,-109.49,SITE_040,0N110W,56.8075169118641,far_from_nominal
556,0,1982-01-26,0.03,-109.49,SITE_040,0N110W,56.8075169118641,far_from_nominal
557,0,1982-01-27,0.03,-109.49,SITE_040,0N110W,56.8075169118641,far_from_nominal
558,0,1982-01-28,0.03,-109.49,SITE_040,0N110W,56.8075169118641,far_from_nominal
559,0,1982-01-29,0.03,-109.49,SITE_040,0N110W,56.8075169118641,far_from_nominal
560,0,1982-01-30,0.03,-109.49,SITE_040,0N110W,56.8075169118641,far_from_nominal
561,0,1982-01-31,0.03,-109.49,SITE_040,0N110W,56.8075169118641,far_from_nominal
562,0,1982-02-01,0.03,-109.49,SITE_040,0N110W,56.8075169118641,far_from_nominal
563,0,1982-02-02,0.03,-109.49,SITE_040,0N110W,56.8075169118641,far_from_nominal
564,0,1982-02-03,0.03,-109.49,SITE_040,0N110W,56.8075169118641,far_from_nominal
565,0,1982-02-04,0.03,-109.49,SITE_040,0N110W,56.8075169118641,far_from_nominal
566,0,1982-02-05,0.03,-109.49,SITE_040,0N110W,56.8075169118641,far_from_nominal
567,0,1982-02-06,0.03,-109.49,SITE_040,0N110W,56.8075169118641,far_from_nominal
568,0,1982-02-07,0.03,-109.49,SITE_040,0N110W,56.8075169118641,far_from_nominal
569,0,1982-02-08,0.03,-109.49,SITE_040,0N110W,56.8075169118641,far_from_nominal
570,0,1982-02-09,0.03,-109.49,SITE_040,0N110W,56.8075169118641,far_from_nominal
571,0,1982-02-10,0.03,-109.49,SITE_040,0N110W,56.8075169118641,far_from_nominal
572,0,1982-02-11,0.03,-109.49,SITE_040,0N110W,56.8075169118641,far_from_nominal
573,0,1982-02-12,0.03,-109.49,SITE_040,0N110W,56.8075169118641,far_from_nominal
574,0,1982-02-13,0.03,-109.49,SITE_040,0N110W,56.8075169118641,far_from_nominal
575,0,1982-02-14,0.03,-109.49,SITE_040,0N110W,56.8075169118641,far_from_nominal
576,0,1982-02-15,0.03,-109.49,SITE_040,0N110W,56.8075169118641,far_from_nominal
577,0,1982-02-16,0.03,-109.49,SITE_040,0N110W,56.8075169118641,far_from_nominal
578,0,1982-02-17,0.03,-109.49,SITE_040,0N110W,56.8075169118641,far_from_nominal
579,0,1982-02-18,0.03,-109.49,SITE_040,0N110W,56.8075169118641,far_from_nominal
580,0,1982-02-19,0.03,-109.49,SITE_040,0N110W,56.8075169118641,far_from_nominal
581,0,1982-02-20,0.03,-109.49,SITE_040,0N110W,56.8075169118641,far_from_nominal
582,0,1982-02-21,0.03,-109.49,SITE_040,0N110W,56.8075169118641,far_from_nominal
583,0,1982-02-22,0.03,-109.49,SITE_040,0N110W,56.8075169118641,far_from_nominal
584,0,1982-02-23,0.03,-109.49,SITE_040,0N110W,56.8075169118641,far_from_nominal
585,0,1982-02-24,0.03,-109.49,SITE_040,0N110W,56.8075169118641,far_from_nominal
586,0,1982-02-25,0.03,-109.49,SITE_040,0N110W,56.8075169118641,far_from_nominal
587,0,1982-02-26,0.03,-109.49,SITE_040,0N110W,56.8075169118641,far_from_nominal
588,0,1982-02-27,0.03,-109.49,SITE_040,0N110W,56.8075169118641,far_from_nominal
589,0,1982-02-28,0.03,-109.49,SITE_040,0N110W,56.8075169118641,far_from_nominal
590,0,1982-03-01,0.03,-109.49,SITE_040,0N110W,56.8075169118641,far_from_nominal
591,0,1982-03-02,0.03,-109.49,SITE_040,0N110W,56.8075169118641,far_from_nominal
592,0,1982-03-03,0.03,-109.49,SITE_040,0N110W,56.8075169118641,far_from_nominal
593,0,1982-03-04,0.03,-109.49,SITE_040,0N110W,56.8075169118641,far_from_nominal
594,0,1982-03-05,0.03,-109.49,SITE_040,0N110W,56.8075169118641,far_from_nominal
595,0,1982-03-06,0.03,-109.49,SITE_040,0N110W,56.8075169118641,far_from_nominal
596,0,1982-03-07,0.03,-109.49,SITE_040,0N110W,56.8075169118641,far_from_nominal
597,0,1982-03-08,0.03,-109.49,SITE_040,0N110W,56.8075169118641,far_from_nominal
598,0,1982-03-09,0.03,-109.49,SITE_040,0N110W,56.8075169118641,far_from_nominal
599,0,1982-03-10,0.03,-109.49,SITE_040,0N110W,56.8075169118641,far_from_nominal
600,0,1982-03-11,0.03,-109.49,SITE_040,0N110W,56.8075169118641,far_from_nominal
601,0,1982-03-12,0.03,-109.49,SITE_040,0N110W,56.8075169118641,far_from_nominal
602,0,1982-03-13,0.03,-109.49,SITE_040,0N110W,56.8075169118641,far_from_nominal
603,0,1982-03-14,0.03,-109.49,SITE_040,0N110W,56.8075169118641,far_from_nominal
604,0,1982-03-15,0.03,-109.49,SITE_040,0N110W,56.8075169118641,far_from_nominal
605,0,1982-10-27,0.04,-109.22,SITE_040,0N110W,86.84612689942783,far_from_nominal
606,0,1982-10-28,0.04,-109.22,SITE_040,0N110W,86.84612689942783,far_from_nominal
607,0,1982-10-29,0.04,-109.22,SITE_040,0N110W,86.84612689942783,far_from_nominal
608,0,1982-10-30,0.04,-109.22,SITE_040,0N110W,86.84612689942783,far_from_nominal
609,0,1982-10-31,0.04,-109.22,SITE_040,0N110W,86.84612689942783,far_from_nominal
610,0,1982-11-01,0.04,-109.22,SITE_040,0N110W,86.84612689942783,far_from_nominal
611,0,1982-11-02,0.04,-109.22,SITE_040,0N110W,86.84612689942783,far_from_nominal
612,0,1982-11-03,0.04,-109.22,SITE_040,0N110W,86.84612689942783,far_from_nominal
613,0,1982-11-04,0.04,-109.22,SITE_040,0N110W,86.84612689942783,far_from_nominal
614,0,1982-11-05,0.04,-109.22,SITE_040,0N110W,86.84612689942783,far_from_nominal
615,0,1982-11-06,0.04,-109.22,SITE_040,0N110W,86.84612689942783,far_from_nominal
616,0,1982-11-07,0.04,-109.22,SITE_040,0N110W,86.84612689942783,far_from_nominal
617,0,1982-11-08,0.04,-109.22,SITE_040,0N110W,86.84612689942783,far_from_nominal
618,0,1982-11-09,0.04,-109.22,SITE_040,0N110W,86.84612689942783,far_from_nominal
619,0,1982-11-10,0.04,-109.22,SITE_040,0N110W,86.84612689942783,far_from_nominal
620,0,1982-11-11,0.04,-109.22,SITE_040,0N110W,86.84612689942783,far_from_nominal
621,0,1982-11-12,0.04,-109.22,SITE_040,0N110W,86.84612689942783,far_from_nominal
622,0,1982-11-13,0.04,-109.22,SITE_040,0N110W,86.84612689942783,far_from_nominal
623,0,1982-11-14,0.04,-109.22,SITE_040,0N110W,86.84612689942783,far_from_nominal
624,0,1982-11-15,0.04,-109.22,SITE_040,0N110W,86.84612689942783,far_from_nominal
625,0,1982-11-16,0.04,-109.22,SITE_040,0N110W,86.84612689942783,far_from_nominal
626,0,1982-11-17,0.04,-109.22,SITE_040,0N110W,86.84612689942783,far_from_nominal
627,0,1982-11-18,0.04,-109.22,SITE_040,0N110W,86.84612689942783,far_from_nominal
628,0,1982-11-19,0.04,-109.22,SITE_040,0N110W,86.84612689942783,far_from_nominal
629,0,1982-11-20,0.04,-109.22,SITE_040,0N110W,86.84612689942783,far_from_nominal
630,0,1982-11-21,0.04,-109.22,SITE_040,0N110W,86.84612689942783,far_from_nominal
631,0,1982-11-22,0.04,-109.22,SITE_040,0N110W,86.84612689942783,far_from_nominal
632,0,1982-11-23,0.04,-109.22,SITE_040,0N110W,86.84612689942783,far_from_nominal
633,0,1982-11-24,0.04,-109.22,SITE_040,0N110W,86.84612689942783,far_from_nominal
634,0,1982-11-25,0.04,-109.22,SITE_040,0N110W,86.84612689942783,far_from_nominal
635,0,1982-11-26,0.04,-109.22,SITE_040,0N110W,86.84612689942783,far_from_nominal
636,0,1982-11-27,0.04,-109.22,SITE_040,0N110W,86.84612689942783,far_from_nominal
637,0,1982-11-28,0.04,-109.22,SITE_040,0N110W,86.84612689942783,far_from_nominal
638,0,1982-11-29,0.04,-109.22,SITE_040,0N110W,86.84612689942783,far_from_nominal
639,0,1982-11-30,0.04,-109.22,SITE_040,0N110W,86.84612689942783,far_from_nominal
640,0,1982-12-01,0.04,-109.22,SITE_040,0N110W,86.84612689942783,far_from_nominal
641,0,1982-12-02,0.04,-109.22,SITE_040,0N110W,86.84612689942783,far_from_nominal
642,0,1982-12-03,0.04,-109.22,SITE_040,0N110W,86.84612689942783,far_from_nominal
643,0,1982-12-04,0.04,-109.22,SITE_040,0N110W,86.84612689942783,far_from_nominal
644,0,1982-12-05,0.04,-109.22,SITE_040,0N110W,86.84612689942783,far_from_nominal
645,0,1982-12-06,0.04,-109.22,SITE_040,0N110W,86.84612689942783,far_from_nominal
646,0,1982-12-07,0.04,-109.22,SITE_040,0N110W,86.84612689942783,far_from_nominal
647,0,1982-12-08,0.04,-109.22,SITE_040,0N110W,86.84612689942783,far_from_nominal
648,0,1982-12-09,0.04,-109.22,SITE_040,0N110W,86.84612689942783,far_from_nominal
649,0,1982-12-10,0.04,-109.22,SITE_040,0N110W,86.84612689942783,far_from_nominal
650,0,1982-12-11,0.04,-109.22,SITE_040,0N110W,86.84612689942783,far_from_nominal
651,0,1982-12-12,0.04,-109.22,SITE_040,0N110W,86.84612689942783,far_from_nominal
652,0,1982-12-13,0.04,-109.22,SITE_040,0N110W,86.84612689942783,far_from_nominal
653,0,1982-12-14,0.04,-109.22,SITE_040,0N110W,86.84612689942783,far_from_nominal
654,0,1982-12-15,0.04,-109.22,SITE_040,0N110W,86.84612689942783,far_from_nominal
655,0,1982-12-16,0.04,-109.22,SITE_040,0N110W,86.84612689942783,far_from_nominal
656,0,1982-12-17,0.04,-109.22,SITE_040,0N110W,86.84612689942783,far_from_nominal
657,0,1982-12-18,0.04,-109.22,SITE_040,0N110W,86.84612689942783,far_from_nominal
658,0,1982-12-19,0.04,-109.22,SITE_040,0N110W,86.84612689942783,far_from_nominal
659,0,1982-12-20,0.04,-109.22,SITE_040,0N110W,86.84612689942783,far_from_nominal
660,0,1982-12-21,0.04,-109.22,SITE_040,0N110W,86.84612689942783,far_from_nominal
661,0,1982-12-22,0.04,-109.22,SITE_040,0N110W,86.84612689942783,far_from_nominal
662,0,1982-12-23,0.04,-109.22,SITE_040,0N110W,86.84612689942783,far_from_nominal
663,0,1982-12-24,0.04,-109.22,SITE_040,0N110W,86.84612689942783,far_from_nominal
664,0,1982-12-25,0.04,-109.22,SITE_040,0N110W,86.84612689942783,far_from_nominal
665,0,1982-12-26,0.04,-109.22,SITE_040,0N110W,86.84612689942783,far_from_nominal
666,0,1982-12-27,0.04,-109.22,SITE_040,0N110W,86.84612689942783,far_from_nominal
667,0,1982-12-28,0.04,-109.22,SITE_040,0N110W,86.84612689942783,far_from_nominal
668,0,1982-12-29,0.04,-109.22,SITE_040,0N110W,86.84612689942783,far_from_nominal
669,0,1982-12-30,0.04,-109.22,SITE_040,0N110W,86.84612689942783,far_from_nominal
670,0,1982-12-31,0.04,-109.22,SITE_040,0N110W,86.84612689942783,far_from_nominal
671,0,1983-01-01,0.04,-109.22,SITE_040,0N110W,86.84612689942783,far_from_nominal
672,0,1983-01-02,0.04,-109.22,SITE_040,0N110W,86.84612689942783,far_from_nominal
673,0,1983-01-03,0.04,-109.22,SITE_040,0N110W,86.84612689942783,far_from_nominal
674,0,1983-01-04,0.04,-109.22,SITE_040,0N110W,86.84612689942783,far_from_nominal
675,0,1983-01-05,0.04,-109.22,SITE_040,0N110W,86.84612689942783,far_from_nominal
676,0,1983-01-06,0.04,-109.22,SITE_040,0N110W,86.84612689942783,far_from_nominal
677,0,1983-01-07,0.04,-109.22,SITE_040,0N110W,86.84612689942783,far_from_nominal
678,0,1983-01-08,0.04,-109.22,SITE_040,0N110W,86.84612689942783,far_from_nominal
679,0,1983-01-09,0.04,-109.22,SITE_040,0N110W,86.84612689942783,far_from_nominal
680,0,1983-01-10,0.04,-109.22,SITE_040,0N110W,86.84612689942783,far_from_nominal
681,0,1983-01-11,0.04,-109.22,SITE_040,0N110W,86.84612689942783,far_from_nominal
682,0,1983-01-12,0.04,-109.22,SITE_040,0N110W,86.84612689942783,far_from_nominal
683,0,1983-01-13,0.04,-109.22,SITE_040,0N110W,86.84612689942783,far_from_nominal
684,0,1983-01-14,0.04,-109.22,SITE_040,0N110W,86.84612689942783,far_from_nominal
685,0,1983-01-15,0.04,-109.22,SITE_040,0N110W,86.84612689942783,far_from_nominal
686,0,1983-01-16,0.04,-109.22,SITE_040,0N110W,86.84612689942783,far_from_nominal
687,0,1983-01-17,0.04,-109.22,SITE_040,0N110W,86.84612689942783,far_from_nominal
688,0,1983-01-18,0.04,-109.22,SITE_040,0N110W,86.84612689942783,far_from_nominal
689,0,1983-01-19,0.04,-109.22,SITE_040,0N110W,86.84612689942783,far_from_nominal
690,0,1983-01-20,0.04,-109.22,SITE_040,0N110W,86.84612689942783,far_from_nominal
691,0,1983-01-21,0.04,-109.22,SITE_040,0N110W,86.84612689942783,far_from_nominal
692,0,1983-01-22,0.04,-109.22,SITE_040,0N110W,86.84612689942783,far_from_nominal
693,0,1983-01-23,0.04,-109.22,SITE_040,0N110W,86.84612689942783,far_from_nominal
694,0,1983-01-24,0.04,-109.22,SITE_040,0N110W,86.84612689942783,far_from_nominal
695,0,1983-01-25,0.04,-109.22,SITE_040,0N110W,86.84612689942783,far_from_nominal
696,0,1983-01-26,0.04,-109.22,SITE_040,0N110W,86.84612689942783,far_from_nominal
697,0,1983-01-27,0.04,-109.22,SITE_040,0N110W,86.84612689942783,far_from_nominal
698,0,1983-01-28,0.04,-109.22,SITE_040,0N110W,86.84612689942783,far_from_nominal
699,0,1983-01-29,0.04,-109.22,SITE_040,0N110W,86.84612689942783,far_from_nominal
700,0,1983-01-30,0.04,-109.22,SITE_040,0N110W,86.84612689942783,far_from_nominal
701,0,1983-01-31,0.04,-109.22,SITE_040,0N110W,86.84612689942783,far_from_nominal
702,0,1983-02-01,0.04,-109.22,SITE_040,0N110W,86.84612689942783,far_from_nominal
703,0,1983-02-02,0.04,-109.22,SITE_040,0N110W,86.84612689942783,far_from_nominal
704,0,1983-02-03,0.04,-109.22,SITE_040,0N110W,86.84612689942783,far_from_nominal
705,0,1983-02-04,0.04,-109.22,SITE_040,0N110W,86.84612689942783,far_from_nominal
706,0,1983-02-05,0.04,-109.22,SITE_040,0N110W,86.84612689942783,far_from_nominal
707,0,1983-02-06,0.04,-109.22,SITE_040,0N110W,86.84612689942783,far_from_nominal
708,0,1983-02-07,0.04,-109.22,SITE_040,0N110W,86.84612689942783,far_from_nominal
709,0,1983-02-08,0.04,-109.22,SITE_040,0N110W,86.84612689942783,far_from_nominal
710,0,1983-02-09,0.04,-109.22,SITE_040,0N110W,86.84612689942783,far_from_nominal
711,0,1983-02-10,0.04,-109.22,SITE_040,0N110W,86.84612689942783,far_from_nominal
712,0,1983-02-11,0.04,-109.22,SITE_040,0N110W,86.84612689942783,far_from_nominal
713,0,1983-02-12,0.04,-109.22,SITE_040,0N110W,86.84612689942783,far_from_nominal
714,0,1983-02-13,0.04,-109.22,SITE_040,0N110W,86.84612689942783,far_from_nominal
715,0,1983-02-14,0.04,-109.22,SITE_040,0N110W,86.84612689942783,far_from_nominal
716,0,1983-02-15,0.04,-109.22,SITE_040,0N110W,86.84612689942783,far_from_nominal
717,0,1983-02-16,0.04,-109.22,SITE_040,0N110W,86.84612689942783,far_from_nominal
718,0,1983-02-17,0.04,-109.22,SITE_040,0N110W,86.84612689942783,far_from_nominal
719,0,1983-02-18,0.04,-109.22,SITE_040,0N110W,86.84612689942783,far_from_nominal
720,0,1983-02-19,0.04,-109.22,SITE_040,0N110W,86.84612689942783,far_from_nominal
721,0,1983-02-20,0.04,-109.22,SITE_040,0N110W,86.84612689942783,far_from_nominal
722,0,1983-02-21,0.04,-109.22,SITE_040,0N110W,86.84612689942783,far_from_nominal
723,0,1983-02-22,0.04,-109.22,SITE_040,0N110W,86.84612689942783,far_from_nominal
724,0,1983-02-23,0.04,-109.22,SITE_040,0N110W,86.84612689942783,far_from_nominal
725,0,1983-02-24,0.04,-109.22,SITE_040,0N110W,86.84612689942783,far_from_nominal
726,0,1983-02-25,0.04,-109.22,SITE_040,0N110W,86.84612689942783,far_from_nominal
727,0,1983-02-26,0.04,-109.22,SITE_040,0N110W,86.84612689942783,far_from_nominal
728,0,1983-02-27,0.04,-109.22,SITE_040,0N110W,86.84612689942783,far_from_nominal
729,0,1983-02-28,0.04,-109.22,SITE_040,0N110W,86.84612689942783,far_from_nominal
730,0,1983-03-01,0.04,-109.22,SITE_040,0N110W,86.84612689942783,far_from_nominal
731,0,1983-03-02,0.04,-109.22,SITE_040,0N110W,86.84612689942783,far_from_nominal
732,0,1983-03-03,0.04,-109.22,SITE_040,0N110W,86.84612689942783,far_from_nominal
733,0,1983-03-04,0.04,-109.22,SITE_040,0N110W,86.84612689942783,far_from_nominal
734,0,1983-03-05,0.04,-109.22,SITE_040,0N110W,86.84612689942783,far_from_nominal
735,0,1983-03-06,0.04,-109.22,SITE_040,0N110W,86.84612689942783,far_from_nominal
736,0,1983-03-07,0.04,-109.22,SITE_040,0N110W,86.84612689942783,far_from_nominal
737,0,1983-03-08,0.04,-109.22,SITE_040,0N110W,86.84612689942783,far_from_nominal
738,0,1983-03-09,0.04,-109.22,SITE_040,0N110W,86.84612689942783,far_from_nominal
739,0,1983-03-10,0.04,-109.22,SITE_040,0N110W,86.84612689942783,far_from_nominal
740,0,1983-03-11,0.04,-109.22,SITE_040,0N110W,86.84612689942783,far_from_nominal
741,0,1983-03-12,0.04,-109.22,SITE_040,0N110W,86.84612689942783,far_from_nominal
742,0,1983-03-13,0.04,-109.22,SITE_040,0N110W,86.84612689942783,far_from_nominal
743,0,1983-03-14,0.04,-109.22,SITE_040,0N110W,86.84612689942783,far_from_nominal
744,0,1983-03-15,0.04,-109.22,SITE_040,0N110W,86.84612689942783,far_from_nominal
745,0,1983-03-16,0.04,-109.22,SITE_040,0N110W,86.84612689942783,far_from_nominal
746,0,1983-03-17,0.04,-109.22,SITE_040,0N110W,86.84612689942783,far_from_nominal
747,0,1983-03-18,0.04,-109.22,SITE_040,0N110W,86.84612689942783,far_from_nominal
748,0,1983-03-19,0.04,-109.22,SITE_040,0N110W,86.84612689942783,far_from_nominal
749,0,1983-03-20,0.04,-109.22,SITE_040,0N110W,86.84612689942783,far_from_nominal
750,0,1983-03-21,0.04,-109.22,SITE_040,0N110W,86.84612689942783,far_from_nominal
751,0,1983-03-22,0.04,-109.22,SITE_040,0N110W,86.84612689942783,far_from_nominal
752,0,1983-03-23,0.04,-109.22,SITE_040,0N110W,86.84612689942783,far_from_nominal
753,0,1983-03-24,0.04,-109.22,SITE_040,0N110W,86.84612689942783,far_from_nominal
754,0,1983-03-25,0.04,-109.22,SITE_040,0N110W,86.84612689942783,far_from_nominal
755,0,1983-03-26,0.04,-109.22,SITE_040,0N110W,86.84612689942783,far_from_nominal
756,0,1983-03-27,0.04,-109.22,SITE_040,0N110W,86.84612689942783,far_from_nominal
757,0,1983-03-28,0.04,-109.22,SITE_040,0N110W,86.84612689942783,far_from_nominal
758,0,1983-03-29,0.04,-109.22,SITE_040,0N110W,86.84612689942783,far_from_nominal
759,0,1983-03-30,0.04,-109.22,SITE_040,0N110W,86.84612689942783,far_from_nominal
760,0,1983-03-31,0.04,-109.22,SITE_040,0N110W,86.84612689942783,far_from_nominal
761,0,1983-04-01,0.04,-109.22,SITE_040,0N110W,86.84612689942783,far_from_nominal
762,0,1983-04-02,0.04,-109.22,SITE_040,0N110W,86.84612689942783,far_from_nominal
763,0,1983-04-03,0.04,-109.22,SITE_040,0N110W,86.84612689942783,far_from_nominal
764,0,1983-04-04,0.04,-109.22,SITE_040,0N110W,86.84612689942783,far_from_nominal
765,0,1983-04-05,0.04,-109.22,SITE_040,0N110W,86.84612689942783,far_from_nominal
766,0,1983-04-06,0.04,-109.22,SITE_040,0N110W,86.84612689942783,far_from_nominal
767,0,1983-04-07,0.04,-109.22,SITE_040,0N110W,86.84612689942783,far_from_nominal
768,0,1983-04-08,0.04,-109.22,SITE_040,0N110W,86.84612689942783,far_from_nominal
769,0,1983-04-09,0.04,-109.22,SITE_040,0N110W,86.84612689942783,far_from_nominal
770,0,1983-04-10,0.04,-109.22,SITE_040,0N110W,86.84612689942783,far_from_nominal
771,0,1983-04-11,0.04,-109.22,SITE_040,0N110W,86.84612689942783,far_from_nominal
772,0,1983-04-12,0.04,-109.22,SITE_040,0N110W,86.84612689942783,far_from_nominal
773,0,1983-04-13,0.04,-109.22,SITE_040,0N110W,86.84612689942783,far_from_nominal
774,0,1983-04-14,0.04,-109.22,SITE_040,0N110W,86.84612689942783,far_from_nominal
775,0,1983-04-15,0.04,-109.22,SITE_040,0N110W,86.84612689942783,far_from_nominal
776,0,1983-04-16,0.04,-109.22,SITE_040,0N110W,86.84612689942783,far_from_nominal
777,0,1983-04-17,0.04,-109.22,SITE_040,0N110W,86.84612689942783,far_from_nominal
778,0,1983-04-18,0.04,-109.22,SITE_040,0N110W,86.84612689942783,far_from_nominal
779,0,1983-04-19,0.04,-109.22,SITE_040,0N110W,86.84612689942783,far_from_nominal
780,0,1983-04-20,0.04,-109.22,SITE_040,0N110W,86.84612689942783,far_from_nominal
781,0,1983-04-21,0.04,-109.22,SITE_040,0N110W,86.84612689942783,far_from_nominal
782,0,1983-04-22,0.04,-109.22,SITE_040,0N110W,86.84612689942783,far_from_nominal
783,0,1983-11-03,0.0,-109.21,SITE_040,0N110W,87.84411338449118,far_from_nominal
784,0,1983-11-04,0.0,-109.21,SITE_040,0N110W,87.84411338449118,far_from_nominal
785,0,1983-11-05,0.0,-109.21,SITE_040,0N110W,87.84411338449118,far_from_nominal
786,0,1983-11-06,0.0,-109.21,SITE_040,0N110W,87.84411338449118,far_from_nominal
787,0,1983-11-07,0.0,-109.21,SITE_040,0N110W,87.84411338449118,far_from_nominal
788,0,1983-11-08,0.0,-109.21,SITE_040,0N110W,87.84411338449118,far_from_nominal
789,0,1983-11-09,0.0,-109.21,SITE_040,0N110W,87.84411338449118,far_from_nominal
790,0,1983-11-10,0.0,-109.21,SITE_040,0N110W,87.84411338449118,far_from_nominal
791,0,1983-11-11,0.0,-109.21,SITE_040,0N110W,87.84411338449118,far_from_nominal
792,0,1983-11-12,0.0,-109.21,SITE_040,0N110W,87.84411338449118,far_from_nominal
793,0,1983-11-13,0.0,-109.21,SITE_040,0N110W,87.84411338449118,far_from_nominal
794,0,1983-11-14,0.0,-109.21,SITE_040,0N110W,87.84411338449118,far_from_nominal
795,0,1983-11-15,0.0,-109.21,SITE_040,0N110W,87.84411338449118,far_from_nominal
796,0,1983-11-16,0.0,-109.21,SITE_040,0N110W,87.84411338449118,far_from_nominal
797,0,1983-11-17,0.0,-109.21,SITE_040,0N110W,87.84411338449118,far_from_nominal
798,0,1983-11-18,0.0,-109.21,SITE_040,0N110W,87.84411338449118,far_from_nominal
799,0,1983-11-19,0.0,-109.21,SITE_040,0N110W,87.84411338449118,far_from_nominal
800,0,1983-11-20,0.0,-109.21,SITE_040,0N110W,87.84411338449118,far_from_nominal
801,0,1983-11-21,0.0,-109.21,SITE_040,0N110W,87.84411338449118,far_from_nominal
802,0,1983-11-22,0.0,-109.21,SITE_040,0N110W,87.84411338449118,far_from_nominal
803,0,1983-11-23,0.0,-109.21,SITE_040,0N110W,87.84411338449118,far_from_nominal
804,0,1983-11-24,0.0,-109.21,SITE_040,0N110W,87.84411338449118,far_from_nominal
805,0,1983-11-25,0.0,-109.21,SITE_040,0N110W,87.84411338449118,far_from_nominal
806,0,1983-11-26,0.0,-109.21,SITE_040,0N110W,87.84411338449118,far_from_nominal
807,0,1983-11-27,0.0,-109.21,SITE_040,0N110W,87.84411338449118,far_from_nominal
808,0,1983-11-28,0.0,-109.21,SITE_040,0N110W,87.84411338449118,far_from_nominal
809,0,1983-11-29,0.0,-109.21,SITE_040,0N110W,87.84411338449118,far_from_nominal
810,0,1983-11-30,0.0,-109.21,SITE_040,0N110W,87.84411338449118,far_from_nominal
811,0,1983-12-01,0.0,-109.21,SITE_040,0N110W,87.84411338449118,far_from_nominal
812,0,1983-12-02,0.0,-109.21,SITE_040,0N110W,87.84411338449118,far_from_nominal
813,0,1983-12-03,0.0,-109.21,SITE_040,0N110W,87.84411338449118,far_from_nominal
814,0,1983-12-04,0.0,-109.21,SITE_040,0N110W,87.84411338449118,far_from_nominal
815,0,1983-12-05,0.0,-109.21,SITE_040,0N110W,87.84411338449118,far_from_nominal
816,0,1983-12-06,0.0,-109.21,SITE_040,0N110W,87.84411338449118,far_from_nominal
817,0,1983-12-07,0.0,-109.21,SITE_040,0N110W,87.84411338449118,far_from_nominal
818,0,1983-12-08,0.0,-109.21,SITE_040,0N110W,87.84411338449118,far_from_nominal
819,0,1983-12-09,0.0,-109.21,SITE_040,0N110W,87.84411338449118,far_from_nominal
820,0,1983-12-10,0.0,-109.21,SITE_040,0N110W,87.84411338449118,far_from_nominal
821,0,1983-12-11,0.0,-109.21,SITE_040,0N110W,87.84411338449118,far_from_nominal
822,0,1983-12-12,0.0,-109.21,SITE_040,0N110W,87.84411338449118,far_from_nominal
823,0,1983-12-13,0.0,-109.21,SITE_040,0N110W,87.84411338449118,far_from_nominal
824,0,1983-12-14,0.0,-109.21,SITE_040,0N110W,87.84411338449118,far_from_nominal
825,0,1983-12-15,0.0,-109.21,SITE_040,0N110W,87.84411338449118,far_from_nominal
826,0,1983-12-16,0.0,-109.21,SITE_040,0N110W,87.84411338449118,far_from_nominal
827,0,1983-12-17,0.0,-109.21,SITE_040,0N110W,87.84411338449118,far_from_nominal
828,0,1983-12-18,0.0,-109.21,SITE_040,0N110W,87.84411338449118,far_from_nominal
829,0,1983-12-19,0.0,-109.21,SITE_040,0N110W,87.84411338449118,far_from_nominal
830,0,1983-12-20,0.0,-109.21,SITE_040,0N110W,87.84411338449118,far_from_nominal
831,0,1983-12-21,0.0,-109.21,SITE_040,0N110W,87.84411338449118,far_from_nominal
832,0,1983-12-22,0.0,-109.21,SITE_040,0N110W,87.84411338449118,far_from_nominal
833,0,1983-12-23,0.0,-109.21,SITE_040,0N110W,87.84411338449118,far_from_nominal
834,0,1983-12-24,0.0,-109.21,SITE_040,0N110W,87.84411338449118,far_from_nominal
835,0,1983-12-25,0.0,-109.21,SITE_040,0N110W,87.84411338449118,far_from_nominal
836,0,1983-12-26,0.0,-109.21,SITE_040,0N110W,87.84411338449118,far_from_nominal
837,0,1983-12-27,0.0,-109.21,SITE_040,0N110W,87.84411338449118,far_from_nominal
838,0,1983-12-28,0.0,-109.21,SITE_040,0N110W,87.84411338449118,far_from_nominal
839,0,1983-12-29,0.0,-109.21,SITE_040,0N110W,87.84411338449118,far_from_nominal
840,0,1983-12-30,0.0,-109.21,SITE_040,0N110W,87.84411338449118,far_from_nominal
841,0,1983-12-31,0.0,-109.21,SITE_040,0N110W,87.84411338449118,far_from_nominal
842,0,1984-01-01,0.0,-109.21,SITE_040,0N110W,87.84411338449118,far_from_nominal
843,0,1984-01-02,0.0,-109.21,SITE_040,0N110W,87.84411338449118,far_from_nominal
844,0,1984-01-03,0.0,-109.21,SITE_040,0N110W,87.84411338449118,far_from_nominal
845,0,1984-01-04,0.0,-109.21,SITE_040,0N110W,87.84411338449118,far_from_nominal
846,0,1984-01-05,0.0,-109.21,SITE_040,0N110W,87.84411338449118,far_from_nominal
847,0,1984-01-06,0.0,-109.21,SITE_040,0N110W,87.84411338449118,far_from_nominal
848,0,1984-01-07,0.0,-109.21,SITE_040,0N110W,87.84411338449118,far_from_nominal
849,0,1984-01-08,0.0,-109.21,SITE_040,0N110W,87.84411338449118,far_from_nominal
850,0,1984-01-09,0.0,-109.21,SITE_040,0N110W,87.84411338449118,far_from_nominal
851,0,1984-01-10,0.0,-109.21,SITE_040,0N110W,87.84411338449118,far_from_nominal
852,0,1984-01-11,0.0,-109.21,SITE_040,0N110W,87.84411338449118,far_from_nominal
853,0,1984-01-12,0.0,-109.21,SITE_040,0N110W,87.84411338449118,far_from_nominal
854,0,1984-01-13,0.0,-109.21,SITE_040,0N110W,87.84411338449118,far_from_nominal
855,0,1984-01-14,0.0,-109.21,SITE_040,0N110W,87.84411338449118,far_from_nominal
856,0,1984-01-15,0.0,-109.21,SITE_040,0N110W,87.84411338449118,far_from_nominal
857,0,1984-01-16,0.0,-109.21,SITE_040,0N110W,87.84411338449118,far_from_nominal
858,0,1984-01-17,0.0,-109.21,SITE_040,0N110W,87.84411338449118,far_from_nominal
859,0,1984-01-18,0.0,-109.21,SITE_040,0N110W,87.84411338449118,far_from_nominal
860,0,1984-01-19,0.0,-109.21,SITE_040,0N110W,87.84411338449118,far_from_nominal
861,0,1984-01-20,0.0,-109.21,SITE_040,0N110W,87.84411338449118,far_from_nominal
862,0,1984-01-21,0.0,-109.21,SITE_040,0N110W,87.84411338449118,far_from_nominal
863,0,1984-01-22,0.0,-109.21,SITE_040,0N110W,87.84411338449118,far_from_nominal
864,0,1984-01-23,0.0,-109.21,SITE_040,0N110W,87.84411338449118,far_from_nominal
865,0,1984-01-24,0.0,-109.21,SITE_040,0N110W,87.84411338449118,far_from_nominal
866,0,1984-01-25,0.0,-109.21,SITE_040,0N110W,87.84411338449118,far_from_nominal
867,0,1984-01-26,0.0,-109.21,SITE_040,0N110W,87.84411338449118,far_from_nominal
868,0,1984-01-27,0.0,-109.21,SITE_040,0N110W,87.84411338449118,far_from_nominal
869,0,1984-01-28,0.0,-109.21,SITE_040,0N110W,87.84411338449118,far_from_nominal
870,0,1984-01-29,0.0,-109.21,SITE_040,0N110W,87.84411338449118,far_from_nominal
871,0,1984-01-30,0.0,-109.21,SITE_040,0N110W,87.84411338449118,far_from_nominal
872,0,1984-01-31,0.0,-109.21,SITE_040,0N110W,87.84411338449118,far_from_nominal
873,0,1984-02-01,0.0,-109.21,SITE_040,0N110W,87.84411338449118,far_from_nominal
874,0,1984-02-02,0.0,-109.21,SITE_040,0N110W,87.84411338449118,far_from_nominal
875,0,1984-02-03,0.0,-109.21,SITE_040,0N110W,87.84411338449118,far_from_nominal
876,0,1984-02-04,0.0,-109.21,SITE_040,0N110W,87.84411338449118,far_from_nominal
877,0,1984-02-05,0.0,-109.21,SITE_040,0N110W,87.84411338449118,far_from_nominal
878,0,1984-02-06,0.0,-109.21,SITE_040,0N110W,87.84411338449118,far_from_nominal
879,0,1984-02-07,0.0,-109.21,SITE_040,0N110W,87.84411338449118,far_from_nominal
880,0,1984-02-08,0.0,-109.21,SITE_040,0N110W,87.84411338449118,far_from_nominal
881,0,1984-02-09,0.0,-109.21,SITE_040,0N110W,87.84411338449118,far_from_nominal
882,0,1984-02-10,0.0,-109.21,SITE_040,0N110W,87.84411338449118,far_from_nominal
883,0,1984-02-11,0.0,-109.21,SITE_040,0N110W,87.84411338449118,far_from_nominal
884,0,1984-02-12,0.0,-109.21,SITE_040,0N110W,87.84411338449118,far_from_nominal
885,0,1984-02-13,0.0,-109.21,SITE_040,0N110W,87.84411338449118,far_from_nominal
886,0,1984-02-14,0.0,-109.21,SITE_040,0N110W,87.84411338449118,far_from_nominal
887,0,1984-02-15,0.0,-109.21,SITE_040,0N110W,87.84411338449118,far_from_nominal
888,0,1984-02-16,0.0,-109.21,SITE_040,0N110W,87.84411338449118,far_from_nominal
889,0,1984-02-17,0.0,-109.21,SITE_040,0N110W,87.84411338449118,far_from_nominal
890,0,1984-02-18,0.0,-109.21,SITE_040,0N110W,87.84411338449118,far_from_nominal
891,0,1984-02-19,0.0,-109.21,SITE_040,0N110W,87.84411338449118,far_from_nominal
892,0,1984-02-20,0.0,-109.21,SITE_040,0N110W,87.84411338449118,far_from_nominal
893,0,1984-02-21,0.0,-109.21,SITE_040,0N110W,87.84411338449118,far_from_nominal
894,0,1984-02-22,0.0,-109.21,SITE_040,0N110W,87.84411338449118,far_from_nominal
895,0,1984-02-23,0.0,-109.21,SITE_040,0N110W,87.84411338449118,far_from_nominal
896,0,1984-02-24,0.0,-109.21,SITE_040,0N110W,87.84411338449118,far_from_nominal
897,0,1984-02-25,0.0,-109.21,SITE_040,0N110W,87.84411338449118,far_from_nominal
898,0,1984-02-26,0.0,-109.21,SITE_040,0N110W,87.84411338449118,far_from_nominal
899,0,1984-02-27,0.0,-109.21,SITE_040,0N110W,87.84411338449118,far_from_nominal
900,0,1984-02-28,0.0,-109.21,SITE_040,0N110W,87.84411338449118,far_from_nominal
901,0,1984-02-29,0.0,-109.21,SITE_040,0N110W,87.84411338449118,far_from_nominal
902,0,1984-03-01,0.0,-109.21,SITE_040,0N110W,87.84411338449118,far_from_nominal
903,0,1984-03-02,0.0,-109.21,SITE_040,0N110W,87.84411338449118,far_from_nominal
904,0,1984-03-03,0.0,-109.21,SITE_040,0N110W,87.84411338449118,far_from_nominal
905,0,1984-03-04,0.0,-109.21,SITE_040,0N110W,87.84411338449118,far_from_nominal
906,0,1984-03-05,0.0,-109.21,SITE_040,0N110W,87.84411338449118,far_from_nominal
907,0,1984-03-06,0.0,-109.21,SITE_040,0N110W,87.84411338449118,far_from_nominal
908,0,1984-03-07,0.0,-109.21,SITE_040,0N110W,87.84411338449118,far_from_nominal
909,0,1984-03-08,0.0,-109.21,SITE_040,0N110W,87.84411338449118,far_from_nominal
910,0,1984-03-09,0.0,-109.21,SITE_040,0N110W,87.84411338449118,far_from_nominal
911,0,1984-03-10,0.0,-109.21,SITE_040,0N110W,87.84411338449118,far_from_nominal
912,0,1984-03-11,0.0,-109.21,SITE_040,0N110W,87.84411338449118,far_from_nominal
913,0,1984-03-12,0.0,-109.21,SITE_040,0N110W,87.84411338449118,far_from_nominal
914,0,1984-03-13,0.0,-109.21,SITE_040,0N110W,87.84411338449118,far_from_nominal
915,0,1984-03-14,0.0,-109.21,SITE_040,0N110W,87.84411338449118,far_from_nominal
916,0,1984-03-15,0.0,-109.21,SITE_040,0N110W,87.84411338449118,far_from_nominal
917,0,1984-03-16,0.0,-109.21,SITE_040,0N110W,87.84411338449118,far_from_nominal
918,0,1984-03-17,0.0,-109.21,SITE_040,0N110W,87.84411338449118,far_from_nominal
919,0,1984-03-18,0.0,-109.21,SITE_040,0N110W,87.84411338449118,far_from_nominal
920,0,1984-03-19,0.0,-109.21,SITE_040,0N110W,87.84411338449118,far_from_nominal
921,0,1984-03-20,0.0,-109.21,SITE_040,0N110W,87.84411338449118,far_from_nominal
922,0,1984-03-21,0.0,-109.21,SITE_040,0N110W,87.84411338449118,far_from_nominal
923,0,1984-03-22,0.0,-109.21,SITE_040,0N110W,87.84411338449118,far_from_nominal
924,0,1984-03-23,0.0,-109.21,SITE_040,0N110W,87.84411338449118,far_from_nominal
925,0,1984-03-24,0.0,-109.21,SITE_040,0N110W,87.84411338449118,far_from_nominal
926,0,1984-03-25,0.0,-109.21,SITE_040,0N110W,87.84411338449118,far_from_nominal
927,0,1984-03-26,0.0,-109.21,SITE_040,0N110W,87.84411338449118,far_from_nominal
928,0,1984-03-27,0.0,-109.21,SITE_040,0N110W,87.84411338449118,far_from_nominal
929,0,1984-03-28,0.0,-109.21,SITE_040,0N110W,87.84411338449118,far_from_nominal
930,0,1984-03-29,0.0,-109.21,SITE_040,0N110W,87.84411338449118,far_from_nominal
931,0,1984-03-30,0.0,-109.21,SITE_040,0N110W,87.84411338449118,far_from_nominal
932,0,1984-03-31,0.0,-109.21,SITE_040,0N110W,87.84411338449118,far_from_nominal
933,0,1984-04-01,0.0,-109.21,SITE_040,0N110W,87.84411338449118,far_from_nominal
934,0,1984-04-02,0.0,-109.21,SITE_040,0N110W,87.84411338449118,far_from_nominal
935,0,1984-04-03,0.0,-109.21,SITE_040,0N110W,87.84411338449118,far_from_nominal
936,0,1984-04-04,0.0,-109.21,SITE_040,0N110W,87.84411338449118,far_from_nominal
937,0,1984-04-05,0.0,-109.21,SITE_040,0N110W,87.84411338449118,far_from_nominal
938,0,1984-04-06,0.0,-109.21,SITE_040,0N110W,87.84411338449118,far_from_nominal
939,0,1984-04-07,0.0,-109.21,SITE_040,0N110W,87.84411338449118,far_from_nominal
940,0,1984-04-08,0.0,-109.21,SITE_040,0N110W,87.84411338449118,far_from_nominal
941,0,1984-04-09,0.0,-109.21,SITE_040,0N110W,87.84411338449118,far_from_nominal
942,0,1984-04-10,0.0,-109.21,SITE_040,0N110W,87.84411338449118,far_from_nominal
943,0,1984-04-11,0.0,-109.21,SITE_040,0N110W,87.84411338449118,far_from_nominal
944,0,1984-04-12,0.0,-109.21,SITE_040,0N110W,87.84411338449118,far_from_nominal
945,0,1984-04-13,0.0,-109.21,SITE_040,0N110W,87.84411338449118,far_from_nominal
946,0,1984-04-14,0.0,-109.21,SITE_040,0N110W,87.84411338449118,far_from_nominal
947,0,1984-04-15,0.0,-109.21,SITE_040,0N110W,87.84411338449118,far_from_nominal
948,0,1984-04-16,0.0,-109.21,SITE_040,0N110W,87.84411338449118,far_from_nominal
949,0,1984-04-17,0.0,-109.21,SITE_040,0N110W,87.84411338449118,far_from_nominal
950,0,1984-04-18,0.0,-109.21,SITE_040,0N110W,87.84411338449118,far_from_nominal
2288,0,1988-07-03,-0.07,-109.99,,,,unassigned_drifting
4421,0,1994-05-06,0.25,-109.48,,,,unassigned_drifting
4422,0,1994-05-07,0.5,-108.57,,,,unassigned_drifting
4423,0,1994-05-08,0.58,-108.07,,,,unassigned_drifting
4424,0,1994-05-09,0.59,-107.7,,,,unassigned_drifting
4425,0,1994-05-10,0.5,-107.17,,,,unassigned_drifting
4426,0,1994-05-11,0.33,-106.78,,,,unassigned_drifting
4427,0,1994-05-12,0.34,-106.45,,,,unassigned_drifting
4428,0,1994-05-13,0.37,-106.18,,,,unassigned_drifting
4429,0,1994-05-14,-0.01,-109.98,,,,unassigned_drifting
4430,0,1994-05-15,0.35,-105.93,,,,unassigned_drifting
4431,0,1994-05-16,0.56,-105.87,,,,unassigned_drifting
4432,0,1994-05-17,0.85,-105.82,,,,unassigned_drifting
7271,1,1989-11-06,0.0,-125.0,,,,unassigned_drifting
7902,1,1991-12-03,0.0,-125.0,,,,unassigned_drifting
8219,1,1992-10-15,-0.02,-124.54,,,,unassigned_drifting
8408,1,1993-04-22,0.0,-125.0,,,,unassigned_noise
8409,1,1993-04-23,0.0,-125.0,,,,unassigned_noise
8410,1,1993-04-24,0.0,-125.0,,,,unassigned_noise
8411,1,1993-04-25,0.0,-125.0,,,,unassigned_noise
8412,1,1993-04-26,0.0,-125.0,,,,unassigned_noise
8413,1,1993-04-27,0.0,-125.0,,,,unassigned_noise
8414,1,1993-04-28,0.0,-125.0,,,,unassigned_noise
8415,1,1993-04-29,0.0,-125.0,,,,unassigned_noise
8416,1,1993-04-30,0.0,-125.0,,,,unassigned_noise
8417,1,1993-05-01,0.0,-125.0,,,,unassigned_noise
8570,1,1993-10-01,0.0,-125.0,,,,unassigned_noise
8571,1,1993-10-02,0.0,-125.0,,,,unassigned_noise
8912,1,1994-09-08,0.0,-125.0,,,,unassigned_drifting
9567,1,1996-06-24,0.0,-125.0,,,,unassigned_drifting
15603,4,1994-07-08,0.11,147.15,,,,unassigned_drifting
15604,4,1994-07-09,0.13,147.64,,,,unassigned_drifting
15605,4,1994-07-10,0.13,148.23,,,,unassigned_drifting
15606,4,1994-07-11,0.19,148.85,,,,unassigned_drifting
15607,4,1994-07-12,0.25,149.37,,,,unassigned_drifting
15608,4,1994-07-13,0.07,149.84,,,,unassigned_drifting
15609,4,1994-07-14,-0.23,150.36,,,,unassigned_drifting
15610,4,1994-07-15,-0.52,150.93,,,,unassigned_drifting
15611,4,1994-07-16,-0.79,151.69,,,,unassigned_noise
15843,4,1995-08-22,-0.05,146.89,,,,unassigned_drifting
15844,4,1995-08-23,-0.2,146.52,,,,unassigned_drifting
15845,4,1995-08-24,-0.4,146.06,,,,unassigned_drifting
15846,4,1995-08-25,-0.61,145.54,,,,unassigned_drifting
15847,4,1995-08-26,-0.71,144.98,,,,unassigned_drifting
15848,4,1995-08-27,-0.74,144.5,,,,unassigned_drifting
15849,4,1995-08-28,-0.74,144.0,,,,unassigned_drifting
15850,4,1995-08-29,-0.72,143.47,,,,unassigned_drifting
15851,4,1995-08-30,-0.83,142.94,,,,unassigned_drifting
15852,4,1995-08-31,-0.88,142.41,,,,unassigned_noise
17014,5,1993-04-30,0.26,154.31,,,,unassigned_noise
17015,5,1993-05-01,0.26,154.4,,,,unassigned_drifting
17016,5,1993-05-02,0.22,154.54,,,,unassigned_drifting
17017,5,1993-05-03,0.17,154.67,,,,unassigned_drifting
17018,5,1993-05-04,0.16,154.81,,,,unassigned_drifting
17019,5,1993-05-05,0.13,154.93,,,,unassigned_drifting
17020,5,1993-05-06,0.13,155.03,,,,unassigned_noise
17021,5,1993-05-07,0.17,155.11,,,,unassigned_noise
17022,5,1993-05-08,0.2,155.19,,,,unassigned_noise
17023,5,1993-05-09,0.16,155.29,,,,unassigned_drifting
17024,5,1993-05-10,0.1,155.39,,,,unassigned_drifting
17025,5,1993-05-11,0.03,155.51,,,,unassigned_drifting
17026,5,1993-05-12,-0.07,155.65,,,,unassigned_drifting
17027,5,1993-05-13,-0.17,155.82,,,,unassigned_drifting
17028,5,1993-05-14,-0.25,155.98,,,,unassigned_drifting
17029,5,1993-05-15,-0.3,156.16,,,,unassigned_drifting
17030,5,1993-05-16,-0.29,156.33,,,,unassigned_drifting
17031,5,1993-05-17,-0.25,156.49,,,,unassigned_drifting
17032,5,1993-05-18,-0.2,156.65,,,,unassigned_drifting
17033,5,1993-05-19,-0.14,156.81,,,,unassigned_drifting
17034,5,1993-05-20,-0.1,156.99,,,,unassigned_drifting
17035,5,1993-05-21,-0.07,157.18,,,,unassigned_drifting
17036,5,1993-05-22,-0.07,157.41,,,,unassigned_drifting
17037,5,1993-05-23,-0.1,157.63,,,,unassigned_drifting
17038,5,1993-05-24,-0.13,157.83,,,,unassigned_drifting
17039,5,1993-05-25,-0.11,158.01,,,,unassigned_drifting
17040,5,1993-05-26,-0.09,158.18,,,,unassigned_drifting
17041,5,1993-05-27,-0.07,158.32,,,,unassigned_drifting
17042,5,1993-05-28,-0.08,158.45,,,,unassigned_drifting
17043,5,1993-05-29,-0.07,158.55,,,,unassigned_drifting
17044,5,1993-05-30,-0.09,158.64,,,,unassigned_noise
17045,5,1993-05-31,-0.12,158.71,,,,unassigned_noise
17046,5,1993-06-01,-0.17,158.79,,,,unassigned_drifting
17047,5,1993-06-02,-0.23,158.86,,,,unassigned_noise
17438,6,1992-08-14,0.0,-154.0,,,,unassigned_drifting
19017,6,1996-12-10,0.0,-154.0,,,,unassigned_drifting
19355,6,1997-11-13,0.0,-154.0,,,,unassigned_drifting
19568,7,1991-08-29,-0.01,155.4,SITE_033,0N156E,66.72631341472884,far_from_nominal
19569,7,1991-08-30,-0.01,155.4,SITE_033,0N156E,66.72631341472884,far_from_nominal
19570,7,1991-08-31,-0.02,155.4,SITE_033,0N156E,66.75410152260194,far_from_nominal
19571,7,1991-09-01,-0.02,155.4,SITE_033,0N156E,66.75410152260194,far_from_nominal
19572,7,1991-09-02,-0.02,155.4,SITE_033,0N156E,66.75410152260194,far_from_nominal
19573,7,1991-09-03,-0.01,155.4,SITE_033,0N156E,66.72631341472884,far_from_nominal
19574,7,1991-09-04,-0.01,155.4,SITE_033,0N156E,66.72631341472884,far_from_nominal
19575,7,1991-09-05,-0.02,155.4,SITE_033,0N156E,66.75410152260194,far_from_nominal
19576,7,1991-09-06,-0.02,155.4,SITE_033,0N156E,66.75410152260194,far_from_nominal
19577,7,1991-09-07,-0.02,155.4,SITE_033,0N156E,66.75410152260194,far_from_nominal
19578,7,1991-09-08,-0.02,155.4,SITE_033,0N156E,66.75410152260194,far_from_nominal
19579,7,1991-09-09,-0.02,155.4,SITE_033,0N156E,66.75410152260194,far_from_nominal
19580,7,1991-09-10,-0.01,155.4,SITE_033,0N156E,66.72631341472884,far_from_nominal
19581,7,1991-09-11,-0.01,155.4,SITE_033,0N156E,66.72631341472884,far_from_nominal
19582,7,1991-09-12,-0.01,155.4,SITE_033,0N156E,66.72631341472884,far_from_nominal
19583,7,1991-09-13,-0.02,155.4,SITE_033,0N156E,66.75410152260194,far_from_nominal
19584,7,1991-09-14,-0.02,155.4,SITE_033,0N156E,66.75410152260194,far_from_nominal
19585,7,1991-09-15,-0.02,155.4,SITE_033,0N156E,66.75410152260194,far_from_nominal
19586,7,1991-09-16,-0.02,155.4,SITE_033,0N156E,66.75410152260194,far_from_nominal
19587,7,1991-09-17,-0.01,155.4,SITE_033,0N156E,66.72631341472884,far_from_nominal
19588,7,1991-09-18,-0.02,155.4,SITE_033,0N156E,66.75410152260194,far_from_nominal
19589,7,1991-09-19,-0.02,155.4,SITE_033,0N156E,66.75410152260194,far_from_nominal
19590,7,1991-09-20,-0.02,155.4,SITE_033,0N156E,66.75410152260194,far_from_nominal
19591,7,1991-09-21,-0.02,155.4,SITE_033,0N156E,66.75410152260194,far_from_nominal
19592,7,1991-09-22,-0.02,155.4,SITE_033,0N156E,66.75410152260194,far_from_nominal
19593,7,1991-09-23,-0.02,155.4,SITE_033,0N156E,66.75410152260194,far_from_nominal
19594,7,1991-09-24,-0.02,155.4,SITE_033,0N156E,66.75410152260194,far_from_nominal
19595,7,1991-09-25,-0.02,155.39,SITE_033,0N156E,67.86544517660067,far_from_nominal
19596,7,1991-09-26,-0.01,155.4,SITE_033,0N156E,66.72631341472884,far_from_nominal
19597,7,1991-09-27,-0.02,155.4,SITE_033,0N156E,66.75410152260194,far_from_nominal
19598,7,1991-09-28,-0.02,155.4,SITE_033,0N156E,66.75410152260194,far_from_nominal
19599,7,1991-09-29,-0.02,155.4,SITE_033,0N156E,66.75410152260194,far_from_nominal
19600,7,1991-09-30,-0.02,155.4,SITE_033,0N156E,66.75410152260194,far_from_nominal
19601,7,1991-10-01,-0.02,155.4,SITE_033,0N156E,66.75410152260194,far_from_nominal
19602,7,1991-10-02,-0.02,155.4,SITE_033,0N156E,66.75410152260194,far_from_nominal
19603,7,1991-10-03,-0.02,155.4,SITE_033,0N156E,66.75410152260194,far_from_nominal
19604,7,1991-10-04,-0.02,155.39,SITE_033,0N156E,67.86544517660067,far_from_nominal
19605,7,1991-10-05,-0.02,155.4,SITE_033,0N156E,66.75410152260194,far_from_nominal
19606,7,1991-10-06,-0.02,155.4,SITE_033,0N156E,66.75410152260194,far_from_nominal
19607,7,1991-10-07,-0.01,155.39,SITE_033,0N156E,67.83811233669738,far_from_nominal
19608,7,1991-10-08,-0.02,155.4,SITE_033,0N156E,66.75410152260194,far_from_nominal
19609,7,1991-10-09,-0.02,155.4,SITE_033,0N156E,66.75410152260194,far_from_nominal
19610,7,1991-10-10,-0.02,155.4,SITE_033,0N156E,66.75410152260194,far_from_nominal
19611,7,1991-10-11,-0.02,155.4,SITE_033,0N156E,66.75410152260194,far_from_nominal
19612,7,1991-10-12,-0.01,155.39,SITE_033,0N156E,67.83811233669738,far_from_nominal
19613,7,1991-10-13,-0.02,155.39,SITE_033,0N156E,67.86544517660067,far_from_nominal
19614,7,1991-10-14,-0.02,155.39,SITE_033,0N156E,67.86544517660067,far_from_nominal
19615,7,1991-10-15,-0.02,155.39,SITE_033,0N156E,67.86544517660067,far_from_nominal
19618,7,1992-03-04,0.0,155.0,,,,unassigned_drifting
19668,7,1992-04-23,0.0,156.0,,,,unassigned_drifting
19671,7,1992-04-26,0.02,156.46,SITE_033,0N156E,51.19805873061302,far_from_nominal
19672,7,1992-04-27,0.03,156.54,SITE_033,0N156E,60.13793176477863,far_from_nominal
19673,7,1992-04-28,0.03,156.63,,,,unassigned_drifting
19674,7,1992-04-29,-0.03,156.79,,,,unassigned_drifting
19675,7,1992-04-30,-0.1,156.92,,,,unassigned_drifting
19676,7,1992-05-01,-0.14,157.04,,,,unassigned_drifting
19677,7,1992-05-02,0.0,156.0,,,,unassigned_drifting
19678,7,1992-05-03,-0.21,157.28,,,,unassigned_drifting
19804,7,1992-09-06,0.21,155.8,,,,unassigned_drifting
19805,7,1992-09-07,0.38,155.65,,,,unassigned_drifting
19806,7,1992-09-08,0.46,155.53,,,,unassigned_drifting
19807,7,1992-09-09,0.56,155.43,,,,unassigned_drifting
19808,7,1992-09-10,0.65,155.43,,,,unassigned_noise
19809,7,1992-09-11,0.68,155.47,,,,unassigned_noise
19810,7,1992-09-12,1.08,155.48,,,,unassigned_noise
19811,7,1992-09-13,1.15,155.44,,,,unassigned_noise
19909,7,1992-12-20,0.01,156.15,,,,unassigned_drifting
19910,7,1992-12-21,0.01,156.51,,,,unassigned_drifting
19911,7,1992-12-22,-0.11,157.2,,,,unassigned_drifting
19912,7,1992-12-23,-0.2,157.68,,,,unassigned_noise
20583,7,1994-12-11,-0.17,156.58,,,,unassigned_drifting
20584,7,1994-12-12,-0.28,157.75,,,,unassigned_noise
21317,7,1997-07-21,-0.02,156.34,,,,unassigned_drifting
21319,7,1997-07-23,-0.02,156.45,SITE_033,0N156E,50.08718074470612,far_from_nominal
21320,7,1997-07-24,-0.01,156.46,SITE_033,0N156E,51.161821641924774,far_from_nominal
21321,7,1997-07-25,-0.02,156.45,SITE_033,0N156E,50.08718074470612,far_from_nominal
21322,7,1997-07-26,-0.02,156.45,SITE_033,0N156E,50.08718074470612,far_from_nominal
21323,7,1997-07-27,-0.02,156.46,SITE_033,0N156E,51.19805873061302,far_from_nominal
21324,7,1997-07-28,-0.02,156.46,SITE_033,0N156E,51.19805873061302,far_from_nominal
21325,7,1997-07-29,-0.02,156.45,SITE_033,0N156E,50.08718074470612,far_from_nominal
21326,7,1997-07-30,-0.01,156.45,SITE_033,0N156E,50.05013933509309,far_from_nominal
21327,7,1997-07-31,-0.02,156.45,SITE_033,0N156E,50.08718074470612,far_from_nominal
21328,7,1997-08-01,-0.02,156.46,SITE_033,0N156E,51.19805873061302,far_from_nominal
21329,7,1997-08-02,-0.02,156.46,SITE_033,0N156E,51.19805873061302,far_from_nominal
21330,7,1997-08-03,-0.02,156.45,SITE_033,0N156E,50.08718074470612,far_from_nominal
21331,7,1997-08-04,-0.02,156.45,SITE_033,0N156E,50.08718074470612,far_from_nominal
21332,7,1997-08-05,-0.01,156.45,SITE_033,0N156E,50.05013933509309,far_from_nominal
21333,7,1997-08-06,-0.02,156.46,SITE_033,0N156E,51.19805873061302,far_from_nominal
21334,7,1997-08-07,-0.02,156.45,SITE_033,0N156E,50.08718074470612,far_from_nominal
21335,7,1997-08-08,0.0,156.0,,,,unassigned_drifting
23194,10,1988-11-14,0.0,164.78,,,,unassigned_drifting
23195,10,1988-11-15,0.05,164.67,,,,unassigned_drifting
23196,10,1988-11-16,0.12,164.57,,,,unassigned_drifting
23197,10,1988-11-17,0.16,164.47,,,,unassigned_drifting
23198,10,1988-11-18,0.19,164.36,,,,unassigned_drifting
23199,10,1988-11-19,0.25,164.21,,,,unassigned_drifting
23200,10,1988-11-20,0.28,164.11,,,,unassigned_drifting
23201,10,1988-11-21,0.27,164.02,,,,unassigned_drifting
23202,10,1988-11-22,0.23,163.93,,,,unassigned_drifting
23203,10,1988-11-23,0.19,163.82,,,,unassigned_noise
23204,10,1988-11-24,0.14,163.76,,,,unassigned_noise
23205,10,1988-11-25,0.1,163.7,,,,unassigned_noise
23206,10,1988-11-26,0.09,163.66,,,,unassigned_noise
23207,10,1988-11-27,0.09,163.63,,,,unassigned_noise
23208,10,1988-11-28,0.09,163.61,,,,unassigned_noise
23209,10,1988-11-29,0.08,163.59,,,,unassigned_noise
23210,10,1988-11-30,0.07,163.56,,,,unassigned_noise
23211,10,1988-12-01,0.05,163.52,,,,unassigned_noise
23212,10,1988-12-02,0.0,163.44,,,,unassigned_drifting
23213,10,1988-12-03,-0.05,163.35,,,,unassigned_noise
23214,10,1988-12-04,-0.08,163.3,,,,unassigned_noise
23215,10,1988-12-05,-0.11,163.25,,,,unassigned_noise
23216,10,1988-12-06,-0.16,163.17,,,,unassigned_drifting
23217,10,1988-12-07,-0.19,163.06,,,,unassigned_noise
23218,10,1988-12-08,-0.21,162.99,,,,unassigned_noise
23219,10,1988-12-09,-0.24,162.92,,,,unassigned_noise
23220,10,1988-12-10,-0.27,162.83,,,,unassigned_noise
23221,10,1988-12-11,-0.31,162.75,,,,unassigned_noise
23222,10,1988-12-12,-0.32,162.69,,,,unassigned_noise
23223,10,1988-12-13,-0.33,162.65,,,,unassigned_noise
23224,10,1988-12-14,-0.35,162.63,,,,unassigned_noise
23225,10,1988-12-15,-0.39,162.61,,,,unassigned_noise
23226,10,1988-12-16,-0.43,162.58,,,,unassigned_noise
23227,10,1988-12-17,-0.46,162.55,,,,unassigned_noise
23228,10,1988-12-18,-0.51,162.52,,,,unassigned_noise
23229,10,1988-12-19,-0.54,162.48,,,,unassigned_noise
23230,10,1988-12-20,-0.56,162.47,,,,unassigned_noise
23231,10,1988-12-21,-0.61,162.45,,,,unassigned_noise
23232,10,1988-12-22,-0.64,162.7,,,,unassigned_drifting
23375,10,1989-05-14,-0.47,164.92,,,,unassigned_noise
23376,10,1989-05-15,-0.5,164.88,,,,unassigned_noise
23377,10,1989-05-16,-0.54,164.85,,,,unassigned_noise
23378,10,1989-05-17,-0.57,164.82,,,,unassigned_noise
24589,10,1992-11-06,0.26,165.0,,,,unassigned_drifting
24590,10,1992-11-07,0.62,165.15,,,,unassigned_drifting
24591,10,1992-11-08,0.89,165.44,,,,unassigned_drifting
24592,10,1992-11-09,1.06,165.89,,,,unassigned_drifting
24593,10,1992-11-10,0.97,166.46,,,,unassigned_drifting
24594,10,1992-11-11,0.84,167.09,,,,unassigned_drifting
24595,10,1992-11-12,0.62,167.69,,,,unassigned_drifting
24596,10,1992-11-13,0.45,168.12,,,,unassigned_drifting
24597,10,1992-11-14,0.33,168.59,,,,unassigned_drifting
24598,10,1992-11-15,0.39,169.26,,,,unassigned_drifting
24599,10,1992-11-16,0.58,169.9,,,,unassigned_drifting
24609,10,1992-12-22,-0.14,165.47,SITE_034,0N165E,54.53090633347417,far_from_nominal
24610,10,1992-12-23,-0.16,165.55,,,,unassigned_noise
24611,10,1992-12-24,-0.14,165.57,,,,unassigned_noise
24612,10,1992-12-25,-0.11,165.61,,,,unassigned_noise
24613,10,1992-12-26,-0.1,165.69,,,,unassigned_noise
24614,10,1992-12-27,-0.09,165.78,,,,unassigned_drifting
24615,10,1992-12-28,-0.06,165.9,,,,unassigned_noise
24616,10,1992-12-29,-0.05,165.95,,,,unassigned_noise
24617,10,1992-12-30,-0.04,166.02,,,,unassigned_noise
24618,10,1992-12-31,-0.04,166.13,,,,unassigned_drifting
24619,10,1993-01-01,-0.04,166.22,,,,unassigned_drifting
24620,10,1993-01-02,-0.06,166.35,,,,unassigned_drifting
24621,10,1993-01-03,-0.06,166.47,,,,unassigned_drifting
24622,10,1993-01-04,-0.04,166.56,,,,unassigned_drifting
24623,10,1993-01-05,0.02,166.65,,,,unassigned_drifting
24624,10,1993-01-06,0.08,166.72,,,,unassigned_noise
24625,10,1993-01-07,0.1,166.77,,,,unassigned_noise
24626,10,1993-01-08,0.09,166.81,,,,unassigned_noise
24627,10,1993-01-09,0.09,166.83,,,,unassigned_noise
24628,10,1993-01-10,0.06,166.82,,,,unassigned_noise
24629,10,1993-01-11,0.05,166.78,,,,unassigned_noise
24630,10,1993-01-12,0.07,166.76,,,,unassigned_noise
24631,10,1993-01-13,0.09,166.75,,,,unassigned_noise
24632,10,1993-01-14,0.12,166.73,,,,unassigned_noise
24633,10,1993-01-15,0.14,166.7,,,,unassigned_noise
24634,10,1993-01-16,0.15,166.67,,,,unassigned_noise
24635,10,1993-01-17,0.15,166.62,,,,unassigned_noise
24636,10,1993-01-18,0.12,166.57,,,,unassigned_noise
24637,10,1993-01-19,0.11,166.49,,,,unassigned_noise
24638,10,1993-01-20,0.11,166.41,,,,unassigned_noise
24639,10,1993-01-21,0.11,166.26,,,,unassigned_drifting
24640,10,1993-01-22,0.11,166.15,,,,unassigned_drifting
24641,10,1993-01-23,0.1,166.02,,,,unassigned_drifting
24642,10,1993-01-24,0.09,165.88,,,,unassigned_drifting
24643,10,1993-01-25,0.07,165.67,,,,unassigned_drifting
24644,10,1993-01-26,0.1,165.55,,,,unassigned_drifting
24645,10,1993-01-27,0.14,165.41,,,,unassigned_drifting
24648,10,1993-01-30,0.27,165.14,,,,unassigned_noise
24649,10,1993-01-31,0.28,165.11,,,,unassigned_noise
24652,10,1993-02-03,0.29,165.13,,,,unassigned_noise
24653,10,1993-02-04,0.34,165.14,,,,unassigned_noise
24654,10,1993-02-05,0.35,165.14,,,,unassigned_noise
24655,10,1993-02-06,0.35,165.14,,,,unassigned_noise
24656,10,1993-02-07,0.37,165.15,,,,unassigned_noise
24657,10,1993-02-08,0.37,165.16,,,,unassigned_noise
24658,10,1993-02-09,0.36,165.19,,,,unassigned_noise
24659,10,1993-02-10,0.36,165.22,,,,unassigned_noise
24660,10,1993-02-11,0.37,165.27,,,,unassigned_noise
24661,10,1993-02-12,0.35,165.33,,,,unassigned_noise
24662,10,1993-02-13,0.31,165.39,,,,unassigned_noise
24663,10,1993-02-14,0.28,165.44,,,,unassigned_noise
24664,10,1993-02-15,0.26,165.47,,,,unassigned_noise
24665,10,1993-02-16,0.26,165.51,,,,unassigned_noise
24666,10,1993-02-17,0.24,165.54,,,,unassigned_noise
24667,10,1993-02-18,0.24,165.57,,,,unassigned_noise
24668,10,1993-02-19,0.25,165.59,,,,unassigned_noise
24669,10,1993-02-20,0.27,165.63,,,,unassigned_noise
24670,10,1993-02-21,0.28,165.65,,,,unassigned_noise
24671,10,1993-02-22,0.32,165.66,,,,unassigned_noise
24672,10,1993-02-23,0.33,165.66,,,,unassigned_noise
24673,10,1993-02-24,0.32,165.67,,,,unassigned_noise
24674,10,1993-02-25,0.34,165.67,,,,unassigned_noise
24675,10,1993-02-26,0.35,165.67,,,,unassigned_noise
24676,10,1993-02-27,0.38,165.64,,,,unassigned_noise
24677,10,1993-02-28,0.38,165.63,,,,unassigned_noise
24678,10,1993-03-01,0.37,165.6,,,,unassigned_noise
24679,10,1993-03-02,0.35,165.57,,,,unassigned_noise
24680,10,1993-03-03,0.36,165.52,,,,unassigned_noise
24681,10,1993-03-04,0.37,165.5,,,,unassigned_noise
24682,10,1993-03-05,0.36,165.49,,,,unassigned_noise
24683,10,1993-03-06,0.34,165.5,,,,unassigned_noise
24684,10,1993-03-07,0.36,165.52,,,,unassigned_noise
24685,10,1993-03-08,0.38,165.54,,,,unassigned_noise
24686,10,1993-03-09,0.42,165.58,,,,unassigned_noise
24687,10,1993-03-10,0.47,165.65,,,,unassigned_noise
24688,10,1993-03-11,0.53,165.74,,,,unassigned_drifting
24689,10,1993-03-12,0.65,165.88,,,,unassigned_drifting
24690,10,1993-03-13,0.71,165.95,,,,unassigned_noise
24691,10,1993-03-14,0.76,166.01,,,,unassigned_noise
25611,10,1996-02-06,0.04,164.7,,,,unassigned_drifting
25612,10,1996-02-07,0.07,164.48,,,,unassigned_drifting
25613,10,1996-02-08,0.1,164.24,,,,unassigned_drifting
25614,10,1996-02-09,0.11,164.0,,,,unassigned_drifting
25615,10,1996-02-10,0.14,163.77,,,,unassigned_drifting
25616,10,1996-02-11,0.13,163.48,,,,unassigned_drifting
25617,10,1996-02-12,0.13,163.37,,,,unassigned_drifting
25618,10,1996-02-13,0.13,163.22,,,,unassigned_drifting
25619,10,1996-02-14,0.09,163.0,,,,unassigned_drifting
25620,10,1996-02-15,0.06,162.86,,,,unassigned_drifting
25621,10,1996-02-16,0.05,162.63,,,,unassigned_drifting
25622,10,1996-02-17,0.04,162.51,,,,unassigned_drifting
25623,10,1996-02-18,-0.01,162.34,,,,unassigned_drifting
25624,10,1996-02-19,-0.08,162.11,,,,unassigned_drifting
25625,10,1996-02-20,-0.1,161.98,,,,unassigned_drifting
25626,10,1996-02-21,-0.16,161.87,,,,unassigned_drifting
25627,10,1996-02-22,-0.22,161.73,,,,unassigned_drifting
25628,10,1996-02-23,-0.26,161.6,,,,unassigned_drifting
25629,10,1996-02-24,-0.26,161.44,,,,unassigned_drifting
25630,10,1996-02-25,-0.29,161.27,,,,unassigned_drifting
25631,10,1996-02-26,-0.32,161.15,,,,unassigned_drifting
25632,10,1996-02-27,-0.33,161.05,,,,unassigned_drifting
25633,10,1996-02-28,-0.33,160.93,,,,unassigned_drifting
25634,10,1996-02-29,-0.33,160.8,,,,unassigned_drifting
25635,10,1996-03-01,-0.35,160.7,,,,unassigned_drifting
25636,10,1996-03-02,-0.42,160.64,,,,unassigned_noise
25637,10,1996-03-03,-0.47,160.62,,,,unassigned_noise
25638,10,1996-03-04,-0.6,160.73,,,,unassigned_noise
25639,10,1996-03-05,-0.65,160.78,,,,unassigned_noise
25640,10,1996-03-06,-0.73,160.85,,,,unassigned_noise
25641,10,1996-03-07,-0.8,160.88,,,,unassigned_noise
25642,10,1996-03-08,-0.76,160.84,,,,unassigned_noise
25643,10,1996-03-09,-0.73,160.74,,,,unassigned_drifting
25644,10,1996-03-10,-0.68,160.64,,,,unassigned_drifting
25645,10,1996-03-11,-0.61,160.53,,,,unassigned_drifting
25646,10,1996-03-12,-0.52,160.36,,,,unassigned_drifting
25647,10,1996-03-13,-0.5,160.14,,,,unassigned_noise
26675,11,1993-04-02,-0.08,169.55,,,,unassigned_noise
26676,11,1993-04-03,-0.1,169.52,,,,unassigned_noise
26677,11,1993-04-04,-0.1,169.48,,,,unassigned_noise
26678,11,1993-04-05,-0.1,169.45,,,,unassigned_noise
26679,11,1993-04-06,-0.09,169.43,,,,unassigned_noise
26680,11,1993-04-07,-0.08,169.4,,,,unassigned_noise
26681,11,1993-04-08,-0.06,169.4,,,,unassigned_noise
26682,11,1993-04-09,-0.02,169.42,,,,unassigned_noise
26683,11,1993-04-10,-0.01,169.42,,,,unassigned_noise
26684,11,1993-04-11,0.0,169.43,,,,unassigned_noise
26685,11,1993-04-12,0.02,169.44,,,,unassigned_noise
26686,11,1993-04-13,0.03,169.46,,,,unassigned_noise
26687,11,1993-04-14,0.05,169.49,,,,unassigned_noise
26688,11,1993-04-15,0.06,169.55,SITE_035,0N170E,50.48059793808065,far_from_nominal
26689,11,1993-04-16,0.08,169.64,,,,unassigned_drifting
26690,11,1993-04-17,0.1,169.75,,,,unassigned_drifting
26691,11,1993-04-18,0.11,169.87,,,,unassigned_drifting
26765,11,1993-07-01,0.26,170.39,SITE_035,0N170E,52.11941939940961,far_from_nominal
26766,11,1993-07-02,0.31,170.39,SITE_035,0N170E,55.396861765681656,far_from_nominal
26767,11,1993-07-03,0.34,170.4,SITE_035,0N170E,58.3745706626477,far_from_nominal
26768,11,1993-07-04,0.39,170.41,SITE_035,0N170E,62.92083476105071,far_from_nominal
26769,11,1993-07-05,0.41,170.42,SITE_035,0N170E,65.264691244271,far_from_nominal
26770,11,1993-07-06,0.42,170.43,SITE_035,0N170E,66.83709458945155,far_from_nominal
26771,11,1993-07-07,0.42,170.45,SITE_035,0N170E,68.44564122445391,far_from_nominal
26772,11,1993-07-08,0.42,170.44,SITE_035,0N170E,67.6370098056775,far_from_nominal
26773,11,1993-07-09,0.42,170.45,SITE_035,0N170E,68.44564122445391,far_from_nominal
26774,11,1993-07-10,0.4,170.47,SITE_035,0N170E,68.6260516689936,far_from_nominal
26775,11,1993-07-11,0.39,170.5,SITE_035,0N170E,70.5099690407788,far_from_nominal
26776,11,1993-07-12,0.38,170.52,SITE_035,0N170E,71.6148144248476,far_from_nominal
26777,11,1993-07-13,0.39,170.54,SITE_035,0N170E,74.06756765518244,far_from_nominal
26778,11,1993-07-14,0.4,170.54,SITE_035,0N170E,74.72402571153668,far_from_nominal
26779,11,1993-07-15,0.4,170.54,SITE_035,0N170E,74.72402571153668,far_from_nominal
26780,11,1993-07-16,0.41,170.53,SITE_035,0N170E,74.50860361117347,far_from_nominal
26781,11,1993-07-17,0.41,170.53,SITE_035,0N170E,74.50860361117347,far_from_nominal
26782,11,1993-07-18,0.41,170.52,SITE_035,0N170E,73.6322524201348,far_from_nominal
26783,11,1993-07-19,0.4,170.5,SITE_035,0N170E,71.19923866810751,far_from_nominal
26784,11,1993-07-20,0.4,170.51,SITE_035,0N170E,72.07086409449548,far_from_nominal
26785,11,1993-07-21,0.4,170.52,SITE_035,0N170E,72.94902428911357,far_from_nominal
26786,11,1993-07-22,0.42,170.53,SITE_035,0N170E,75.19410319750004,far_from_nominal
26787,11,1993-07-23,0.42,170.56,SITE_035,0N170E,77.83611002341529,far_from_nominal
26788,11,1993-07-24,0.45,170.59,SITE_035,0N170E,82.50891064584646,far_from_nominal
26789,11,1993-07-25,0.44,170.62,SITE_035,0N170E,84.53696516424803,far_from_nominal
26790,11,1993-07-26,0.45,170.64,SITE_035,0N170E,86.99489623709108,far_from_nominal
26791,11,1993-07-27,0.45,170.66,SITE_035,0N170E,88.82329848474332,far_from_nominal
26792,11,1993-07-28,0.41,170.68,SITE_035,0N170E,88.29282236976653,far_from_nominal
26793,11,1993-07-29,0.4,170.71,SITE_035,0N170E,90.6149040107573,far_from_nominal
26794,11,1993-07-30,0.41,170.71,SITE_035,0N170E,91.16582091988556,far_from_nominal
26795,11,1993-07-31,0.41,170.72,SITE_035,0N170E,92.13041860272371,far_from_nominal
26796,11,1993-08-01,0.44,170.73,SITE_035,0N170E,94.77640922543982,far_from_nominal
26797,11,1993-08-02,0.46,170.71,SITE_035,0N170E,94.06927457193328,far_from_nominal
26798,11,1993-08-03,0.48,170.72,SITE_035,0N170E,96.2199159833477,far_from_nominal
26799,11,1993-08-04,0.48,170.72,SITE_035,0N170E,96.2199159833477,far_from_nominal
26800,11,1993-08-05,0.48,170.71,SITE_035,0N170E,95.29672723886989,far_from_nominal
26801,11,1993-08-06,0.49,170.72,SITE_035,0N170E,96.84110735403544,far_from_nominal
26802,11,1993-08-07,0.5,170.71,SITE_035,0N170E,96.55980010729378,far_from_nominal
26803,11,1993-08-08,0.52,170.71,SITE_035,0N170E,97.85711390313662,far_from_nominal
26804,11,1993-08-09,0.53,170.72,SITE_035,0N170E,99.41146226882421,far_from_nominal
26805,11,1993-08-10,0.55,170.74,SITE_035,0N170E,102.52181451958357,far_from_nominal
26806,11,1993-08-11,0.57,170.76,SITE_035,0N170E,105.63421102226705,far_from_nominal
26807,11,1993-08-12,0.56,170.8,SITE_035,0N170E,108.58355417890841,far_from_nominal
26808,11,1993-08-13,0.52,170.88,SITE_035,0N170E,113.65740480007577,far_from_nominal
26809,11,1993-08-14,0.45,170.96,SITE_035,0N170E,117.89201366131945,far_from_nominal
26810,11,1993-08-15,0.39,171.01,SITE_035,0N170E,120.38808673429749,far_from_nominal
26811,11,1993-08-16,0.37,171.03,SITE_035,0N170E,121.69564961897383,far_from_nominal
26812,11,1993-08-17,0.43,171.05,SITE_035,0N170E,126.16498299679105,far_from_nominal
26813,11,1993-08-18,0.48,171.06,SITE_035,0N170E,129.38701358695076,far_from_nominal
26814,11,1993-08-19,0.5,171.08,SITE_035,0N170E,132.3347776795602,far_from_nominal
26815,11,1993-08-20,0.5,171.08,SITE_035,0N170E,132.3347776795602,far_from_nominal
26816,11,1993-08-21,0.5,171.06,SITE_035,0N170E,130.32003995744648,far_from_nominal
26817,11,1993-08-22,0.5,171.06,SITE_035,0N170E,130.32003995744648,far_from_nominal
26818,11,1993-08-23,0.5,171.05,SITE_035,0N170E,129.3152417142097,far_from_nominal
26819,11,1993-08-24,0.51,171.03,SITE_035,0N170E,127.8004477667573,far_from_nominal
26820,11,1993-08-25,0.52,171.01,SITE_035,0N170E,126.31643611387248,far_from_nominal
26821,11,1993-08-26,0.55,171.02,SITE_035,0N170E,128.85528679234642,far_from_nominal
26822,11,1993-08-27,0.56,170.99,SITE_035,0N170E,126.47279691911619,far_from_nominal
26823,11,1993-08-28,0.56,170.97,SITE_035,0N170E,124.54196656868609,far_from_nominal
26824,11,1993-08-29,0.56,170.95,SITE_035,0N170E,122.62106537921113,far_from_nominal
26825,11,1993-08-30,0.57,170.92,SITE_035,0N170E,120.34123590889122,far_from_nominal
26826,11,1993-08-31,0.56,170.88,SITE_035,0N170E,115.98320311926776,far_from_nominal
26827,11,1993-09-01,0.56,170.83,SITE_035,0N170E,111.33276920038935,far_from_nominal
26828,11,1993-09-02,0.56,170.78,SITE_035,0N170E,106.76931839457727,far_from_nominal
26829,11,1993-09-03,0.56,170.72,SITE_035,0N170E,101.42451211414041,far_from_nominal
26830,11,1993-09-04,0.58,170.68,SITE_035,0N170E,99.38030079954802,far_from_nominal
26831,11,1993-09-05,0.59,170.64,SITE_035,0N170E,96.78990575013825,far_from_nominal
26832,11,1993-09-06,0.59,170.61,SITE_035,0N170E,94.36439622001826,far_from_nominal
26833,11,1993-09-07,0.6,170.57,SITE_035,0N170E,92.02278869298739,far_from_nominal
26834,11,1993-09-08,0.6,170.54,SITE_035,0N170E,89.75787415173413,far_from_nominal
26835,11,1993-09-09,0.6,170.51,SITE_035,0N170E,87.56148305407639,far_from_nominal
26836,11,1993-09-10,0.59,170.46,SITE_035,0N170E,83.18793125420153,far_from_nominal
26837,11,1993-09-11,0.6,170.42,SITE_035,0N170E,81.43804636501474,far_from_nominal
26838,11,1993-09-12,0.6,170.38,SITE_035,0N170E,78.9715821743941,far_from_nominal
26839,11,1993-09-13,0.6,170.36,SITE_035,0N170E,77.80440322682716,far_from_nominal
26840,11,1993-09-14,0.62,170.26,SITE_035,0N170E,74.75728531915088,far_from_nominal
26841,11,1993-09-15,0.6,170.29,SITE_035,0N170E,74.10106604657679,far_from_nominal
26842,11,1993-09-16,0.61,170.25,SITE_035,0N170E,73.30426670138436,far_from_nominal
26843,11,1993-09-17,0.6,170.14,,,,unassigned_drifting
26844,11,1993-09-18,0.6,170.04,,,,unassigned_noise
26845,11,1993-09-19,0.6,170.01,,,,unassigned_noise
26846,11,1993-09-20,0.61,169.95,,,,unassigned_noise
26847,11,1993-09-21,0.61,169.9,,,,unassigned_noise
26848,11,1993-09-22,0.59,169.83,,,,unassigned_noise
26849,11,1993-09-23,0.58,169.76,,,,unassigned_noise
26850,11,1993-09-24,0.57,169.71,,,,unassigned_noise
26851,11,1993-09-25,0.55,169.66,,,,unassigned_noise
26852,11,1993-09-26,0.55,169.63,,,,unassigned_noise
26853,11,1993-09-27,0.55,169.57,,,,unassigned_noise
26854,11,1993-09-28,0.54,169.51,,,,unassigned_noise
26855,11,1993-09-29,0.54,169.44,,,,unassigned_noise
26856,11,1993-09-30,0.53,169.37,,,,unassigned_noise
26857,11,1993-10-01,0.51,169.33,,,,unassigned_noise
26858,11,1993-10-02,0.47,169.26,,,,unassigned_noise
26859,11,1993-10-03,0.43,169.21,,,,unassigned_noise
26860,11,1993-10-04,0.42,169.16,,,,unassigned_noise
26861,11,1993-10-05,0.4,169.12,,,,unassigned_noise
26862,12,1988-05-16,0.03,-169.49,SITE_037,0N170W,56.807516911862685,far_from_nominal
26863,12,1988-05-17,0.03,-169.49,SITE_037,0N170W,56.807516911862685,far_from_nominal
26864,12,1988-05-18,0.03,-169.49,SITE_037,0N170W,56.807516911862685,far_from_nominal
26865,12,1988-05-19,0.03,-169.49,SITE_037,0N170W,56.807516911862685,far_from_nominal
26866,12,1988-05-20,0.02,-169.5,SITE_037,0N170W,55.64199924369912,far_from_nominal
26867,12,1988-05-21,0.03,-169.48,SITE_037,0N170W,57.91758565837718,far_from_nominal
26868,12,1988-05-22,0.03,-169.49,SITE_037,0N170W,56.807516911862685,far_from_nominal
26869,12,1988-05-23,0.03,-169.48,SITE_037,0N170W,57.91758565837718,far_from_nominal
26870,12,1988-05-24,0.03,-169.49,SITE_037,0N170W,56.807516911862685,far_from_nominal
26871,12,1988-05-25,0.03,-169.49,SITE_037,0N170W,56.807516911862685,far_from_nominal
26872,12,1988-05-26,0.03,-169.49,SITE_037,0N170W,56.807516911862685,far_from_nominal
26873,12,1988-05-27,0.04,-169.48,SITE_037,0N170W,57.99225407731118,far_from_nominal
26874,12,1988-05-28,0.03,-169.49,SITE_037,0N170W,56.807516911862685,far_from_nominal
26875,12,1988-05-29,0.03,-169.49,SITE_037,0N170W,56.807516911862685,far_from_nominal
26876,12,1988-05-30,0.03,-169.48,SITE_037,0N170W,57.91758565837718,far_from_nominal
26877,12,1988-05-31,0.03,-169.49,SITE_037,0N170W,56.807516911862685,far_from_nominal
26878,12,1988-06-01,0.03,-169.49,SITE_037,0N170W,56.807516911862685,far_from_nominal
26879,12,1988-06-02,0.04,-169.49,SITE_037,0N170W,56.88364256282754,far_from_nominal
26880,12,1988-06-03,0.03,-169.49,SITE_037,0N170W,56.807516911862685,far_from_nominal
26881,12,1988-06-04,0.03,-169.48,SITE_037,0N170W,57.91758565837718,far_from_nominal
26882,12,1988-06-05,0.03,-169.48,SITE_037,0N170W,57.91758565837718,far_from_nominal
26883,12,1988-06-06,0.03,-169.48,SITE_037,0N170W,57.91758565837718,far_from_nominal
26884,12,1988-06-07,0.03,-169.48,SITE_037,0N170W,57.91758565837718,far_from_nominal
26885,12,1988-06-08,0.03,-169.48,SITE_037,0N170W,57.91758565837718,far_from_nominal
26886,12,1988-06-09,0.03,-169.48,SITE_037,0N170W,57.91758565837718,far_from_nominal
26887,12,1988-06-10,0.03,-169.49,SITE_037,0N170W,56.807516911862685,far_from_nominal
26888,12,1988-06-11,0.03,-169.48,SITE_037,0N170W,57.91758565837718,far_from_nominal
26889,12,1988-06-12,0.02,-169.49,SITE_037,0N170W,56.753078929971636,far_from_nominal
26890,12,1988-06-13,0.03,-169.49,SITE_037,0N170W,56.807516911862685,far_from_nominal
26891,12,1988-06-14,0.03,-169.49,SITE_037,0N170W,56.807516911862685,far_from_nominal
26892,12,1988-06-15,0.03,-169.49,SITE_037,0N170W,56.807516911862685,far_from_nominal
26893,12,1988-06-16,0.03,-169.49,SITE_037,0N170W,56.807516911862685,far_from_nominal
26894,12,1988-06-17,0.03,-169.49,SITE_037,0N170W,56.807516911862685,far_from_nominal
26895,12,1988-06-18,0.02,-169.49,SITE_037,0N170W,56.753078929971636,far_from_nominal
26896,12,1988-06-19,0.03,-169.49,SITE_037,0N170W,56.807516911862685,far_from_nominal
26897,12,1988-06-20,0.03,-169.49,SITE_037,0N170W,56.807516911862685,far_from_nominal
26898,12,1988-06-21,0.03,-169.49,SITE_037,0N170W,56.807516911862685,far_from_nominal
26899,12,1988-06-22,0.03,-169.48,SITE_037,0N170W,57.91758565837718,far_from_nominal
26900,12,1988-06-23,0.03,-169.49,SITE_037,0N170W,56.807516911862685,far_from_nominal
26901,12,1988-06-24,0.03,-169.49,SITE_037,0N170W,56.807516911862685,far_from_nominal
26902,12,1988-06-25,0.03,-169.48,SITE_037,0N170W,57.91758565837718,far_from_nominal
26903,12,1988-06-26,0.03,-169.49,SITE_037,0N170W,56.807516911862685,far_from_nominal
26904,12,1988-06-27,0.03,-169.49,SITE_037,0N170W,56.807516911862685,far_from_nominal
26905,12,1988-06-28,0.04,-169.49,SITE_037,0N170W,56.88364256282754,far_from_nominal
26906,12,1988-06-29,0.03,-169.49,SITE_037,0N170W,56.807516911862685,far_from_nominal
26907,12,1988-06-30,0.03,-169.49,SITE_037,0N170W,56.807516911862685,far_from_nominal
26908,12,1988-07-01,0.04,-169.49,SITE_037,0N170W,56.88364256282754,far_from_nominal
26909,12,1988-07-02,0.03,-169.49,SITE_037,0N170W,56.807516911862685,far_from_nominal
26910,12,1988-07-03,0.03,-169.48,SITE_037,0N170W,57.91758565837718,far_from_nominal
26911,12,1988-07-04,0.03,-169.49,SITE_037,0N170W,56.807516911862685,far_from_nominal
26912,12,1988-07-05,0.03,-169.49,SITE_037,0N170W,56.807516911862685,far_from_nominal
26913,12,1988-07-06,0.03,-169.48,SITE_037,0N170W,57.91758565837718,far_from_nominal
26914,12,1988-07-07,0.03,-169.48,SITE_037,0N170W,57.91758565837718,far_from_nominal
26915,12,1988-07-08,0.02,-169.49,SITE_037,0N170W,56.753078929971636,far_from_nominal
26916,12,1988-07-09,0.03,-169.49,SITE_037,0N170W,56.807516911862685,far_from_nominal
26917,12,1988-07-10,0.03,-169.49,SITE_037,0N170W,56.807516911862685,far_from_nominal
26918,12,1988-07-11,0.02,-169.49,SITE_037,0N170W,56.753078929971636,far_from_nominal
26919,12,1988-07-12,0.03,-169.49,SITE_037,0N170W,56.807516911862685,far_from_nominal
26920,12,1988-07-13,0.03,-169.49,SITE_037,0N170W,56.807516911862685,far_from_nominal
26921,12,1988-07-14,0.03,-169.49,SITE_037,0N170W,56.807516911862685,far_from_nominal
26922,12,1988-07-15,0.03,-169.48,SITE_037,0N170W,57.91758565837718,far_from_nominal
26923,12,1988-07-16,0.03,-169.49,SITE_037,0N170W,56.807516911862685,far_from_nominal
26924,12,1988-07-17,0.04,-169.49,SITE_037,0N170W,56.88364256282754,far_from_nominal
26925,12,1988-07-18,0.03,-169.49,SITE_037,0N170W,56.807516911862685,far_from_nominal
26926,12,1988-07-19,0.03,-169.49,SITE_037,0N170W,56.807516911862685,far_from_nominal
26927,12,1988-07-20,0.04,-169.49,SITE_037,0N170W,56.88364256282754,far_from_nominal
26928,12,1988-07-21,0.04,-169.49,SITE_037,0N170W,56.88364256282754,far_from_nominal
26929,12,1988-07-22,0.03,-169.49,SITE_037,0N170W,56.807516911862685,far_from_nominal
26930,12,1988-07-23,0.04,-169.49,SITE_037,0N170W,56.88364256282754,far_from_nominal
26931,12,1988-07-24,0.03,-169.49,SITE_037,0N170W,56.807516911862685,far_from_nominal
26932,12,1988-07-25,0.04,-169.49,SITE_037,0N170W,56.88364256282754,far_from_nominal
26933,12,1988-07-26,0.03,-169.49,SITE_037,0N170W,56.807516911862685,far_from_nominal
26934,12,1988-07-27,0.03,-169.49,SITE_037,0N170W,56.807516911862685,far_from_nominal
26935,12,1988-07-28,0.04,-169.49,SITE_037,0N170W,56.88364256282754,far_from_nominal
26936,12,1988-07-29,0.04,-169.49,SITE_037,0N170W,56.88364256282754,far_from_nominal
26937,12,1988-07-30,0.03,-169.49,SITE_037,0N170W,56.807516911862685,far_from_nominal
26938,12,1988-07-31,0.03,-169.49,SITE_037,0N170W,56.807516911862685,far_from_nominal
26939,12,1988-08-01,0.03,-169.49,SITE_037,0N170W,56.807516911862685,far_from_nominal
26940,12,1988-08-02,0.03,-169.49,SITE_037,0N170W,56.807516911862685,far_from_nominal
26941,12,1988-08-03,0.02,-169.49,SITE_037,0N170W,56.753078929971636,far_from_nominal
26942,12,1988-08-04,0.02,-169.49,SITE_037,0N170W,56.753078929971636,far_from_nominal
26943,12,1988-08-05,0.03,-169.49,SITE_037,0N170W,56.807516911862685,far_from_nominal
26944,12,1988-08-06,0.02,-169.5,SITE_037,0N170W,55.64199924369912,far_from_nominal
26945,12,1988-08-07,0.02,-169.5,SITE_037,0N170W,55.64199924369912,far_from_nominal
26946,12,1988-08-08,0.01,-169.51,SITE_037,0N170W,54.49693429344489,far_from_nominal
26947,12,1988-08-09,0.02,-169.49,SITE_037,0N170W,56.753078929971636,far_from_nominal
26948,12,1988-08-10,0.03,-169.49,SITE_037,0N170W,56.807516911862685,far_from_nominal
26949,12,1988-08-11,0.02,-169.5,SITE_037,0N170W,55.64199924369912,far_from_nominal
26950,12,1988-08-12,0.02,-169.49,SITE_037,0N170W,56.753078929971636,far_from_nominal
26951,12,1988-08-13,0.03,-169.49,SITE_037,0N170W,56.807516911862685,far_from_nominal
26952,12,1988-08-14,0.03,-169.49,SITE_037,0N170W,56.807516911862685,far_from_nominal
26953,12,1988-08-15,0.03,-169.49,SITE_037,0N170W,56.807516911862685,far_from_nominal
26954,12,1988-08-16,0.03,-169.49,SITE_037,0N170W,56.807516911862685,far_from_nominal
26955,12,1988-08-17,0.04,-169.49,SITE_037,0N170W,56.88364256282754,far_from_nominal
26956,12,1988-08-18,0.03,-169.49,SITE_037,0N170W,56.807516911862685,far_from_nominal
26957,12,1988-08-19,0.03,-169.49,SITE_037,0N170W,56.807516911862685,far_from_nominal
26958,12,1988-08-20,0.03,-169.5,SITE_037,0N170W,55.697523246872954,far_from_nominal
26959,12,1988-08-21,0.02,-169.49,SITE_037,0N170W,56.753078929971636,far_from_nominal
26960,12,1988-08-22,0.02,-169.5,SITE_037,0N170W,55.64199924369912,far_from_nominal
26961,12,1988-08-23,0.01,-169.51,SITE_037,0N170W,54.49693429344489,far_from_nominal
26962,12,1988-08-24,0.02,-169.51,SITE_037,0N170W,54.53095506877633,far_from_nominal
26963,12,1988-08-25,0.03,-169.51,SITE_037,0N170W,54.587609243560536,far_from_nominal
26964,12,1988-08-26,0.01,-169.5,SITE_037,0N170W,55.60865823085222,far_from_nominal
26965,12,1988-08-27,0.01,-169.51,SITE_037,0N170W,54.49693429344489,far_from_nominal
26966,12,1988-08-28,0.02,-169.49,SITE_037,0N170W,56.753078929971636,far_from_nominal
26967,12,1988-08-29,0.02,-169.5,SITE_037,0N170W,55.64199924369912,far_from_nominal
26968,12,1988-08-30,0.03,-169.49,SITE_037,0N170W,56.807516911862685,far_from_nominal
26969,12,1988-08-31,0.03,-169.49,SITE_037,0N170W,56.807516911862685,far_from_nominal
26970,12,1988-09-01,0.03,-169.49,SITE_037,0N170W,56.807516911862685,far_from_nominal
26971,12,1988-09-02,0.04,-169.49,SITE_037,0N170W,56.88364256282754,far_from_nominal
26972,12,1988-09-03,0.04,-169.49,SITE_037,0N170W,56.88364256282754,far_from_nominal
26973,12,1988-09-04,0.03,-169.49,SITE_037,0N170W,56.807516911862685,far_from_nominal
26974,12,1988-09-05,0.04,-169.49,SITE_037,0N170W,56.88364256282754,far_from_nominal
26975,12,1988-09-06,0.04,-169.49,SITE_037,0N170W,56.88364256282754,far_from_nominal
26976,12,1988-09-07,0.04,-169.49,SITE_037,0N170W,56.88364256282754,far_from_nominal
26977,12,1988-09-08,0.04,-169.49,SITE_037,0N170W,56.88364256282754,far_from_nominal
26978,12,1988-09-09,0.04,-169.48,SITE_037,0N170W,57.99225407731118,far_from_nominal
26979,12,1988-09-10,0.04,-169.49,SITE_037,0N170W,56.88364256282754,far_from_nominal
26980,12,1988-09-11,0.04,-169.49,SITE_037,0N170W,56.88364256282754,far_from_nominal
26981,12,1988-09-12,0.04,-169.49,SITE_037,0N170W,56.88364256282754,far_from_nominal
26982,12,1988-09-13,0.03,-169.49,SITE_037,0N170W,56.807516911862685,far_from_nominal
26983,12,1988-09-14,0.03,-169.49,SITE_037,0N170W,56.807516911862685,far_from_nominal
26984,12,1988-09-15,0.03,-169.49,SITE_037,0N170W,56.807516911862685,far_from_nominal
26985,12,1988-09-16,0.02,-169.49,SITE_037,0N170W,56.753078929971636,far_from_nominal
26986,12,1988-09-17,0.02,-169.49,SITE_037,0N170W,56.753078929971636,far_from_nominal
26987,12,1988-09-18,0.02,-169.49,SITE_037,0N170W,56.753078929971636,far_from_nominal
26988,12,1988-09-19,0.02,-169.49,SITE_037,0N170W,56.753078929971636,far_from_nominal
26989,12,1988-09-20,0.02,-169.49,SITE_037,0N170W,56.753078929971636,far_from_nominal
26990,12,1988-09-21,0.03,-169.49,SITE_037,0N170W,56.807516911862685,far_from_nominal
26991,12,1988-09-22,0.02,-169.5,SITE_037,0N170W,55.64199924369912,far_from_nominal
26992,12,1988-09-23,0.02,-169.49,SITE_037,0N170W,56.753078929971636,far_from_nominal
26993,12,1988-09-24,0.02,-169.49,SITE_037,0N170W,56.753078929971636,far_from_nominal
26994,12,1988-09-25,0.02,-169.5,SITE_037,0N170W,55.64199924369912,far_from_nominal
26995,12,1988-09-26,0.03,-169.5,SITE_037,0N170W,55.697523246872954,far_from_nominal
26996,12,1988-09-27,0.03,-169.5,SITE_037,0N170W,55.697523246872954,far_from_nominal
26997,12,1988-09-28,0.03,-169.5,SITE_037,0N170W,55.697523246872954,far_from_nominal
26998,12,1988-09-29,0.04,-169.5,SITE_037,0N170W,55.77516399111833,far_from_nominal
26999,12,1988-09-30,0.04,-169.5,SITE_037,0N170W,55.77516399111833,far_from_nominal
27000,12,1988-10-01,0.04,-169.49,SITE_037,0N170W,56.88364256282754,far_from_nominal
27001,12,1988-10-02,0.04,-169.49,SITE_037,0N170W,56.88364256282754,far_from_nominal
27002,12,1988-10-03,0.04,-169.5,SITE_037,0N170W,55.77516399111833,far_from_nominal
27003,12,1988-10-04,0.03,-169.49,SITE_037,0N170W,56.807516911862685,far_from_nominal
27004,12,1988-10-05,0.03,-169.49,SITE_037,0N170W,56.807516911862685,far_from_nominal
27005,12,1988-10-06,0.02,-169.5,SITE_037,0N170W,55.64199924369912,far_from_nominal
27006,12,1988-10-07,0.01,-169.5,SITE_037,0N170W,55.60865823085222,far_from_nominal
27007,12,1988-10-08,0.02,-169.49,SITE_037,0N170W,56.753078929971636,far_from_nominal
27008,12,1988-10-09,0.02,-169.49,SITE_037,0N170W,56.753078929971636,far_from_nominal
27009,12,1988-10-10,0.03,-169.49,SITE_037,0N170W,56.807516911862685,far_from_nominal
27010,12,1988-10-11,0.03,-169.49,SITE_037,0N170W,56.807516911862685,far_from_nominal
27011,12,1988-10-12,0.03,-169.49,SITE_037,0N170W,56.807516911862685,far_from_nominal
27012,12,1988-10-13,0.03,-169.49,SITE_037,0N170W,56.807516911862685,far_from_nominal
27013,12,1988-10-14,0.03,-169.49,SITE_037,0N170W,56.807516911862685,far_from_nominal
27014,12,1988-10-15,0.03,-169.49,SITE_037,0N170W,56.807516911862685,far_from_nominal
27015,12,1988-10-16,0.03,-169.49,SITE_037,0N170W,56.807516911862685,far_from_nominal
27016,12,1988-10-17,0.03,-169.49,SITE_037,0N170W,56.807516911862685,far_from_nominal
27017,12,1988-10-18,0.04,-169.49,SITE_037,0N170W,56.88364256282754,far_from_nominal
27018,12,1988-10-19,0.04,-169.49,SITE_037,0N170W,56.88364256282754,far_from_nominal
27019,12,1988-10-20,0.04,-169.49,SITE_037,0N170W,56.88364256282754,far_from_nominal
27020,12,1988-10-21,0.04,-169.49,SITE_037,0N170W,56.88364256282754,far_from_nominal
27021,12,1988-10-22,0.04,-169.49,SITE_037,0N170W,56.88364256282754,far_from_nominal
27022,12,1988-10-23,0.04,-169.49,SITE_037,0N170W,56.88364256282754,far_from_nominal
27023,12,1988-10-24,0.04,-169.49,SITE_037,0N170W,56.88364256282754,far_from_nominal
27024,12,1988-10-25,0.04,-169.49,SITE_037,0N170W,56.88364256282754,far_from_nominal
27025,12,1988-10-26,0.03,-169.49,SITE_037,0N170W,56.807516911862685,far_from_nominal
27026,12,1988-10-27,0.04,-169.49,SITE_037,0N170W,56.88364256282754,far_from_nominal
27027,12,1988-10-28,0.04,-169.49,SITE_037,0N170W,56.88364256282754,far_from_nominal
27028,12,1988-10-29,0.03,-169.49,SITE_037,0N170W,56.807516911862685,far_from_nominal
27029,12,1988-10-30,0.03,-169.49,SITE_037,0N170W,56.807516911862685,far_from_nominal
27030,12,1988-10-31,0.02,-169.49,SITE_037,0N170W,56.753078929971636,far_from_nominal
27031,12,1988-11-01,0.02,-169.49,SITE_037,0N170W,56.753078929971636,far_from_nominal
27032,12,1988-11-02,0.03,-169.49,SITE_037,0N170W,56.807516911862685,far_from_nominal
27033,12,1988-11-03,0.02,-169.5,SITE_037,0N170W,55.64199924369912,far_from_nominal
27034,12,1988-11-04,0.02,-169.49,SITE_037,0N170W,56.753078929971636,far_from_nominal
27035,12,1988-11-05,0.01,-169.49,SITE_037,0N170W,56.720391062082804,far_from_nominal
27036,12,1988-11-06,0.03,-169.49,SITE_037,0N170W,56.807516911862685,far_from_nominal
27037,12,1988-11-07,0.03,-169.49,SITE_037,0N170W,56.807516911862685,far_from_nominal
27038,12,1988-11-08,0.03,-169.48,SITE_037,0N170W,57.91758565837718,far_from_nominal
27039,12,1988-11-09,0.03,-169.48,SITE_037,0N170W,57.91758565837718,far_from_nominal
27040,12,1988-11-10,0.03,-169.48,SITE_037,0N170W,57.91758565837718,far_from_nominal
27041,12,1988-11-11,0.02,-169.49,SITE_037,0N170W,56.753078929971636,far_from_nominal
27042,12,1988-11-12,0.02,-169.49,SITE_037,0N170W,56.753078929971636,far_from_nominal
27043,12,1988-11-13,0.02,-169.5,SITE_037,0N170W,55.64199924369912,far_from_nominal
27044,12,1988-11-14,0.02,-169.5,SITE_037,0N170W,55.64199924369912,far_from_nominal
27045,12,1988-11-15,0.03,-169.49,SITE_037,0N170W,56.807516911862685,far_from_nominal
27046,12,1988-11-16,0.03,-169.49,SITE_037,0N170W,56.807516911862685,far_from_nominal
27047,12,1988-11-17,0.03,-169.49,SITE_037,0N170W,56.807516911862685,far_from_nominal
27048,12,1988-11-18,0.03,-169.49,SITE_037,0N170W,56.807516911862685,far_from_nominal
27049,12,1988-11-19,0.03,-169.51,SITE_037,0N170W,54.587609243560536,far_from_nominal
27050,12,1988-11-20,0.03,-169.52,SITE_037,0N170W,53.477779861982825,far_from_nominal
27051,12,1988-11-21,0.02,-169.52,SITE_037,0N170W,53.41994862093073,far_from_nominal
27052,12,1988-11-22,0.02,-169.51,SITE_037,0N170W,54.53095506877633,far_from_nominal
27053,12,1988-11-23,0.02,-169.52,SITE_037,0N170W,53.41994862093073,far_from_nominal
27054,12,1988-11-24,0.03,-169.52,SITE_037,0N170W,53.477779861982825,far_from_nominal
27055,12,1988-11-25,0.03,-169.53,SITE_037,0N170W,52.36804048227966,far_from_nominal
27056,12,1988-11-26,0.04,-169.52,SITE_037,0N170W,53.55863869248391,far_from_nominal
27057,12,1988-11-27,0.04,-169.52,SITE_037,0N170W,53.55863869248391,far_from_nominal
27058,12,1988-11-28,0.05,-169.51,SITE_037,0N170W,54.76850878027305,far_from_nominal
27059,12,1988-11-29,0.05,-169.51,SITE_037,0N170W,54.76850878027305,far_from_nominal
27060,12,1988-11-30,0.05,-169.51,SITE_037,0N170W,54.76850878027305,far_from_nominal
27061,12,1988-12-01,0.05,-169.51,SITE_037,0N170W,54.76850878027305,far_from_nominal
27062,12,1988-12-02,0.05,-169.5,SITE_037,0N170W,55.87482927970678,far_from_nominal
27063,12,1988-12-03,0.05,-169.49,SITE_037,0N170W,56.98136896041953,far_from_nominal
27064,12,1988-12-04,0.05,-169.48,SITE_037,0N170W,58.088115296651395,far_from_nominal
27065,12,1988-12-05,0.05,-169.49,SITE_037,0N170W,56.98136896041953,far_from_nominal
27066,12,1988-12-06,0.04,-169.49,SITE_037,0N170W,56.88364256282754,far_from_nominal
27067,12,1988-12-07,0.04,-169.49,SITE_037,0N170W,56.88364256282754,far_from_nominal
27068,12,1988-12-08,0.04,-169.49,SITE_037,0N170W,56.88364256282754,far_from_nominal
27069,12,1988-12-09,0.03,-169.49,SITE_037,0N170W,56.807516911862685,far_from_nominal
27070,12,1988-12-10,0.03,-169.49,SITE_037,0N170W,56.807516911862685,far_from_nominal
27071,12,1988-12-11,0.03,-169.49,SITE_037,0N170W,56.807516911862685,far_from_nominal
27072,12,1988-12-12,0.03,-169.49,SITE_037,0N170W,56.807516911862685,far_from_nominal
27073,12,1988-12-13,0.02,-169.49,SITE_037,0N170W,56.753078929971636,far_from_nominal
27074,12,1988-12-14,0.02,-169.49,SITE_037,0N170W,56.753078929971636,far_from_nominal
27075,12,1988-12-15,0.02,-169.49,SITE_037,0N170W,56.753078929971636,far_from_nominal
27076,12,1988-12-16,0.02,-169.49,SITE_037,0N170W,56.753078929971636,far_from_nominal
27077,12,1988-12-17,0.01,-169.49,SITE_037,0N170W,56.720391062082804,far_from_nominal
27078,12,1988-12-18,0.01,-169.49,SITE_037,0N170W,56.720391062082804,far_from_nominal
27079,12,1988-12-19,0.02,-169.5,SITE_037,0N170W,55.64199924369912,far_from_nominal
27080,12,1988-12-20,0.03,-169.5,SITE_037,0N170W,55.697523246872954,far_from_nominal
27081,12,1988-12-21,0.05,-169.51,SITE_037,0N170W,54.76850878027305,far_from_nominal
27082,12,1988-12-22,0.06,-169.51,SITE_037,0N170W,54.89253139441897,far_from_nominal
27083,12,1988-12-23,0.06,-169.51,SITE_037,0N170W,54.89253139441897,far_from_nominal
27084,12,1988-12-24,0.05,-169.51,SITE_037,0N170W,54.76850878027305,far_from_nominal
27085,12,1988-12-25,0.05,-169.51,SITE_037,0N170W,54.76850878027305,far_from_nominal
27086,12,1988-12-26,0.04,-169.51,SITE_037,0N170W,54.66682644921238,far_from_nominal
27087,12,1988-12-27,0.04,-169.5,SITE_037,0N170W,55.77516399111833,far_from_nominal
27088,12,1988-12-28,0.04,-169.5,SITE_037,0N170W,55.77516399111833,far_from_nominal
27089,12,1988-12-29,0.04,-169.49,SITE_037,0N170W,56.88364256282754,far_from_nominal
27090,12,1988-12-30,0.04,-169.49,SITE_037,0N170W,56.88364256282754,far_from_nominal
27091,12,1988-12-31,0.04,-169.49,SITE_037,0N170W,56.88364256282754,far_from_nominal
27092,12,1989-01-01,0.03,-169.49,SITE_037,0N170W,56.807516911862685,far_from_nominal
27093,12,1989-01-02,0.02,-169.49,SITE_037,0N170W,56.753078929971636,far_from_nominal
27094,12,1989-01-03,0.02,-169.49,SITE_037,0N170W,56.753078929971636,far_from_nominal
27095,12,1989-01-04,0.03,-169.49,SITE_037,0N170W,56.807516911862685,far_from_nominal
27096,12,1989-01-05,0.03,-169.49,SITE_037,0N170W,56.807516911862685,far_from_nominal
27097,12,1989-01-06,0.03,-169.49,SITE_037,0N170W,56.807516911862685,far_from_nominal
27098,12,1989-01-07,0.03,-169.49,SITE_037,0N170W,56.807516911862685,far_from_nominal
27099,12,1989-01-08,0.02,-169.49,SITE_037,0N170W,56.753078929971636,far_from_nominal
27100,12,1989-01-09,0.02,-169.49,SITE_037,0N170W,56.753078929971636,far_from_nominal
27101,12,1989-01-10,0.03,-169.48,SITE_037,0N170W,57.91758565837718,far_from_nominal
27102,12,1989-01-11,0.03,-169.48,SITE_037,0N170W,57.91758565837718,far_from_nominal
27103,12,1989-01-12,0.03,-169.48,SITE_037,0N170W,57.91758565837718,far_from_nominal
27104,12,1989-01-13,0.04,-169.49,SITE_037,0N170W,56.88364256282754,far_from_nominal
27105,12,1989-01-14,0.04,-169.5,SITE_037,0N170W,55.77516399111833,far_from_nominal
27106,12,1989-01-15,0.04,-169.5,SITE_037,0N170W,55.77516399111833,far_from_nominal
27107,12,1989-01-16,0.04,-169.51,SITE_037,0N170W,54.66682644921238,far_from_nominal
27108,12,1989-01-17,0.04,-169.51,SITE_037,0N170W,54.66682644921238,far_from_nominal
27109,12,1989-01-18,0.04,-169.51,SITE_037,0N170W,54.66682644921238,far_from_nominal
27110,12,1989-01-19,0.03,-169.51,SITE_037,0N170W,54.587609243560536,far_from_nominal
27111,12,1989-01-20,0.03,-169.52,SITE_037,0N170W,53.477779861982825,far_from_nominal
27112,12,1989-01-21,0.03,-169.52,SITE_037,0N170W,53.477779861982825,far_from_nominal
27113,12,1989-01-22,0.04,-169.52,SITE_037,0N170W,53.55863869248391,far_from_nominal
27114,12,1989-01-23,0.04,-169.53,SITE_037,0N170W,52.45061021501981,far_from_nominal
27115,12,1989-01-24,0.04,-169.53,SITE_037,0N170W,52.45061021501981,far_from_nominal
27116,12,1989-01-25,0.03,-169.53,SITE_037,0N170W,52.36804048227966,far_from_nominal
27117,12,1989-01-26,0.03,-169.53,SITE_037,0N170W,52.36804048227966,far_from_nominal
27118,12,1989-01-27,0.03,-169.53,SITE_037,0N170W,52.36804048227966,far_from_nominal
27119,12,1989-01-28,0.02,-169.52,SITE_037,0N170W,53.41994862093073,far_from_nominal
27120,12,1989-01-29,0.02,-169.52,SITE_037,0N170W,53.41994862093073,far_from_nominal
27121,12,1989-01-30,0.03,-169.53,SITE_037,0N170W,52.36804048227966,far_from_nominal
27122,12,1989-01-31,0.03,-169.53,SITE_037,0N170W,52.36804048227966,far_from_nominal
27123,12,1989-02-01,0.04,-169.53,SITE_037,0N170W,52.45061021501981,far_from_nominal
27124,12,1989-02-02,0.03,-169.53,SITE_037,0N170W,52.36804048227966,far_from_nominal
27125,12,1989-02-03,0.03,-169.52,SITE_037,0N170W,53.477779861982825,far_from_nominal
27126,12,1989-02-04,0.03,-169.52,SITE_037,0N170W,53.477779861982825,far_from_nominal
27127,12,1989-02-05,0.03,-169.52,SITE_037,0N170W,53.477779861982825,far_from_nominal
27128,12,1989-02-06,0.02,-169.52,SITE_037,0N170W,53.41994862093073,far_from_nominal
27129,12,1989-02-07,0.02,-169.52,SITE_037,0N170W,53.41994862093073,far_from_nominal
27130,12,1989-02-08,0.02,-169.51,SITE_037,0N170W,54.53095506877633,far_from_nominal
27131,12,1989-02-09,0.02,-169.51,SITE_037,0N170W,54.53095506877633,far_from_nominal
27132,12,1989-02-10,0.02,-169.51,SITE_037,0N170W,54.53095506877633,far_from_nominal
27133,12,1989-02-11,0.02,-169.5,SITE_037,0N170W,55.64199924369912,far_from_nominal
27134,12,1989-02-12,0.03,-169.49,SITE_037,0N170W,56.807516911862685,far_from_nominal
27135,12,1989-02-13,0.04,-169.49,SITE_037,0N170W,56.88364256282754,far_from_nominal
27136,12,1989-02-14,0.04,-169.48,SITE_037,0N170W,57.99225407731118,far_from_nominal
27137,12,1989-02-15,0.05,-169.48,SITE_037,0N170W,58.088115296651395,far_from_nominal
27138,12,1989-02-16,0.05,-169.48,SITE_037,0N170W,58.088115296651395,far_from_nominal
27139,12,1989-02-17,0.05,-169.48,SITE_037,0N170W,58.088115296651395,far_from_nominal
27140,12,1989-02-18,0.05,-169.48,SITE_037,0N170W,58.088115296651395,far_from_nominal
27141,12,1989-02-19,0.04,-169.48,SITE_037,0N170W,57.99225407731118,far_from_nominal
27142,12,1989-02-20,0.04,-169.48,SITE_037,0N170W,57.99225407731118,far_from_nominal
27143,12,1989-02-21,0.04,-169.49,SITE_037,0N170W,56.88364256282754,far_from_nominal
27144,12,1989-02-22,0.04,-169.49,SITE_037,0N170W,56.88364256282754,far_from_nominal
27145,12,1989-02-23,0.04,-169.49,SITE_037,0N170W,56.88364256282754,far_from_nominal
27146,12,1989-02-24,0.04,-169.49,SITE_037,0N170W,56.88364256282754,far_from_nominal
27147,12,1989-02-25,0.04,-169.49,SITE_037,0N170W,56.88364256282754,far_from_nominal
27148,12,1989-02-26,0.04,-169.5,SITE_037,0N170W,55.77516399111833,far_from_nominal
27149,12,1989-02-27,0.04,-169.5,SITE_037,0N170W,55.77516399111833,far_from_nominal
27150,12,1989-02-28,0.03,-169.5,SITE_037,0N170W,55.697523246872954,far_from_nominal
27151,12,1989-03-01,0.03,-169.5,SITE_037,0N170W,55.697523246872954,far_from_nominal
27152,12,1989-03-02,0.03,-169.5,SITE_037,0N170W,55.697523246872954,far_from_nominal
27153,12,1989-03-03,0.02,-169.5,SITE_037,0N170W,55.64199924369912,far_from_nominal
27154,12,1989-03-04,0.02,-169.5,SITE_037,0N170W,55.64199924369912,far_from_nominal
27155,12,1989-03-05,0.02,-169.5,SITE_037,0N170W,55.64199924369912,far_from_nominal
27156,12,1989-03-06,0.02,-169.51,SITE_037,0N170W,54.53095506877633,far_from_nominal
27157,12,1989-03-07,0.03,-169.51,SITE_037,0N170W,54.587609243560536,far_from_nominal
27158,12,1989-03-08,0.04,-169.52,SITE_037,0N170W,53.55863869248391,far_from_nominal
27159,12,1989-03-09,0.05,-169.53,SITE_037,0N170W,52.55658068795117,far_from_nominal
27160,12,1989-03-10,0.04,-169.53,SITE_037,0N170W,52.45061021501981,far_from_nominal
27161,12,1989-03-11,0.03,-169.52,SITE_037,0N170W,53.477779861982825,far_from_nominal
27162,12,1989-03-12,0.02,-169.52,SITE_037,0N170W,53.41994862093073,far_from_nominal
27163,12,1989-03-13,0.01,-169.52,SITE_037,0N170W,53.38521980549099,far_from_nominal
27164,12,1989-03-14,0.01,-169.52,SITE_037,0N170W,53.38521980549099,far_from_nominal
27165,12,1989-03-15,0.02,-169.52,SITE_037,0N170W,53.41994862093073,far_from_nominal
27166,12,1989-03-16,0.03,-169.53,SITE_037,0N170W,52.36804048227966,far_from_nominal
27167,12,1989-03-17,0.03,-169.53,SITE_037,0N170W,52.36804048227966,far_from_nominal
27168,12,1989-03-18,0.03,-169.52,SITE_037,0N170W,53.477779861982825,far_from_nominal
27169,12,1989-03-19,0.02,-169.52,SITE_037,0N170W,53.41994862093073,far_from_nominal
27170,12,1989-03-20,0.02,-169.52,SITE_037,0N170W,53.41994862093073,far_from_nominal
27171,12,1989-03-21,0.02,-169.51,SITE_037,0N170W,54.53095506877633,far_from_nominal
27172,12,1989-03-22,0.02,-169.51,SITE_037,0N170W,54.53095506877633,far_from_nominal
27173,12,1989-03-23,0.03,-169.51,SITE_037,0N170W,54.587609243560536,far_from_nominal
27174,12,1989-03-24,0.03,-169.5,SITE_037,0N170W,55.697523246872954,far_from_nominal
27175,12,1989-03-25,0.03,-169.49,SITE_037,0N170W,56.807516911862685,far_from_nominal
27176,12,1989-03-26,0.03,-169.49,SITE_037,0N170W,56.807516911862685,far_from_nominal
27177,12,1989-03-27,0.03,-169.51,SITE_037,0N170W,54.587609243560536,far_from_nominal
27178,12,1989-03-28,0.03,-169.51,SITE_037,0N170W,54.587609243560536,far_from_nominal
27179,12,1989-03-29,0.03,-169.51,SITE_037,0N170W,54.587609243560536,far_from_nominal
27180,12,1989-03-30,0.03,-169.5,SITE_037,0N170W,55.697523246872954,far_from_nominal
27181,12,1989-03-31,0.03,-169.5,SITE_037,0N170W,55.697523246872954,far_from_nominal
27182,12,1989-04-01,0.03,-169.5,SITE_037,0N170W,55.697523246872954,far_from_nominal
27183,12,1989-04-02,0.03,-169.49,SITE_037,0N170W,56.807516911862685,far_from_nominal
27184,12,1989-04-03,0.03,-169.49,SITE_037,0N170W,56.807516911862685,far_from_nominal
27185,12,1989-04-04,0.02,-169.49,SITE_037,0N170W,56.753078929971636,far_from_nominal
27186,12,1989-04-05,0.02,-169.49,SITE_037,0N170W,56.753078929971636,far_from_nominal
27187,12,1989-04-06,0.02,-169.49,SITE_037,0N170W,56.753078929971636,far_from_nominal
27188,12,1989-04-07,0.02,-169.49,SITE_037,0N170W,56.753078929971636,far_from_nominal
27189,12,1989-04-08,0.02,-169.49,SITE_037,0N170W,56.753078929971636,far_from_nominal
27190,12,1989-04-09,0.03,-169.49,SITE_037,0N170W,56.807516911862685,far_from_nominal
27191,12,1989-04-10,0.03,-169.49,SITE_037,0N170W,56.807516911862685,far_from_nominal
27192,12,1989-04-11,0.03,-169.49,SITE_037,0N170W,56.807516911862685,far_from_nominal
27193,12,1989-04-12,0.03,-169.49,SITE_037,0N170W,56.807516911862685,far_from_nominal
27194,12,1989-04-13,0.03,-169.49,SITE_037,0N170W,56.807516911862685,far_from_nominal
27195,12,1989-04-14,0.04,-169.5,SITE_037,0N170W,55.77516399111833,far_from_nominal
27196,12,1989-04-15,0.04,-169.5,SITE_037,0N170W,55.77516399111833,far_from_nominal
27197,12,1989-04-16,0.03,-169.5,SITE_037,0N170W,55.697523246872954,far_from_nominal
27198,12,1989-04-17,0.02,-169.49,SITE_037,0N170W,56.753078929971636,far_from_nominal
27199,12,1989-04-18,0.02,-169.49,SITE_037,0N170W,56.753078929971636,far_from_nominal
27200,12,1989-04-19,0.02,-169.49,SITE_037,0N170W,56.753078929971636,far_from_nominal
27201,12,1989-04-20,0.02,-169.49,SITE_037,0N170W,56.753078929971636,far_from_nominal
27202,12,1989-04-21,0.03,-169.49,SITE_037,0N170W,56.807516911862685,far_from_nominal
27203,12,1989-04-22,0.03,-169.49,SITE_037,0N170W,56.807516911862685,far_from_nominal
27204,12,1989-04-23,0.03,-169.5,SITE_037,0N170W,55.697523246872954,far_from_nominal
27205,12,1989-04-24,0.03,-169.5,SITE_037,0N170W,55.697523246872954,far_from_nominal
27206,12,1989-04-25,0.03,-169.5,SITE_037,0N170W,55.697523246872954,far_from_nominal
27207,12,1989-04-26,0.03,-169.5,SITE_037,0N170W,55.697523246872954,far_from_nominal
27208,12,1989-04-27,0.04,-169.5,SITE_037,0N170W,55.77516399111833,far_from_nominal
27209,12,1989-04-28,0.04,-169.5,SITE_037,0N170W,55.77516399111833,far_from_nominal
27210,12,1989-04-29,0.04,-169.5,SITE_037,0N170W,55.77516399111833,far_from_nominal
27211,12,1989-04-30,0.04,-169.5,SITE_037,0N170W,55.77516399111833,far_from_nominal
27212,12,1989-05-01,0.05,-169.5,SITE_037,0N170W,55.87482927970678,far_from_nominal
27213,12,1989-05-02,0.05,-169.5,SITE_037,0N170W,55.87482927970678,far_from_nominal
27214,12,1989-06-20,0.01,-169.51,SITE_037,0N170W,54.49693429344489,far_from_nominal
27215,12,1989-06-21,0.01,-169.51,SITE_037,0N170W,54.49693429344489,far_from_nominal
27216,12,1989-06-22,0.0,-169.5,SITE_037,0N170W,55.59754011676865,far_from_nominal
27217,12,1989-06-23,0.0,-169.51,SITE_037,0N170W,54.48558931443339,far_from_nominal
27218,12,1989-06-24,0.0,-169.51,SITE_037,0N170W,54.48558931443339,far_from_nominal
27219,12,1989-06-25,-0.01,-169.51,SITE_037,0N170W,54.49693429344489,far_from_nominal
27220,12,1989-06-26,-0.01,-169.52,SITE_037,0N170W,53.38521980549099,far_from_nominal
27221,12,1989-06-27,0.0,-169.53,SITE_037,0N170W,52.26168770976004,far_from_nominal
27222,12,1989-06-28,0.01,-169.53,SITE_037,0N170W,52.27351536988832,far_from_nominal
27223,12,1989-06-29,0.01,-169.52,SITE_037,0N170W,53.38521980549099,far_from_nominal
27224,12,1989-06-30,0.0,-169.53,SITE_037,0N170W,52.26168770976004,far_from_nominal
27225,12,1989-07-01,0.0,-169.53,SITE_037,0N170W,52.26168770976004,far_from_nominal
27226,12,1989-07-02,0.01,-169.52,SITE_037,0N170W,53.38521980549099,far_from_nominal
27227,12,1989-07-03,-0.01,-169.52,SITE_037,0N170W,53.38521980549099,far_from_nominal
27228,12,1989-07-04,-0.01,-169.53,SITE_037,0N170W,52.27351536988832,far_from_nominal
27229,12,1989-07-05,0.0,-169.51,SITE_037,0N170W,54.48558931443339,far_from_nominal
27230,12,1989-07-06,0.0,-169.51,SITE_037,0N170W,54.48558931443339,far_from_nominal
27231,12,1989-07-07,-0.01,-169.52,SITE_037,0N170W,53.38521980549099,far_from_nominal
27232,12,1989-07-08,-0.01,-169.52,SITE_037,0N170W,53.38521980549099,far_from_nominal
27233,12,1989-07-09,-0.01,-169.52,SITE_037,0N170W,53.38521980549099,far_from_nominal
27234,12,1989-07-10,-0.01,-169.52,SITE_037,0N170W,53.38521980549099,far_from_nominal
27235,12,1989-07-11,-0.02,-169.51,SITE_037,0N170W,54.53095506877633,far_from_nominal
27236,12,1989-07-12,-0.02,-169.53,SITE_037,0N170W,52.308982304058944,far_from_nominal
27237,12,1989-07-13,-0.01,-169.52,SITE_037,0N170W,53.38521980549099,far_from_nominal
27238,12,1989-07-14,-0.01,-169.53,SITE_037,0N170W,52.27351536988832,far_from_nominal
27239,12,1989-07-15,-0.01,-169.53,SITE_037,0N170W,52.27351536988832,far_from_nominal
27240,12,1989-07-16,-0.01,-169.53,SITE_037,0N170W,52.27351536988832,far_from_nominal
27241,12,1989-07-17,-0.01,-169.52,SITE_037,0N170W,53.38521980549099,far_from_nominal
27242,12,1989-07-18,-0.01,-169.52,SITE_037,0N170W,53.38521980549099,far_from_nominal
27243,12,1989-07-19,0.0,-169.51,SITE_037,0N170W,54.48558931443339,far_from_nominal
27244,12,1989-07-20,0.01,-169.51,SITE_037,0N170W,54.49693429344489,far_from_nominal
27245,12,1989-07-21,0.01,-169.52,SITE_037,0N170W,53.38521980549099,far_from_nominal
27246,12,1989-07-22,0.01,-169.52,SITE_037,0N170W,53.38521980549099,far_from_nominal
27247,12,1989-07-23,0.0,-169.51,SITE_037,0N170W,54.48558931443339,far_from_nominal
27248,12,1989-07-24,-0.01,-169.51,SITE_037,0N170W,54.49693429344489,far_from_nominal
27249,12,1989-07-25,-0.01,-169.51,SITE_037,0N170W,54.49693429344489,far_from_nominal
27250,12,1989-07-26,0.0,-169.51,SITE_037,0N170W,54.48558931443339,far_from_nominal
27251,12,1989-07-27,0.0,-169.5,SITE_037,0N170W,55.59754011676865,far_from_nominal
27252,12,1989-07-28,0.0,-169.51,SITE_037,0N170W,54.48558931443339,far_from_nominal
27253,12,1989-07-29,0.0,-169.51,SITE_037,0N170W,54.48558931443339,far_from_nominal
27254,12,1989-07-30,0.0,-169.51,SITE_037,0N170W,54.48558931443339,far_from_nominal
27255,12,1989-07-31,0.01,-169.51,SITE_037,0N170W,54.49693429344489,far_from_nominal
27256,12,1989-08-01,0.0,-169.51,SITE_037,0N170W,54.48558931443339,far_from_nominal
27257,12,1989-08-02,0.0,-169.51,SITE_037,0N170W,54.48558931443339,far_from_nominal
27258,12,1989-08-03,0.0,-169.5,SITE_037,0N170W,55.59754011676865,far_from_nominal
27259,12,1989-08-04,0.0,-169.51,SITE_037,0N170W,54.48558931443339,far_from_nominal
27260,12,1989-08-05,0.0,-169.51,SITE_037,0N170W,54.48558931443339,far_from_nominal
27261,12,1989-08-06,0.0,-169.51,SITE_037,0N170W,54.48558931443339,far_from_nominal
27262,12,1989-08-07,0.0,-169.51,SITE_037,0N170W,54.48558931443339,far_from_nominal
27263,12,1989-08-08,-0.01,-169.51,SITE_037,0N170W,54.49693429344489,far_from_nominal
27264,12,1989-08-09,-0.01,-169.52,SITE_037,0N170W,53.38521980549099,far_from_nominal
27265,12,1989-08-10,0.0,-169.53,SITE_037,0N170W,52.26168770976004,far_from_nominal
27266,12,1989-08-11,0.0,-169.53,SITE_037,0N170W,52.26168770976004,far_from_nominal
27267,12,1989-08-12,0.0,-169.53,SITE_037,0N170W,52.26168770976004,far_from_nominal
27268,12,1989-08-13,0.0,-169.53,SITE_037,0N170W,52.26168770976004,far_from_nominal
27269,12,1989-08-14,0.0,-169.53,SITE_037,0N170W,52.26168770976004,far_from_nominal
27270,12,1989-08-15,0.0,-169.52,SITE_037,0N170W,53.373638512095305,far_from_nominal
27271,12,1989-08-16,0.0,-169.53,SITE_037,0N170W,52.26168770976004,far_from_nominal
27272,12,1989-08-17,-0.01,-169.54,SITE_037,0N170W,51.161821641924774,far_from_nominal
27273,12,1989-08-18,0.01,-169.52,SITE_037,0N170W,53.38521980549099,far_from_nominal
27274,12,1989-08-19,-0.01,-169.53,SITE_037,0N170W,52.27351536988832,far_from_nominal
27275,12,1989-08-20,-0.03,-169.54,SITE_037,0N170W,51.25839695004707,far_from_nominal
27276,12,1989-08-21,0.0,-169.52,SITE_037,0N170W,53.373638512095305,far_from_nominal
27277,12,1989-08-22,0.0,-169.53,SITE_037,0N170W,52.26168770976004,far_from_nominal
27278,12,1989-08-23,0.0,-169.54,SITE_037,0N170W,51.14973690742761,far_from_nominal
27279,12,1989-08-24,-0.01,-169.54,SITE_037,0N170W,51.161821641924774,far_from_nominal
27280,12,1989-08-25,0.0,-169.54,SITE_037,0N170W,51.14973690742761,far_from_nominal
27281,12,1989-08-26,0.0,-169.53,SITE_037,0N170W,52.26168770976004,far_from_nominal
27282,12,1989-08-27,0.0,-169.53,SITE_037,0N170W,52.26168770976004,far_from_nominal
27283,12,1989-08-28,0.0,-169.53,SITE_037,0N170W,52.26168770976004,far_from_nominal
27284,12,1989-08-29,0.0,-169.53,SITE_037,0N170W,52.26168770976004,far_from_nominal
27285,12,1989-08-30,0.0,-169.53,SITE_037,0N170W,52.26168770976004,far_from_nominal
27286,12,1989-08-31,0.0,-169.52,SITE_037,0N170W,53.373638512095305,far_from_nominal
27287,12,1989-09-01,-0.01,-169.53,SITE_037,0N170W,52.27351536988832,far_from_nominal
27288,12,1989-09-02,-0.01,-169.52,SITE_037,0N170W,53.38521980549099,far_from_nominal
27289,12,1989-09-03,-0.01,-169.52,SITE_037,0N170W,53.38521980549099,far_from_nominal
27290,12,1989-09-04,0.0,-169.51,SITE_037,0N170W,54.48558931443339,far_from_nominal
27291,12,1989-09-05,0.0,-169.51,SITE_037,0N170W,54.48558931443339,far_from_nominal
27292,12,1989-09-06,0.01,-169.51,SITE_037,0N170W,54.49693429344489,far_from_nominal
27293,12,1989-09-07,0.0,-169.52,SITE_037,0N170W,53.373638512095305,far_from_nominal
27294,12,1989-09-08,0.0,-169.52,SITE_037,0N170W,53.373638512095305,far_from_nominal
27295,12,1989-09-09,0.01,-169.51,SITE_037,0N170W,54.49693429344489,far_from_nominal
27296,12,1989-09-10,0.0,-169.51,SITE_037,0N170W,54.48558931443339,far_from_nominal
27297,12,1989-09-11,0.01,-169.51,SITE_037,0N170W,54.49693429344489,far_from_nominal
27298,12,1989-09-12,0.01,-169.51,SITE_037,0N170W,54.49693429344489,far_from_nominal
27299,12,1989-09-13,0.0,-169.5,SITE_037,0N170W,55.59754011676865,far_from_nominal
27300,12,1989-09-14,0.0,-169.51,SITE_037,0N170W,54.48558931443339,far_from_nominal
27301,12,1989-09-15,0.01,-169.5,SITE_037,0N170W,55.60865823085222,far_from_nominal
27302,12,1989-09-16,0.01,-169.5,SITE_037,0N170W,55.60865823085222,far_from_nominal
27303,12,1989-09-17,0.01,-169.51,SITE_037,0N170W,54.49693429344489,far_from_nominal
27304,12,1989-09-18,0.0,-169.51,SITE_037,0N170W,54.48558931443339,far_from_nominal
27305,12,1989-09-19,0.01,-169.51,SITE_037,0N170W,54.49693429344489,far_from_nominal
27306,12,1989-09-20,0.0,-169.51,SITE_037,0N170W,54.48558931443339,far_from_nominal
27307,12,1989-09-21,0.0,-169.51,SITE_037,0N170W,54.48558931443339,far_from_nominal
27308,12,1989-09-22,0.0,-169.51,SITE_037,0N170W,54.48558931443339,far_from_nominal
27309,12,1989-09-23,0.0,-169.51,SITE_037,0N170W,54.48558931443339,far_from_nominal
27310,12,1989-09-24,0.0,-169.5,SITE_037,0N170W,55.59754011676865,far_from_nominal
27311,12,1989-09-25,0.0,-169.5,SITE_037,0N170W,55.59754011676865,far_from_nominal
27312,12,1989-09-26,-0.01,-169.5,SITE_037,0N170W,55.60865823085222,far_from_nominal
27313,12,1989-09-27,0.01,-169.51,SITE_037,0N170W,54.49693429344489,far_from_nominal
27314,12,1989-09-28,-0.01,-169.51,SITE_037,0N170W,54.49693429344489,far_from_nominal
27315,12,1989-09-29,-0.01,-169.51,SITE_037,0N170W,54.49693429344489,far_from_nominal
27316,12,1989-09-30,0.0,-169.5,SITE_037,0N170W,55.59754011676865,far_from_nominal
27317,12,1989-10-01,0.0,-169.5,SITE_037,0N170W,55.59754011676865,far_from_nominal
27318,12,1989-10-02,0.0,-169.51,SITE_037,0N170W,54.48558931443339,far_from_nominal
27319,12,1989-10-03,0.0,-169.5,SITE_037,0N170W,55.59754011676865,far_from_nominal
27320,12,1989-10-04,0.01,-169.5,SITE_037,0N170W,55.60865823085222,far_from_nominal
27321,12,1989-10-05,-0.01,-169.51,SITE_037,0N170W,54.49693429344489,far_from_nominal
27322,12,1989-10-06,0.0,-169.5,SITE_037,0N170W,55.59754011676865,far_from_nominal
27323,12,1989-10-07,0.0,-169.5,SITE_037,0N170W,55.59754011676865,far_from_nominal
27324,12,1989-10-08,0.0,-169.5,SITE_037,0N170W,55.59754011676865,far_from_nominal
27325,12,1989-10-09,0.0,-169.51,SITE_037,0N170W,54.48558931443339,far_from_nominal
27326,12,1989-10-10,0.0,-169.51,SITE_037,0N170W,54.48558931443339,far_from_nominal
27327,12,1989-10-11,0.0,-169.51,SITE_037,0N170W,54.48558931443339,far_from_nominal
27328,12,1989-10-12,0.0,-169.51,SITE_037,0N170W,54.48558931443339,far_from_nominal
27329,12,1989-10-13,0.0,-169.51,SITE_037,0N170W,54.48558931443339,far_from_nominal
27330,12,1989-10-14,0.0,-169.51,SITE_037,0N170W,54.48558931443339,far_from_nominal
27331,12,1989-10-15,-0.01,-169.51,SITE_037,0N170W,54.49693429344489,far_from_nominal
27332,12,1989-10-16,0.0,-169.5,SITE_037,0N170W,55.59754011676865,far_from_nominal
27333,12,1989-10-17,0.0,-169.5,SITE_037,0N170W,55.59754011676865,far_from_nominal
27334,12,1989-10-18,0.0,-169.51,SITE_037,0N170W,54.48558931443339,far_from_nominal
27335,12,1989-10-19,0.01,-169.51,SITE_037,0N170W,54.49693429344489,far_from_nominal
27336,12,1989-10-20,0.0,-169.51,SITE_037,0N170W,54.48558931443339,far_from_nominal
27337,12,1989-10-21,0.01,-169.51,SITE_037,0N170W,54.49693429344489,far_from_nominal
27338,12,1989-10-22,0.0,-169.51,SITE_037,0N170W,54.48558931443339,far_from_nominal
27339,12,1989-10-23,0.01,-169.52,SITE_037,0N170W,53.38521980549099,far_from_nominal
27340,12,1989-10-24,0.01,-169.51,SITE_037,0N170W,54.49693429344489,far_from_nominal
27341,12,1989-10-25,-0.01,-169.51,SITE_037,0N170W,54.49693429344489,far_from_nominal
27342,12,1989-10-26,0.0,-169.5,SITE_037,0N170W,55.59754011676865,far_from_nominal
27343,12,1989-10-27,0.0,-169.5,SITE_037,0N170W,55.59754011676865,far_from_nominal
27344,12,1989-10-28,0.0,-169.51,SITE_037,0N170W,54.48558931443339,far_from_nominal
27345,12,1989-10-29,-0.01,-169.51,SITE_037,0N170W,54.49693429344489,far_from_nominal
27346,12,1989-10-30,0.0,-169.51,SITE_037,0N170W,54.48558931443339,far_from_nominal
27347,12,1989-10-31,0.0,-169.51,SITE_037,0N170W,54.48558931443339,far_from_nominal
27348,12,1989-11-01,0.0,-169.5,SITE_037,0N170W,55.59754011676865,far_from_nominal
27349,12,1989-11-02,0.0,-169.51,SITE_037,0N170W,54.48558931443339,far_from_nominal
27350,12,1989-11-03,0.0,-169.5,SITE_037,0N170W,55.59754011676865,far_from_nominal
27351,12,1989-11-04,-0.01,-169.51,SITE_037,0N170W,54.49693429344489,far_from_nominal
27352,12,1989-11-05,0.0,-169.5,SITE_037,0N170W,55.59754011676865,far_from_nominal
27353,12,1989-11-06,0.0,-169.5,SITE_037,0N170W,55.59754011676865,far_from_nominal
27354,12,1989-11-07,0.0,-169.51,SITE_037,0N170W,54.48558931443339,far_from_nominal
27355,12,1989-11-08,0.01,-169.5,SITE_037,0N170W,55.60865823085222,far_from_nominal
27356,12,1989-11-09,0.0,-169.5,SITE_037,0N170W,55.59754011676865,far_from_nominal
27357,12,1989-11-10,0.01,-169.5,SITE_037,0N170W,55.60865823085222,far_from_nominal
27358,12,1989-11-11,0.01,-169.5,SITE_037,0N170W,55.60865823085222,far_from_nominal
27359,12,1989-11-12,0.01,-169.51,SITE_037,0N170W,54.49693429344489,far_from_nominal
27360,12,1989-11-13,0.01,-169.49,SITE_037,0N170W,56.720391062082804,far_from_nominal
27361,12,1989-11-14,-0.01,-169.51,SITE_037,0N170W,54.49693429344489,far_from_nominal
27362,12,1989-11-15,0.0,-169.5,SITE_037,0N170W,55.59754011676865,far_from_nominal
27363,12,1989-11-16,0.0,-169.51,SITE_037,0N170W,54.48558931443339,far_from_nominal
27364,12,1989-11-17,0.0,-169.5,SITE_037,0N170W,55.59754011676865,far_from_nominal
27365,12,1989-11-18,0.01,-169.5,SITE_037,0N170W,55.60865823085222,far_from_nominal
27366,12,1989-11-19,0.0,-169.51,SITE_037,0N170W,54.48558931443339,far_from_nominal
27367,12,1989-11-20,-0.01,-169.51,SITE_037,0N170W,54.49693429344489,far_from_nominal
27368,12,1989-11-21,0.0,-169.51,SITE_037,0N170W,54.48558931443339,far_from_nominal
27369,12,1989-11-22,0.01,-169.51,SITE_037,0N170W,54.49693429344489,far_from_nominal
27370,12,1989-11-23,0.0,-169.51,SITE_037,0N170W,54.48558931443339,far_from_nominal
27371,12,1989-11-24,0.0,-169.51,SITE_037,0N170W,54.48558931443339,far_from_nominal
27372,12,1989-11-25,0.0,-169.51,SITE_037,0N170W,54.48558931443339,far_from_nominal
27373,12,1989-11-26,0.01,-169.51,SITE_037,0N170W,54.49693429344489,far_from_nominal
27374,12,1989-11-27,0.01,-169.51,SITE_037,0N170W,54.49693429344489,far_from_nominal
27375,12,1989-11-28,0.01,-169.51,SITE_037,0N170W,54.49693429344489,far_from_nominal
27376,12,1989-11-29,0.01,-169.51,SITE_037,0N170W,54.49693429344489,far_from_nominal
27377,12,1989-11-30,0.01,-169.51,SITE_037,0N170W,54.49693429344489,far_from_nominal
27378,12,1989-12-01,0.01,-169.5,SITE_037,0N170W,55.60865823085222,far_from_nominal
27379,12,1989-12-02,0.01,-169.51,SITE_037,0N170W,54.49693429344489,far_from_nominal
27380,12,1989-12-03,0.01,-169.51,SITE_037,0N170W,54.49693429344489,far_from_nominal
27381,12,1989-12-04,0.01,-169.5,SITE_037,0N170W,55.60865823085222,far_from_nominal
27382,12,1989-12-05,0.01,-169.51,SITE_037,0N170W,54.49693429344489,far_from_nominal
27383,12,1989-12-06,0.0,-169.5,SITE_037,0N170W,55.59754011676865,far_from_nominal
27384,12,1989-12-07,0.0,-169.5,SITE_037,0N170W,55.59754011676865,far_from_nominal
27385,12,1989-12-08,-0.01,-169.5,SITE_037,0N170W,55.60865823085222,far_from_nominal
27386,12,1989-12-09,0.0,-169.5,SITE_037,0N170W,55.59754011676865,far_from_nominal
27387,12,1989-12-10,0.0,-169.5,SITE_037,0N170W,55.59754011676865,far_from_nominal
27388,12,1989-12-11,0.0,-169.5,SITE_037,0N170W,55.59754011676865,far_from_nominal
27389,12,1989-12-12,0.0,-169.51,SITE_037,0N170W,54.48558931443339,far_from_nominal
27390,12,1989-12-13,0.0,-169.5,SITE_037,0N170W,55.59754011676865,far_from_nominal
27391,12,1989-12-14,0.0,-169.5,SITE_037,0N170W,55.59754011676865,far_from_nominal
27392,12,1989-12-15,0.0,-169.5,SITE_037,0N170W,55.59754011676865,far_from_nominal
27393,12,1989-12-16,0.0,-169.5,SITE_037,0N170W,55.59754011676865,far_from_nominal
27394,12,1989-12-17,0.0,-169.5,SITE_037,0N170W,55.59754011676865,far_from_nominal
27395,12,1989-12-18,0.0,-169.5,SITE_037,0N170W,55.59754011676865,far_from_nominal
27396,12,1989-12-19,0.0,-169.5,SITE_037,0N170W,55.59754011676865,far_from_nominal
27397,12,1989-12-20,0.0,-169.5,SITE_037,0N170W,55.59754011676865,far_from_nominal
27398,12,1989-12-21,0.0,-169.5,SITE_037,0N170W,55.59754011676865,far_from_nominal
27399,12,1989-12-22,-0.02,-169.5,SITE_037,0N170W,55.64199924369912,far_from_nominal
27400,12,1989-12-23,0.0,-169.5,SITE_037,0N170W,55.59754011676865,far_from_nominal
27401,12,1989-12-24,0.0,-169.51,SITE_037,0N170W,54.48558931443339,far_from_nominal
27402,12,1989-12-25,0.0,-169.51,SITE_037,0N170W,54.48558931443339,far_from_nominal
27403,12,1989-12-26,0.01,-169.5,SITE_037,0N170W,55.60865823085222,far_from_nominal
27404,12,1989-12-27,0.01,-169.5,SITE_037,0N170W,55.60865823085222,far_from_nominal
27405,12,1989-12-28,0.01,-169.5,SITE_037,0N170W,55.60865823085222,far_from_nominal
27406,12,1989-12-29,0.0,-169.5,SITE_037,0N170W,55.59754011676865,far_from_nominal
27407,12,1989-12-30,0.0,-169.5,SITE_037,0N170W,55.59754011676865,far_from_nominal
27408,12,1989-12-31,-0.01,-169.51,SITE_037,0N170W,54.49693429344489,far_from_nominal
27409,12,1990-01-01,-0.01,-169.51,SITE_037,0N170W,54.49693429344489,far_from_nominal
27410,12,1990-01-02,0.0,-169.51,SITE_037,0N170W,54.48558931443339,far_from_nominal
27411,12,1990-01-03,0.0,-169.51,SITE_037,0N170W,54.48558931443339,far_from_nominal
27412,12,1990-01-04,0.0,-169.51,SITE_037,0N170W,54.48558931443339,far_from_nominal
27413,12,1990-01-05,0.0,-169.51,SITE_037,0N170W,54.48558931443339,far_from_nominal
27414,12,1990-01-06,0.0,-169.51,SITE_037,0N170W,54.48558931443339,far_from_nominal
27415,12,1990-01-07,0.0,-169.51,SITE_037,0N170W,54.48558931443339,far_from_nominal
27416,12,1990-01-08,0.01,-169.52,SITE_037,0N170W,53.38521980549099,far_from_nominal
27417,12,1990-01-09,0.01,-169.53,SITE_037,0N170W,52.27351536988832,far_from_nominal
27418,12,1990-01-10,0.0,-169.53,SITE_037,0N170W,52.26168770976004,far_from_nominal
27419,12,1990-01-11,0.0,-169.53,SITE_037,0N170W,52.26168770976004,far_from_nominal
27420,12,1990-01-12,0.01,-169.53,SITE_037,0N170W,52.27351536988832,far_from_nominal
27421,12,1990-01-13,0.01,-169.54,SITE_037,0N170W,51.161821641924774,far_from_nominal
27422,12,1990-01-14,0.0,-169.53,SITE_037,0N170W,52.26168770976004,far_from_nominal
27423,12,1990-01-15,0.0,-169.53,SITE_037,0N170W,52.26168770976004,far_from_nominal
27424,12,1990-01-16,0.0,-169.54,SITE_037,0N170W,51.14973690742761,far_from_nominal
27425,12,1990-01-17,0.01,-169.53,SITE_037,0N170W,52.27351536988832,far_from_nominal
27426,12,1990-01-18,0.0,-169.54,SITE_037,0N170W,51.14973690742761,far_from_nominal
27427,12,1990-01-19,0.0,-169.53,SITE_037,0N170W,52.26168770976004,far_from_nominal
27428,12,1990-01-20,0.0,-169.54,SITE_037,0N170W,51.14973690742761,far_from_nominal
27429,12,1990-01-21,0.0,-169.53,SITE_037,0N170W,52.26168770976004,far_from_nominal
27430,12,1990-01-22,0.0,-169.53,SITE_037,0N170W,52.26168770976004,far_from_nominal
27431,12,1990-01-23,0.01,-169.52,SITE_037,0N170W,53.38521980549099,far_from_nominal
27432,12,1990-01-24,0.01,-169.52,SITE_037,0N170W,53.38521980549099,far_from_nominal
27433,12,1990-01-25,0.01,-169.51,SITE_037,0N170W,54.49693429344489,far_from_nominal
27434,12,1990-01-26,0.01,-169.51,SITE_037,0N170W,54.49693429344489,far_from_nominal
27435,12,1990-01-27,0.01,-169.51,SITE_037,0N170W,54.49693429344489,far_from_nominal
27436,12,1990-01-28,0.0,-169.51,SITE_037,0N170W,54.48558931443339,far_from_nominal
27437,12,1990-01-29,-0.01,-169.51,SITE_037,0N170W,54.49693429344489,far_from_nominal
27438,12,1990-01-30,-0.01,-169.51,SITE_037,0N170W,54.49693429344489,far_from_nominal
27439,12,1990-01-31,-0.01,-169.51,SITE_037,0N170W,54.49693429344489,far_from_nominal
27440,12,1990-02-01,-0.01,-169.52,SITE_037,0N170W,53.38521980549099,far_from_nominal
27441,12,1990-02-02,-0.01,-169.51,SITE_037,0N170W,54.49693429344489,far_from_nominal
27442,12,1990-02-03,0.0,-169.51,SITE_037,0N170W,54.48558931443339,far_from_nominal
27443,12,1990-02-04,0.0,-169.51,SITE_037,0N170W,54.48558931443339,far_from_nominal
27444,12,1990-02-05,0.0,-169.51,SITE_037,0N170W,54.48558931443339,far_from_nominal
27445,12,1990-02-06,0.01,-169.52,SITE_037,0N170W,53.38521980549099,far_from_nominal
27446,12,1990-02-07,0.01,-169.53,SITE_037,0N170W,52.27351536988832,far_from_nominal
27447,12,1990-02-08,0.01,-169.54,SITE_037,0N170W,51.161821641924774,far_from_nominal
27448,12,1990-02-09,0.0,-169.53,SITE_037,0N170W,52.26168770976004,far_from_nominal
27449,12,1990-02-10,0.0,-169.53,SITE_037,0N170W,52.26168770976004,far_from_nominal
27450,12,1990-02-11,0.01,-169.52,SITE_037,0N170W,53.38521980549099,far_from_nominal
27451,12,1990-02-12,0.0,-169.51,SITE_037,0N170W,54.48558931443339,far_from_nominal
27452,12,1990-02-13,-0.01,-169.51,SITE_037,0N170W,54.49693429344489,far_from_nominal
27453,12,1990-02-14,0.0,-169.51,SITE_037,0N170W,54.48558931443339,far_from_nominal
27454,12,1990-02-15,-0.01,-169.51,SITE_037,0N170W,54.49693429344489,far_from_nominal
27455,12,1990-02-16,0.01,-169.51,SITE_037,0N170W,54.49693429344489,far_from_nominal
27456,12,1990-02-17,0.01,-169.51,SITE_037,0N170W,54.49693429344489,far_from_nominal
27457,12,1990-02-18,0.01,-169.52,SITE_037,0N170W,53.38521980549099,far_from_nominal
27458,12,1990-02-19,0.01,-169.51,SITE_037,0N170W,54.49693429344489,far_from_nominal
27459,12,1990-02-20,0.01,-169.51,SITE_037,0N170W,54.49693429344489,far_from_nominal
27460,12,1990-02-21,0.0,-169.51,SITE_037,0N170W,54.48558931443339,far_from_nominal
27461,12,1990-02-22,0.0,-169.51,SITE_037,0N170W,54.48558931443339,far_from_nominal
27462,12,1990-02-23,0.0,-169.52,SITE_037,0N170W,53.373638512095305,far_from_nominal
27463,12,1990-02-24,0.0,-169.53,SITE_037,0N170W,52.26168770976004,far_from_nominal
27464,12,1990-02-25,-0.01,-169.53,SITE_037,0N170W,52.27351536988832,far_from_nominal
27465,12,1990-02-26,0.0,-169.53,SITE_037,0N170W,52.26168770976004,far_from_nominal
27466,12,1990-02-27,0.01,-169.51,SITE_037,0N170W,54.49693429344489,far_from_nominal
27467,12,1990-02-28,0.01,-169.52,SITE_037,0N170W,53.38521980549099,far_from_nominal
27468,12,1990-03-01,0.0,-169.53,SITE_037,0N170W,52.26168770976004,far_from_nominal
27469,12,1990-03-02,0.0,-169.53,SITE_037,0N170W,52.26168770976004,far_from_nominal
27470,12,1990-03-03,0.0,-169.54,SITE_037,0N170W,51.14973690742761,far_from_nominal
27471,12,1990-03-04,0.0,-169.54,SITE_037,0N170W,51.14973690742761,far_from_nominal
27472,12,1990-03-05,0.0,-169.53,SITE_037,0N170W,52.26168770976004,far_from_nominal
27473,12,1990-03-06,-0.01,-169.53,SITE_037,0N170W,52.27351536988832,far_from_nominal
27474,12,1990-03-07,0.0,-169.53,SITE_037,0N170W,52.26168770976004,far_from_nominal
27475,12,1990-03-08,0.0,-169.53,SITE_037,0N170W,52.26168770976004,far_from_nominal
27476,12,1990-03-09,0.0,-169.53,SITE_037,0N170W,52.26168770976004,far_from_nominal
27477,12,1990-03-10,0.0,-169.53,SITE_037,0N170W,52.26168770976004,far_from_nominal
27478,12,1990-03-11,0.01,-169.54,SITE_037,0N170W,51.161821641924774,far_from_nominal
27479,12,1990-03-12,0.0,-169.53,SITE_037,0N170W,52.26168770976004,far_from_nominal
27480,12,1990-03-13,0.0,-169.53,SITE_037,0N170W,52.26168770976004,far_from_nominal
27481,12,1990-03-14,0.0,-169.54,SITE_037,0N170W,51.14973690742761,far_from_nominal
27482,12,1990-03-15,-0.01,-169.54,SITE_037,0N170W,51.161821641924774,far_from_nominal
27483,12,1990-03-16,0.0,-169.53,SITE_037,0N170W,52.26168770976004,far_from_nominal
27484,12,1990-03-17,-0.01,-169.53,SITE_037,0N170W,52.27351536988832,far_from_nominal
27485,12,1990-03-18,0.0,-169.54,SITE_037,0N170W,51.14973690742761,far_from_nominal
27486,12,1990-03-19,0.0,-169.53,SITE_037,0N170W,52.26168770976004,far_from_nominal
27487,12,1990-03-20,0.0,-169.52,SITE_037,0N170W,53.373638512095305,far_from_nominal
27488,12,1990-03-21,0.0,-169.52,SITE_037,0N170W,53.373638512095305,far_from_nominal
27489,12,1990-03-22,-0.01,-169.51,SITE_037,0N170W,54.49693429344489,far_from_nominal
27490,12,1990-03-23,0.0,-169.51,SITE_037,0N170W,54.48558931443339,far_from_nominal
27491,12,1990-03-24,0.01,-169.51,SITE_037,0N170W,54.49693429344489,far_from_nominal
27492,12,1990-03-25,-0.01,-169.51,SITE_037,0N170W,54.49693429344489,far_from_nominal
27493,12,1990-03-26,0.01,-169.5,SITE_037,0N170W,55.60865823085222,far_from_nominal
27494,12,1990-03-27,0.0,-169.51,SITE_037,0N170W,54.48558931443339,far_from_nominal
27495,12,1990-03-28,0.0,-169.5,SITE_037,0N170W,55.59754011676865,far_from_nominal
27496,12,1990-03-29,0.0,-169.5,SITE_037,0N170W,55.59754011676865,far_from_nominal
27497,12,1990-03-30,0.0,-169.5,SITE_037,0N170W,55.59754011676865,far_from_nominal
27498,12,1990-03-31,-0.01,-169.5,SITE_037,0N170W,55.60865823085222,far_from_nominal
27499,12,1990-04-01,-0.01,-169.51,SITE_037,0N170W,54.49693429344489,far_from_nominal
27500,12,1990-04-02,-0.01,-169.51,SITE_037,0N170W,54.49693429344489,far_from_nominal
27501,12,1990-04-03,-0.01,-169.51,SITE_037,0N170W,54.49693429344489,far_from_nominal
27502,12,1990-04-04,0.0,-169.5,SITE_037,0N170W,55.59754011676865,far_from_nominal
27503,12,1990-04-05,0.0,-169.51,SITE_037,0N170W,54.48558931443339,far_from_nominal
27504,12,1990-04-06,0.0,-169.51,SITE_037,0N170W,54.48558931443339,far_from_nominal
27505,12,1990-04-07,0.0,-169.51,SITE_037,0N170W,54.48558931443339,far_from_nominal
27506,12,1990-04-08,0.01,-169.51,SITE_037,0N170W,54.49693429344489,far_from_nominal
27507,12,1990-04-09,0.01,-169.51,SITE_037,0N170W,54.49693429344489,far_from_nominal
27508,12,1990-04-10,0.01,-169.51,SITE_037,0N170W,54.49693429344489,far_from_nominal
27509,12,1990-04-11,-0.03,-169.5,SITE_037,0N170W,55.697523246872954,far_from_nominal
27510,12,1990-04-12,-0.03,-169.5,SITE_037,0N170W,55.697523246872954,far_from_nominal
27511,12,1990-04-13,-0.03,-169.5,SITE_037,0N170W,55.697523246872954,far_from_nominal
27512,12,1990-04-14,-0.02,-169.49,SITE_037,0N170W,56.753078929971636,far_from_nominal
27513,12,1990-04-15,-0.02,-169.49,SITE_037,0N170W,56.753078929971636,far_from_nominal
27514,12,1990-04-16,-0.01,-169.49,SITE_037,0N170W,56.720391062082804,far_from_nominal
27515,12,1990-04-17,-0.02,-169.49,SITE_037,0N170W,56.753078929971636,far_from_nominal
27516,12,1990-04-18,-0.03,-169.49,SITE_037,0N170W,56.807516911862685,far_from_nominal
27517,12,1990-04-19,-0.03,-169.5,SITE_037,0N170W,55.697523246872954,far_from_nominal
27518,12,1990-04-20,-0.02,-169.5,SITE_037,0N170W,55.64199924369912,far_from_nominal
27519,12,1990-04-21,-0.04,-169.5,SITE_037,0N170W,55.77516399111833,far_from_nominal
27520,12,1990-04-22,-0.02,-169.49,SITE_037,0N170W,56.753078929971636,far_from_nominal
27521,12,1990-04-23,-0.02,-169.49,SITE_037,0N170W,56.753078929971636,far_from_nominal
27522,12,1990-04-24,-0.01,-169.5,SITE_037,0N170W,55.60865823085222,far_from_nominal
27523,12,1990-04-25,-0.01,-169.5,SITE_037,0N170W,55.60865823085222,far_from_nominal
27524,12,1990-04-26,-0.01,-169.5,SITE_037,0N170W,55.60865823085222,far_from_nominal
27525,12,1990-04-27,-0.01,-169.5,SITE_037,0N170W,55.60865823085222,far_from_nominal
27526,12,1990-04-28,-0.01,-169.5,SITE_037,0N170W,55.60865823085222,far_from_nominal
27527,12,1990-04-29,-0.02,-169.49,SITE_037,0N170W,56.753078929971636,far_from_nominal
27528,12,1990-04-30,-0.04,-169.49,SITE_037,0N170W,56.88364256282754,far_from_nominal
27529,12,1990-05-01,-0.05,-169.49,SITE_037,0N170W,56.98136896041953,far_from_nominal
27530,12,1990-05-02,-0.02,-169.49,SITE_037,0N170W,56.753078929971636,far_from_nominal
27531,12,1990-05-03,-0.02,-169.49,SITE_037,0N170W,56.753078929971636,far_from_nominal
27532,12,1990-05-04,-0.02,-169.49,SITE_037,0N170W,56.753078929971636,far_from_nominal
27533,12,1990-05-05,-0.02,-169.49,SITE_037,0N170W,56.753078929971636,far_from_nominal
27534,12,1990-05-06,-0.03,-169.49,SITE_037,0N170W,56.807516911862685,far_from_nominal
27535,12,1990-05-07,-0.02,-169.49,SITE_037,0N170W,56.753078929971636,far_from_nominal
27536,12,1990-05-08,-0.02,-169.49,SITE_037,0N170W,56.753078929971636,far_from_nominal
27537,12,1990-05-09,-0.02,-169.49,SITE_037,0N170W,56.753078929971636,far_from_nominal
27538,12,1990-05-10,-0.02,-169.49,SITE_037,0N170W,56.753078929971636,far_from_nominal
27539,12,1990-05-11,-0.02,-169.49,SITE_037,0N170W,56.753078929971636,far_from_nominal
27540,12,1990-05-12,-0.02,-169.49,SITE_037,0N170W,56.753078929971636,far_from_nominal
27541,12,1990-05-13,-0.01,-169.49,SITE_037,0N170W,56.720391062082804,far_from_nominal
27542,12,1990-05-14,-0.01,-169.49,SITE_037,0N170W,56.720391062082804,far_from_nominal
27543,12,1990-05-15,-0.02,-169.49,SITE_037,0N170W,56.753078929971636,far_from_nominal
27544,12,1990-05-16,-0.02,-169.49,SITE_037,0N170W,56.753078929971636,far_from_nominal
27545,12,1990-05-17,-0.01,-169.49,SITE_037,0N170W,56.720391062082804,far_from_nominal
27546,12,1990-05-18,-0.02,-169.48,SITE_037,0N170W,57.864192081987945,far_from_nominal
27547,12,1990-05-19,-0.02,-169.49,SITE_037,0N170W,56.753078929971636,far_from_nominal
27548,12,1990-05-20,-0.02,-169.49,SITE_037,0N170W,56.753078929971636,far_from_nominal
27549,12,1990-05-21,-0.01,-169.49,SITE_037,0N170W,56.720391062082804,far_from_nominal
27550,12,1990-05-22,-0.01,-169.49,SITE_037,0N170W,56.720391062082804,far_from_nominal
27551,12,1990-05-23,-0.01,-169.49,SITE_037,0N170W,56.720391062082804,far_from_nominal
27552,12,1990-05-24,-0.01,-169.49,SITE_037,0N170W,56.720391062082804,far_from_nominal
27553,12,1990-05-25,-0.02,-169.48,SITE_037,0N170W,57.864192081987945,far_from_nominal
27554,12,1990-05-26,-0.02,-169.49,SITE_037,0N170W,56.753078929971636,far_from_nominal
27555,12,1990-05-27,-0.02,-169.48,SITE_037,0N170W,57.864192081987945,far_from_nominal
27556,12,1990-05-28,-0.02,-169.48,SITE_037,0N170W,57.864192081987945,far_from_nominal
27557,12,1990-05-29,-0.02,-169.49,SITE_037,0N170W,56.753078929971636,far_from_nominal
27558,12,1990-05-30,-0.01,-169.49,SITE_037,0N170W,56.720391062082804,far_from_nominal
27559,12,1990-05-31,-0.02,-169.48,SITE_037,0N170W,57.864192081987945,far_from_nominal
27560,12,1990-06-01,-0.02,-169.49,SITE_037,0N170W,56.753078929971636,far_from_nominal
27561,12,1990-06-02,-0.02,-169.48,SITE_037,0N170W,57.864192081987945,far_from_nominal
27562,12,1990-06-03,-0.02,-169.48,SITE_037,0N170W,57.864192081987945,far_from_nominal
27563,12,1990-06-04,-0.02,-169.49,SITE_037,0N170W,56.753078929971636,far_from_nominal
27564,12,1990-06-05,-0.02,-169.49,SITE_037,0N170W,56.753078929971636,far_from_nominal
27565,12,1990-06-06,-0.03,-169.49,SITE_037,0N170W,56.807516911862685,far_from_nominal
27566,12,1990-06-07,-0.04,-169.49,SITE_037,0N170W,56.88364256282754,far_from_nominal
27567,12,1990-06-08,-0.02,-169.48,SITE_037,0N170W,57.864192081987945,far_from_nominal
27568,12,1990-06-09,-0.02,-169.49,SITE_037,0N170W,56.753078929971636,far_from_nominal
27569,12,1990-06-10,-0.02,-169.49,SITE_037,0N170W,56.753078929971636,far_from_nominal
27570,12,1990-06-11,-0.02,-169.48,SITE_037,0N170W,57.864192081987945,far_from_nominal
27571,12,1990-06-12,-0.02,-169.48,SITE_037,0N170W,57.864192081987945,far_from_nominal
27572,12,1990-06-13,-0.02,-169.48,SITE_037,0N170W,57.864192081987945,far_from_nominal
27573,12,1990-06-14,-0.02,-169.48,SITE_037,0N170W,57.864192081987945,far_from_nominal
27574,12,1990-06-15,-0.02,-169.48,SITE_037,0N170W,57.864192081987945,far_from_nominal
27575,12,1990-06-16,0.0,-169.48,SITE_037,0N170W,57.82144172143917,far_from_nominal
27576,12,1990-06-17,-0.02,-169.48,SITE_037,0N170W,57.864192081987945,far_from_nominal
27577,12,1990-06-18,-0.02,-169.49,SITE_037,0N170W,56.753078929971636,far_from_nominal
27578,12,1990-06-19,-0.02,-169.48,SITE_037,0N170W,57.864192081987945,far_from_nominal
27579,12,1990-06-20,-0.02,-169.49,SITE_037,0N170W,56.753078929971636,far_from_nominal
27580,12,1990-06-21,-0.02,-169.49,SITE_037,0N170W,56.753078929971636,far_from_nominal
27581,12,1990-06-22,-0.02,-169.49,SITE_037,0N170W,56.753078929971636,far_from_nominal
27582,12,1990-06-23,-0.02,-169.49,SITE_037,0N170W,56.753078929971636,far_from_nominal
27583,12,1990-06-24,-0.02,-169.48,SITE_037,0N170W,57.864192081987945,far_from_nominal
27584,12,1990-06-25,-0.02,-169.49,SITE_037,0N170W,56.753078929971636,far_from_nominal
27585,12,1990-06-26,-0.02,-169.49,SITE_037,0N170W,56.753078929971636,far_from_nominal
27586,12,1990-06-27,-0.02,-169.49,SITE_037,0N170W,56.753078929971636,far_from_nominal
27587,12,1990-06-28,-0.02,-169.48,SITE_037,0N170W,57.864192081987945,far_from_nominal
27588,12,1990-06-29,-0.02,-169.49,SITE_037,0N170W,56.753078929971636,far_from_nominal
27589,12,1990-06-30,-0.02,-169.49,SITE_037,0N170W,56.753078929971636,far_from_nominal
27590,12,1990-07-01,-0.02,-169.49,SITE_037,0N170W,56.753078929971636,far_from_nominal
27591,12,1990-07-02,-0.02,-169.49,SITE_037,0N170W,56.753078929971636,far_from_nominal
27592,12,1990-07-03,-0.03,-169.49,SITE_037,0N170W,56.807516911862685,far_from_nominal
27593,12,1990-07-04,-0.03,-169.49,SITE_037,0N170W,56.807516911862685,far_from_nominal
27594,12,1990-07-05,-0.03,-169.48,SITE_037,0N170W,57.91758565837718,far_from_nominal
27595,12,1990-07-06,-0.02,-169.49,SITE_037,0N170W,56.753078929971636,far_from_nominal
27596,12,1990-07-07,-0.02,-169.48,SITE_037,0N170W,57.864192081987945,far_from_nominal
27597,12,1990-07-08,-0.02,-169.48,SITE_037,0N170W,57.864192081987945,far_from_nominal
27598,12,1990-07-09,-0.02,-169.49,SITE_037,0N170W,56.753078929971636,far_from_nominal
27599,12,1990-07-10,-0.02,-169.49,SITE_037,0N170W,56.753078929971636,far_from_nominal
27600,12,1990-07-11,-0.02,-169.49,SITE_037,0N170W,56.753078929971636,far_from_nominal
27601,12,1990-07-12,-0.02,-169.49,SITE_037,0N170W,56.753078929971636,far_from_nominal
27602,12,1990-07-13,-0.02,-169.48,SITE_037,0N170W,57.864192081987945,far_from_nominal
27603,12,1990-07-14,-0.03,-169.48,SITE_037,0N170W,57.91758565837718,far_from_nominal
27604,12,1990-07-15,-0.02,-169.49,SITE_037,0N170W,56.753078929971636,far_from_nominal
27605,12,1990-07-16,-0.02,-169.49,SITE_037,0N170W,56.753078929971636,far_from_nominal
27606,12,1990-07-17,-0.02,-169.49,SITE_037,0N170W,56.753078929971636,far_from_nominal
27607,12,1990-07-18,-0.02,-169.49,SITE_037,0N170W,56.753078929971636,far_from_nominal
27608,12,1990-07-19,-0.03,-169.49,SITE_037,0N170W,56.807516911862685,far_from_nominal
27609,12,1990-07-20,-0.03,-169.49,SITE_037,0N170W,56.807516911862685,far_from_nominal
27610,12,1990-07-21,-0.02,-169.49,SITE_037,0N170W,56.753078929971636,far_from_nominal
27611,12,1990-07-22,-0.02,-169.49,SITE_037,0N170W,56.753078929971636,far_from_nominal
27612,12,1990-07-23,-0.03,-169.49,SITE_037,0N170W,56.807516911862685,far_from_nominal
27613,12,1990-07-24,-0.03,-169.5,SITE_037,0N170W,55.697523246872954,far_from_nominal
27614,12,1990-07-25,-0.03,-169.49,SITE_037,0N170W,56.807516911862685,far_from_nominal
27615,12,1990-07-26,-0.02,-169.49,SITE_037,0N170W,56.753078929971636,far_from_nominal
27616,12,1990-07-27,-0.02,-169.49,SITE_037,0N170W,56.753078929971636,far_from_nominal
27617,12,1990-07-28,-0.03,-169.49,SITE_037,0N170W,56.807516911862685,far_from_nominal
27618,12,1990-07-29,-0.01,-169.49,SITE_037,0N170W,56.720391062082804,far_from_nominal
27619,12,1990-07-30,-0.01,-169.48,SITE_037,0N170W,57.832132274235235,far_from_nominal
27620,12,1990-07-31,-0.03,-169.49,SITE_037,0N170W,56.807516911862685,far_from_nominal
27621,12,1990-08-01,-0.05,-169.5,SITE_037,0N170W,55.87482927970678,far_from_nominal
27622,12,1990-08-02,-0.03,-169.49,SITE_037,0N170W,56.807516911862685,far_from_nominal
27623,12,1990-08-03,-0.02,-169.49,SITE_037,0N170W,56.753078929971636,far_from_nominal
27624,12,1990-08-04,-0.03,-169.49,SITE_037,0N170W,56.807516911862685,far_from_nominal
27625,12,1990-08-05,-0.03,-169.49,SITE_037,0N170W,56.807516911862685,far_from_nominal
27626,12,1990-08-06,-0.02,-169.49,SITE_037,0N170W,56.753078929971636,far_from_nominal
27627,12,1990-08-07,-0.02,-169.49,SITE_037,0N170W,56.753078929971636,far_from_nominal
27628,12,1990-08-08,-0.04,-169.49,SITE_037,0N170W,56.88364256282754,far_from_nominal
27629,12,1990-08-09,-0.03,-169.49,SITE_037,0N170W,56.807516911862685,far_from_nominal
27630,12,1990-08-10,-0.04,-169.49,SITE_037,0N170W,56.88364256282754,far_from_nominal
27631,12,1990-08-11,-0.02,-169.49,SITE_037,0N170W,56.753078929971636,far_from_nominal
27632,12,1990-08-12,-0.03,-169.49,SITE_037,0N170W,56.807516911862685,far_from_nominal
27633,12,1990-08-13,-0.03,-169.49,SITE_037,0N170W,56.807516911862685,far_from_nominal
27634,12,1990-08-14,-0.02,-169.49,SITE_037,0N170W,56.753078929971636,far_from_nominal
27635,12,1990-08-15,-0.02,-169.49,SITE_037,0N170W,56.753078929971636,far_from_nominal
27636,12,1990-08-16,-0.02,-169.49,SITE_037,0N170W,56.753078929971636,far_from_nominal
27637,12,1990-08-17,-0.03,-169.5,SITE_037,0N170W,55.697523246872954,far_from_nominal
27638,12,1990-08-18,-0.01,-169.5,SITE_037,0N170W,55.60865823085222,far_from_nominal
27639,12,1990-08-19,-0.02,-169.5,SITE_037,0N170W,55.64199924369912,far_from_nominal
27640,12,1990-08-20,-0.03,-169.5,SITE_037,0N170W,55.697523246872954,far_from_nominal
27641,12,1990-08-21,-0.03,-169.49,SITE_037,0N170W,56.807516911862685,far_from_nominal
27642,12,1990-08-22,-0.02,-169.49,SITE_037,0N170W,56.753078929971636,far_from_nominal
27643,12,1990-08-23,-0.02,-169.49,SITE_037,0N170W,56.753078929971636,far_from_nominal
27644,12,1990-08-24,-0.03,-169.49,SITE_037,0N170W,56.807516911862685,far_from_nominal
27645,12,1990-08-25,-0.01,-169.49,SITE_037,0N170W,56.720391062082804,far_from_nominal
27646,12,1990-08-26,-0.02,-169.48,SITE_037,0N170W,57.864192081987945,far_from_nominal
27647,12,1990-08-27,-0.02,-169.49,SITE_037,0N170W,56.753078929971636,far_from_nominal
27648,12,1990-08-28,-0.04,-169.49,SITE_037,0N170W,56.88364256282754,far_from_nominal
27649,12,1990-08-29,-0.01,-169.49,SITE_037,0N170W,56.720391062082804,far_from_nominal
27650,12,1990-08-30,-0.01,-169.5,SITE_037,0N170W,55.60865823085222,far_from_nominal
27651,12,1990-08-31,-0.02,-169.49,SITE_037,0N170W,56.753078929971636,far_from_nominal
27652,12,1990-09-01,-0.02,-169.49,SITE_037,0N170W,56.753078929971636,far_from_nominal
27653,12,1990-09-02,-0.01,-169.49,SITE_037,0N170W,56.720391062082804,far_from_nominal
27654,12,1990-09-03,-0.01,-169.48,SITE_037,0N170W,57.832132274235235,far_from_nominal
27655,12,1990-09-04,-0.02,-169.48,SITE_037,0N170W,57.864192081987945,far_from_nominal
27656,12,1990-09-05,-0.02,-169.48,SITE_037,0N170W,57.864192081987945,far_from_nominal
27657,12,1990-09-06,-0.02,-169.49,SITE_037,0N170W,56.753078929971636,far_from_nominal
27658,12,1990-09-07,-0.01,-169.49,SITE_037,0N170W,56.720391062082804,far_from_nominal
27659,12,1990-09-08,-0.02,-169.49,SITE_037,0N170W,56.753078929971636,far_from_nominal
27660,12,1990-09-09,-0.03,-169.5,SITE_037,0N170W,55.697523246872954,far_from_nominal
27661,12,1990-09-10,-0.02,-169.51,SITE_037,0N170W,54.53095506877633,far_from_nominal
27662,12,1990-09-11,-0.02,-169.51,SITE_037,0N170W,54.53095506877633,far_from_nominal
27663,12,1990-09-12,-0.02,-169.51,SITE_037,0N170W,54.53095506877633,far_from_nominal
27664,12,1990-09-13,-0.02,-169.52,SITE_037,0N170W,53.41994862093073,far_from_nominal
27665,12,1990-09-14,-0.01,-169.52,SITE_037,0N170W,53.38521980549099,far_from_nominal
27666,12,1990-09-15,-0.02,-169.51,SITE_037,0N170W,54.53095506877633,far_from_nominal
27667,12,1990-09-16,-0.02,-169.51,SITE_037,0N170W,54.53095506877633,far_from_nominal
27668,12,1990-09-17,-0.02,-169.52,SITE_037,0N170W,53.41994862093073,far_from_nominal
27669,12,1990-09-18,-0.02,-169.51,SITE_037,0N170W,54.53095506877633,far_from_nominal
27670,12,1990-09-19,-0.03,-169.51,SITE_037,0N170W,54.587609243560536,far_from_nominal
27671,12,1990-09-20,-0.03,-169.5,SITE_037,0N170W,55.697523246872954,far_from_nominal
27672,12,1990-09-21,-0.02,-169.5,SITE_037,0N170W,55.64199924369912,far_from_nominal
27673,12,1990-09-22,-0.01,-169.5,SITE_037,0N170W,55.60865823085222,far_from_nominal
27674,12,1990-09-23,-0.01,-169.5,SITE_037,0N170W,55.60865823085222,far_from_nominal
27675,12,1990-09-24,-0.01,-169.51,SITE_037,0N170W,54.49693429344489,far_from_nominal
27676,12,1990-09-25,-0.02,-169.51,SITE_037,0N170W,54.53095506877633,far_from_nominal
27677,12,1990-09-26,-0.02,-169.51,SITE_037,0N170W,54.53095506877633,far_from_nominal
27678,12,1990-09-27,-0.03,-169.51,SITE_037,0N170W,54.587609243560536,far_from_nominal
27679,12,1990-09-28,-0.03,-169.5,SITE_037,0N170W,55.697523246872954,far_from_nominal
27680,12,1990-09-29,-0.03,-169.5,SITE_037,0N170W,55.697523246872954,far_from_nominal
27681,12,1990-09-30,-0.03,-169.49,SITE_037,0N170W,56.807516911862685,far_from_nominal
27682,12,1990-10-01,-0.03,-169.5,SITE_037,0N170W,55.697523246872954,far_from_nominal
27683,12,1990-10-02,-0.03,-169.5,SITE_037,0N170W,55.697523246872954,far_from_nominal
27684,12,1990-10-03,-0.02,-169.49,SITE_037,0N170W,56.753078929971636,far_from_nominal
27685,12,1990-10-04,-0.02,-169.49,SITE_037,0N170W,56.753078929971636,far_from_nominal
27686,12,1990-10-05,-0.01,-169.49,SITE_037,0N170W,56.720391062082804,far_from_nominal
27687,12,1990-10-06,-0.02,-169.49,SITE_037,0N170W,56.753078929971636,far_from_nominal
27688,12,1990-10-07,-0.01,-169.49,SITE_037,0N170W,56.720391062082804,far_from_nominal
27689,12,1990-10-08,-0.01,-169.49,SITE_037,0N170W,56.720391062082804,far_from_nominal
27690,12,1990-10-09,-0.02,-169.49,SITE_037,0N170W,56.753078929971636,far_from_nominal
27691,12,1990-10-10,-0.02,-169.49,SITE_037,0N170W,56.753078929971636,far_from_nominal
27692,12,1990-10-11,-0.01,-169.49,SITE_037,0N170W,56.720391062082804,far_from_nominal
27693,12,1990-10-12,-0.02,-169.49,SITE_037,0N170W,56.753078929971636,far_from_nominal
27694,12,1990-10-13,-0.02,-169.49,SITE_037,0N170W,56.753078929971636,far_from_nominal
27695,12,1990-10-14,-0.03,-169.49,SITE_037,0N170W,56.807516911862685,far_from_nominal
27696,12,1990-10-15,-0.03,-169.49,SITE_037,0N170W,56.807516911862685,far_from_nominal
27697,12,1990-10-16,-0.03,-169.5,SITE_037,0N170W,55.697523246872954,far_from_nominal
27698,12,1990-10-17,-0.03,-169.51,SITE_037,0N170W,54.587609243560536,far_from_nominal
27699,12,1990-10-18,-0.03,-169.51,SITE_037,0N170W,54.587609243560536,far_from_nominal
27700,12,1990-10-19,-0.02,-169.51,SITE_037,0N170W,54.53095506877633,far_from_nominal
27701,12,1990-10-20,-0.02,-169.51,SITE_037,0N170W,54.53095506877633,far_from_nominal
27702,12,1990-10-21,-0.03,-169.5,SITE_037,0N170W,55.697523246872954,far_from_nominal
27703,12,1990-10-22,-0.03,-169.49,SITE_037,0N170W,56.807516911862685,far_from_nominal
27704,12,1990-10-23,-0.02,-169.48,SITE_037,0N170W,57.864192081987945,far_from_nominal
27705,12,1990-10-24,-0.02,-169.49,SITE_037,0N170W,56.753078929971636,far_from_nominal
27706,12,1990-10-25,-0.02,-169.49,SITE_037,0N170W,56.753078929971636,far_from_nominal
27707,12,1990-10-26,-0.02,-169.49,SITE_037,0N170W,56.753078929971636,far_from_nominal
27708,12,1990-10-27,-0.01,-169.49,SITE_037,0N170W,56.720391062082804,far_from_nominal
27709,12,1990-10-28,-0.02,-169.5,SITE_037,0N170W,55.64199924369912,far_from_nominal
27710,12,1990-10-29,-0.02,-169.48,SITE_037,0N170W,57.864192081987945,far_from_nominal
27711,12,1990-10-30,-0.02,-169.49,SITE_037,0N170W,56.753078929971636,far_from_nominal
27712,12,1990-10-31,-0.02,-169.49,SITE_037,0N170W,56.753078929971636,far_from_nominal
27713,12,1990-11-01,-0.03,-169.48,SITE_037,0N170W,57.91758565837718,far_from_nominal
27714,12,1990-11-02,-0.02,-169.49,SITE_037,0N170W,56.753078929971636,far_from_nominal
27715,12,1990-11-03,-0.02,-169.49,SITE_037,0N170W,56.753078929971636,far_from_nominal
27716,12,1990-11-04,-0.01,-169.49,SITE_037,0N170W,56.720391062082804,far_from_nominal
27717,12,1990-11-05,-0.01,-169.49,SITE_037,0N170W,56.720391062082804,far_from_nominal
27718,12,1990-11-06,-0.02,-169.49,SITE_037,0N170W,56.753078929971636,far_from_nominal
27719,12,1990-11-07,-0.01,-169.49,SITE_037,0N170W,56.720391062082804,far_from_nominal
27720,12,1990-11-08,-0.01,-169.49,SITE_037,0N170W,56.720391062082804,far_from_nominal
27721,12,1990-11-09,-0.02,-169.49,SITE_037,0N170W,56.753078929971636,far_from_nominal
27722,12,1990-11-10,-0.03,-169.49,SITE_037,0N170W,56.807516911862685,far_from_nominal
27723,12,1990-11-11,-0.02,-169.49,SITE_037,0N170W,56.753078929971636,far_from_nominal
27724,12,1990-11-30,-0.02,-169.49,SITE_037,0N170W,56.753078929971636,far_from_nominal
27725,12,1990-12-01,-0.01,-169.48,SITE_037,0N170W,57.832132274235235,far_from_nominal
27726,12,1990-12-02,-0.02,-169.49,SITE_037,0N170W,56.753078929971636,far_from_nominal
27727,12,1990-12-03,-0.02,-169.49,SITE_037,0N170W,56.753078929971636,far_from_nominal
27728,12,1990-12-04,-0.02,-169.49,SITE_037,0N170W,56.753078929971636,far_from_nominal
27729,12,1990-12-05,-0.01,-169.49,SITE_037,0N170W,56.720391062082804,far_from_nominal
27730,12,1990-12-06,-0.02,-169.48,SITE_037,0N170W,57.864192081987945,far_from_nominal
27731,12,1990-12-07,-0.02,-169.49,SITE_037,0N170W,56.753078929971636,far_from_nominal
27732,12,1990-12-08,-0.02,-169.49,SITE_037,0N170W,56.753078929971636,far_from_nominal
27733,12,1990-12-09,-0.02,-169.49,SITE_037,0N170W,56.753078929971636,far_from_nominal
27734,12,1990-12-10,-0.03,-169.5,SITE_037,0N170W,55.697523246872954,far_from_nominal
27735,12,1990-12-11,-0.03,-169.5,SITE_037,0N170W,55.697523246872954,far_from_nominal
27736,12,1990-12-12,-0.02,-169.51,SITE_037,0N170W,54.53095506877633,far_from_nominal
27737,12,1990-12-13,-0.03,-169.51,SITE_037,0N170W,54.587609243560536,far_from_nominal
27738,12,1990-12-14,-0.02,-169.5,SITE_037,0N170W,55.64199924369912,far_from_nominal
27739,12,1990-12-15,-0.02,-169.51,SITE_037,0N170W,54.53095506877633,far_from_nominal
27740,12,1990-12-16,-0.02,-169.51,SITE_037,0N170W,54.53095506877633,far_from_nominal
27741,12,1990-12-17,-0.02,-169.51,SITE_037,0N170W,54.53095506877633,far_from_nominal
27742,12,1990-12-18,-0.02,-169.52,SITE_037,0N170W,53.41994862093073,far_from_nominal
27743,12,1991-02-21,-0.02,-169.52,SITE_037,0N170W,53.41994862093073,far_from_nominal
27744,12,1991-02-22,-0.02,-169.52,SITE_037,0N170W,53.41994862093073,far_from_nominal
27745,12,1991-02-23,-0.02,-169.52,SITE_037,0N170W,53.41994862093073,far_from_nominal
27746,12,1991-02-24,-0.02,-169.51,SITE_037,0N170W,54.53095506877633,far_from_nominal
27747,12,1991-02-25,-0.01,-169.51,SITE_037,0N170W,54.49693429344489,far_from_nominal
27748,12,1991-02-26,-0.02,-169.53,SITE_037,0N170W,52.308982304058944,far_from_nominal
27749,12,1991-02-27,-0.02,-169.52,SITE_037,0N170W,53.41994862093073,far_from_nominal
27750,12,1991-02-28,-0.02,-169.51,SITE_037,0N170W,54.53095506877633,far_from_nominal
27751,12,1991-03-01,-0.01,-169.51,SITE_037,0N170W,54.49693429344489,far_from_nominal
27752,12,1991-03-02,-0.02,-169.52,SITE_037,0N170W,53.41994862093073,far_from_nominal
27753,12,1991-03-03,-0.02,-169.51,SITE_037,0N170W,54.53095506877633,far_from_nominal
27754,12,1991-03-04,-0.01,-169.51,SITE_037,0N170W,54.49693429344489,far_from_nominal
27755,12,1991-03-05,-0.02,-169.5,SITE_037,0N170W,55.64199924369912,far_from_nominal
27756,12,1991-03-06,-0.01,-169.51,SITE_037,0N170W,54.49693429344489,far_from_nominal
27757,12,1991-03-07,-0.01,-169.5,SITE_037,0N170W,55.60865823085222,far_from_nominal
27758,12,1991-03-08,-0.01,-169.51,SITE_037,0N170W,54.49693429344489,far_from_nominal
27759,12,1991-03-09,-0.01,-169.49,SITE_037,0N170W,56.720391062082804,far_from_nominal
27760,12,1991-03-10,-0.01,-169.49,SITE_037,0N170W,56.720391062082804,far_from_nominal
27761,12,1991-03-11,-0.02,-169.49,SITE_037,0N170W,56.753078929971636,far_from_nominal
27762,12,1991-03-12,-0.03,-169.5,SITE_037,0N170W,55.697523246872954,far_from_nominal
27763,12,1991-03-13,-0.02,-169.49,SITE_037,0N170W,56.753078929971636,far_from_nominal
27764,12,1991-03-14,-0.03,-169.49,SITE_037,0N170W,56.807516911862685,far_from_nominal
27765,12,1991-03-15,-0.03,-169.49,SITE_037,0N170W,56.807516911862685,far_from_nominal
27766,12,1991-03-16,-0.02,-169.49,SITE_037,0N170W,56.753078929971636,far_from_nominal
27767,12,1991-03-17,-0.02,-169.49,SITE_037,0N170W,56.753078929971636,far_from_nominal
27768,12,1991-03-18,-0.02,-169.49,SITE_037,0N170W,56.753078929971636,far_from_nominal
27769,12,1991-03-19,-0.02,-169.49,SITE_037,0N170W,56.753078929971636,far_from_nominal
27770,12,1991-03-20,-0.01,-169.49,SITE_037,0N170W,56.720391062082804,far_from_nominal
27771,12,1991-03-21,-0.02,-169.49,SITE_037,0N170W,56.753078929971636,far_from_nominal
27772,12,1991-03-22,-0.01,-169.48,SITE_037,0N170W,57.832132274235235,far_from_nominal
27773,12,1991-03-23,-0.01,-169.48,SITE_037,0N170W,57.832132274235235,far_from_nominal
27774,12,1991-03-24,-0.02,-169.48,SITE_037,0N170W,57.864192081987945,far_from_nominal
27775,12,1991-03-25,-0.01,-169.49,SITE_037,0N170W,56.720391062082804,far_from_nominal
27776,12,1991-03-26,-0.02,-169.49,SITE_037,0N170W,56.753078929971636,far_from_nominal
27777,12,1991-03-27,-0.02,-169.49,SITE_037,0N170W,56.753078929971636,far_from_nominal
27778,12,1991-03-28,-0.02,-169.49,SITE_037,0N170W,56.753078929971636,far_from_nominal
27779,12,1991-03-29,-0.02,-169.49,SITE_037,0N170W,56.753078929971636,far_from_nominal
27780,12,1991-03-30,-0.02,-169.48,SITE_037,0N170W,57.864192081987945,far_from_nominal
27781,12,1991-03-31,-0.02,-169.48,SITE_037,0N170W,57.864192081987945,far_from_nominal
27782,12,1991-04-01,-0.02,-169.48,SITE_037,0N170W,57.864192081987945,far_from_nominal
27783,12,1991-04-02,-0.02,-169.47,SITE_037,0N170W,58.97533680822578,far_from_nominal
27784,12,1991-04-03,-0.01,-169.49,SITE_037,0N170W,56.720391062082804,far_from_nominal
27785,12,1991-04-04,0.0,-169.49,SITE_037,0N170W,56.70949091910108,far_from_nominal
27786,12,1991-04-05,-0.02,-169.49,SITE_037,0N170W,56.753078929971636,far_from_nominal
27787,12,1991-04-06,-0.01,-169.49,SITE_037,0N170W,56.720391062082804,far_from_nominal
27788,12,1991-04-07,-0.01,-169.49,SITE_037,0N170W,56.720391062082804,far_from_nominal
27789,12,1991-04-08,-0.01,-169.49,SITE_037,0N170W,56.720391062082804,far_from_nominal
27790,12,1991-04-09,-0.02,-169.49,SITE_037,0N170W,56.753078929971636,far_from_nominal
27791,12,1991-04-10,-0.02,-169.49,SITE_037,0N170W,56.753078929971636,far_from_nominal
27792,12,1991-04-11,-0.02,-169.48,SITE_037,0N170W,57.864192081987945,far_from_nominal
27793,12,1991-04-12,-0.01,-169.49,SITE_037,0N170W,56.720391062082804,far_from_nominal
27794,12,1991-04-13,-0.01,-169.49,SITE_037,0N170W,56.720391062082804,far_from_nominal
27795,12,1991-04-14,-0.01,-169.48,SITE_037,0N170W,57.832132274235235,far_from_nominal
27796,12,1991-04-15,-0.01,-169.49,SITE_037,0N170W,56.720391062082804,far_from_nominal
27797,12,1991-04-16,-0.01,-169.49,SITE_037,0N170W,56.720391062082804,far_from_nominal
27798,12,1991-04-17,-0.02,-169.49,SITE_037,0N170W,56.753078929971636,far_from_nominal
27799,12,1991-04-18,-0.02,-169.49,SITE_037,0N170W,56.753078929971636,far_from_nominal
27800,12,1991-04-19,-0.03,-169.48,SITE_037,0N170W,57.91758565837718,far_from_nominal
27801,12,1991-04-20,-0.02,-169.5,SITE_037,0N170W,55.64199924369912,far_from_nominal
27802,12,1991-04-21,-0.02,-169.49,SITE_037,0N170W,56.753078929971636,far_from_nominal
27803,12,1991-04-22,-0.02,-169.49,SITE_037,0N170W,56.753078929971636,far_from_nominal
27804,12,1991-04-23,-0.01,-169.49,SITE_037,0N170W,56.720391062082804,far_from_nominal
27805,12,1991-04-24,-0.01,-169.49,SITE_037,0N170W,56.720391062082804,far_from_nominal
27806,12,1991-04-25,-0.01,-169.48,SITE_037,0N170W,57.832132274235235,far_from_nominal
27807,12,1991-04-26,-0.01,-169.48,SITE_037,0N170W,57.832132274235235,far_from_nominal
27808,12,1991-04-27,-0.02,-169.49,SITE_037,0N170W,56.753078929971636,far_from_nominal
27809,12,1991-04-28,-0.02,-169.48,SITE_037,0N170W,57.864192081987945,far_from_nominal
27810,12,1991-04-29,-0.01,-169.49,SITE_037,0N170W,56.720391062082804,far_from_nominal
27811,12,1991-04-30,-0.01,-169.49,SITE_037,0N170W,56.720391062082804,far_from_nominal
27812,12,1991-05-01,-0.01,-169.49,SITE_037,0N170W,56.720391062082804,far_from_nominal
27813,12,1991-05-02,-0.01,-169.49,SITE_037,0N170W,56.720391062082804,far_from_nominal
27814,12,1991-05-03,-0.01,-169.49,SITE_037,0N170W,56.720391062082804,far_from_nominal
27815,12,1991-05-04,-0.01,-169.48,SITE_037,0N170W,57.832132274235235,far_from_nominal
27816,12,1991-05-05,0.0,-169.49,SITE_037,0N170W,56.70949091910108,far_from_nominal
27817,12,1991-05-06,-0.01,-169.49,SITE_037,0N170W,56.720391062082804,far_from_nominal
27818,12,1991-05-07,-0.02,-169.49,SITE_037,0N170W,56.753078929971636,far_from_nominal
27819,12,1991-05-08,-0.02,-169.49,SITE_037,0N170W,56.753078929971636,far_from_nominal
27820,12,1991-05-09,-0.02,-169.49,SITE_037,0N170W,56.753078929971636,far_from_nominal
27821,12,1991-05-10,-0.02,-169.48,SITE_037,0N170W,57.864192081987945,far_from_nominal
27822,12,1991-05-11,-0.02,-169.49,SITE_037,0N170W,56.753078929971636,far_from_nominal
27823,12,1991-05-12,-0.02,-169.49,SITE_037,0N170W,56.753078929971636,far_from_nominal
27824,12,1991-05-13,-0.03,-169.49,SITE_037,0N170W,56.807516911862685,far_from_nominal
27825,12,1991-05-14,-0.01,-169.48,SITE_037,0N170W,57.832132274235235,far_from_nominal
27826,12,1991-05-15,-0.03,-169.49,SITE_037,0N170W,56.807516911862685,far_from_nominal
27827,12,1991-05-16,-0.02,-169.48,SITE_037,0N170W,57.864192081987945,far_from_nominal
27828,12,1991-05-17,-0.02,-169.49,SITE_037,0N170W,56.753078929971636,far_from_nominal
27829,12,1991-05-18,-0.02,-169.48,SITE_037,0N170W,57.864192081987945,far_from_nominal
27830,12,1991-05-19,-0.02,-169.48,SITE_037,0N170W,57.864192081987945,far_from_nominal
27831,12,1991-05-20,-0.02,-169.48,SITE_037,0N170W,57.864192081987945,far_from_nominal
27832,12,1991-05-21,-0.01,-169.48,SITE_037,0N170W,57.832132274235235,far_from_nominal
27833,12,1991-05-22,-0.01,-169.48,SITE_037,0N170W,57.832132274235235,far_from_nominal
27834,12,1991-05-23,-0.02,-169.48,SITE_037,0N170W,57.864192081987945,far_from_nominal
27835,12,1991-05-24,-0.02,-169.48,SITE_037,0N170W,57.864192081987945,far_from_nominal
27836,12,1991-05-25,-0.02,-169.49,SITE_037,0N170W,56.753078929971636,far_from_nominal
27837,12,1991-05-26,-0.02,-169.48,SITE_037,0N170W,57.864192081987945,far_from_nominal
27838,12,1991-05-27,-0.02,-169.48,SITE_037,0N170W,57.864192081987945,far_from_nominal
27839,12,1991-05-28,-0.02,-169.48,SITE_037,0N170W,57.864192081987945,far_from_nominal
27840,12,1991-05-29,-0.02,-169.49,SITE_037,0N170W,56.753078929971636,far_from_nominal
27841,12,1991-05-30,-0.01,-169.48,SITE_037,0N170W,57.832132274235235,far_from_nominal
27842,12,1991-05-31,-0.02,-169.49,SITE_037,0N170W,56.753078929971636,far_from_nominal
27843,12,1991-06-01,-0.01,-169.49,SITE_037,0N170W,56.720391062082804,far_from_nominal
27844,12,1991-06-02,-0.02,-169.49,SITE_037,0N170W,56.753078929971636,far_from_nominal
27845,12,1991-06-03,-0.02,-169.48,SITE_037,0N170W,57.864192081987945,far_from_nominal
27846,12,1991-06-04,-0.01,-169.49,SITE_037,0N170W,56.720391062082804,far_from_nominal
27847,12,1991-06-05,-0.01,-169.49,SITE_037,0N170W,56.720391062082804,far_from_nominal
27848,12,1991-06-06,-0.01,-169.49,SITE_037,0N170W,56.720391062082804,far_from_nominal
27849,12,1991-06-07,-0.02,-169.49,SITE_037,0N170W,56.753078929971636,far_from_nominal
27850,12,1991-06-08,-0.02,-169.49,SITE_037,0N170W,56.753078929971636,far_from_nominal
27851,12,1991-06-09,-0.01,-169.49,SITE_037,0N170W,56.720391062082804,far_from_nominal
27852,12,1991-06-10,-0.03,-169.49,SITE_037,0N170W,56.807516911862685,far_from_nominal
27853,12,1991-06-11,-0.01,-169.49,SITE_037,0N170W,56.720391062082804,far_from_nominal
27854,12,1991-06-12,-0.03,-169.49,SITE_037,0N170W,56.807516911862685,far_from_nominal
27855,12,1991-06-13,-0.03,-169.5,SITE_037,0N170W,55.697523246872954,far_from_nominal
27856,12,1991-06-14,-0.02,-169.5,SITE_037,0N170W,55.64199924369912,far_from_nominal
27857,12,1991-06-15,-0.03,-169.49,SITE_037,0N170W,56.807516911862685,far_from_nominal
27858,12,1991-06-16,-0.03,-169.49,SITE_037,0N170W,56.807516911862685,far_from_nominal
27859,12,1991-06-17,-0.02,-169.49,SITE_037,0N170W,56.753078929971636,far_from_nominal
27860,12,1991-06-18,-0.01,-169.49,SITE_037,0N170W,56.720391062082804,far_from_nominal
27861,12,1991-06-19,-0.01,-169.49,SITE_037,0N170W,56.720391062082804,far_from_nominal
27862,12,1991-06-20,-0.01,-169.49,SITE_037,0N170W,56.720391062082804,far_from_nominal
27863,12,1991-06-21,-0.01,-169.49,SITE_037,0N170W,56.720391062082804,far_from_nominal
27864,12,1991-06-22,-0.01,-169.49,SITE_037,0N170W,56.720391062082804,far_from_nominal
27865,12,1991-06-23,-0.01,-169.49,SITE_037,0N170W,56.720391062082804,far_from_nominal
27866,12,1991-06-24,-0.02,-169.49,SITE_037,0N170W,56.753078929971636,far_from_nominal
27867,12,1991-06-25,-0.02,-169.49,SITE_037,0N170W,56.753078929971636,far_from_nominal
27868,12,1991-06-26,-0.01,-169.48,SITE_037,0N170W,57.832132274235235,far_from_nominal
27869,12,1991-06-27,-0.02,-169.49,SITE_037,0N170W,56.753078929971636,far_from_nominal
27870,12,1991-06-28,-0.01,-169.49,SITE_037,0N170W,56.720391062082804,far_from_nominal
27871,12,1991-06-29,-0.01,-169.49,SITE_037,0N170W,56.720391062082804,far_from_nominal
27872,12,1991-06-30,-0.01,-169.49,SITE_037,0N170W,56.720391062082804,far_from_nominal
27873,12,1991-07-01,-0.01,-169.49,SITE_037,0N170W,56.720391062082804,far_from_nominal
27874,12,1991-07-02,-0.01,-169.48,SITE_037,0N170W,57.832132274235235,far_from_nominal
27875,12,1991-07-03,-0.01,-169.48,SITE_037,0N170W,57.832132274235235,far_from_nominal
27876,12,1991-07-04,-0.02,-169.48,SITE_037,0N170W,57.864192081987945,far_from_nominal
27877,12,1991-07-05,-0.02,-169.48,SITE_037,0N170W,57.864192081987945,far_from_nominal
27878,12,1991-07-06,-0.02,-169.49,SITE_037,0N170W,56.753078929971636,far_from_nominal
27879,12,1991-07-07,-0.01,-169.48,SITE_037,0N170W,57.832132274235235,far_from_nominal
27880,12,1991-07-08,-0.01,-169.49,SITE_037,0N170W,56.720391062082804,far_from_nominal
27881,12,1991-07-09,-0.01,-169.48,SITE_037,0N170W,57.832132274235235,far_from_nominal
27882,12,1991-07-10,-0.01,-169.49,SITE_037,0N170W,56.720391062082804,far_from_nominal
27883,12,1991-07-11,-0.02,-169.48,SITE_037,0N170W,57.864192081987945,far_from_nominal
27884,12,1991-07-12,-0.02,-169.49,SITE_037,0N170W,56.753078929971636,far_from_nominal
27885,12,1991-07-13,-0.01,-169.48,SITE_037,0N170W,57.832132274235235,far_from_nominal
27886,12,1991-07-14,-0.03,-169.49,SITE_037,0N170W,56.807516911862685,far_from_nominal
27887,12,1991-07-15,-0.01,-169.49,SITE_037,0N170W,56.720391062082804,far_from_nominal
27888,12,1991-07-16,-0.01,-169.49,SITE_037,0N170W,56.720391062082804,far_from_nominal
27889,12,1991-07-17,-0.01,-169.49,SITE_037,0N170W,56.720391062082804,far_from_nominal
27890,12,1991-07-18,-0.01,-169.49,SITE_037,0N170W,56.720391062082804,far_from_nominal
27891,12,1991-07-19,-0.01,-169.49,SITE_037,0N170W,56.720391062082804,far_from_nominal
27892,12,1991-07-20,-0.01,-169.49,SITE_037,0N170W,56.720391062082804,far_from_nominal
27893,12,1991-07-21,-0.02,-169.49,SITE_037,0N170W,56.753078929971636,far_from_nominal
27894,12,1991-07-22,-0.03,-169.49,SITE_037,0N170W,56.807516911862685,far_from_nominal
27895,12,1991-07-23,-0.02,-169.49,SITE_037,0N170W,56.753078929971636,far_from_nominal
27896,12,1991-07-24,-0.02,-169.48,SITE_037,0N170W,57.864192081987945,far_from_nominal
27897,12,1991-07-25,-0.02,-169.49,SITE_037,0N170W,56.753078929971636,far_from_nominal
27898,12,1991-07-26,-0.03,-169.49,SITE_037,0N170W,56.807516911862685,far_from_nominal
27899,12,1991-07-27,-0.02,-169.49,SITE_037,0N170W,56.753078929971636,far_from_nominal
27900,12,1991-07-28,-0.02,-169.49,SITE_037,0N170W,56.753078929971636,far_from_nominal
27901,12,1991-07-29,-0.02,-169.49,SITE_037,0N170W,56.753078929971636,far_from_nominal
27902,12,1991-07-30,-0.01,-169.49,SITE_037,0N170W,56.720391062082804,far_from_nominal
27903,12,1991-07-31,-0.02,-169.49,SITE_037,0N170W,56.753078929971636,far_from_nominal
27904,12,1991-08-01,-0.02,-169.49,SITE_037,0N170W,56.753078929971636,far_from_nominal
27905,12,1991-08-02,-0.03,-169.49,SITE_037,0N170W,56.807516911862685,far_from_nominal
27906,12,1991-08-03,-0.02,-169.49,SITE_037,0N170W,56.753078929971636,far_from_nominal
27907,12,1991-08-04,-0.02,-169.49,SITE_037,0N170W,56.753078929971636,far_from_nominal
27908,12,1991-08-05,-0.02,-169.49,SITE_037,0N170W,56.753078929971636,far_from_nominal
27909,12,1991-08-06,-0.02,-169.49,SITE_037,0N170W,56.753078929971636,far_from_nominal
27910,12,1991-08-07,-0.03,-169.49,SITE_037,0N170W,56.807516911862685,far_from_nominal
27911,12,1991-08-08,-0.01,-169.49,SITE_037,0N170W,56.720391062082804,far_from_nominal
27912,12,1991-08-09,-0.03,-169.49,SITE_037,0N170W,56.807516911862685,far_from_nominal
27913,12,1991-08-10,-0.02,-169.49,SITE_037,0N170W,56.753078929971636,far_from_nominal
27914,12,1991-08-11,-0.01,-169.48,SITE_037,0N170W,57.832132274235235,far_from_nominal
27915,12,1991-08-12,-0.02,-169.49,SITE_037,0N170W,56.753078929971636,far_from_nominal
27916,12,1991-08-13,-0.01,-169.49,SITE_037,0N170W,56.720391062082804,far_from_nominal
27917,12,1991-08-14,-0.02,-169.49,SITE_037,0N170W,56.753078929971636,far_from_nominal
27918,12,1991-08-15,-0.02,-169.49,SITE_037,0N170W,56.753078929971636,far_from_nominal
27919,12,1991-08-16,-0.03,-169.49,SITE_037,0N170W,56.807516911862685,far_from_nominal
27920,12,1991-08-17,-0.02,-169.49,SITE_037,0N170W,56.753078929971636,far_from_nominal
27921,12,1991-08-18,-0.03,-169.49,SITE_037,0N170W,56.807516911862685,far_from_nominal
27922,12,1991-08-19,-0.02,-169.5,SITE_037,0N170W,55.64199924369912,far_from_nominal
27923,12,1991-08-20,-0.01,-169.51,SITE_037,0N170W,54.49693429344489,far_from_nominal
27924,12,1991-08-21,-0.02,-169.51,SITE_037,0N170W,54.53095506877633,far_from_nominal
27925,12,1991-08-22,-0.01,-169.51,SITE_037,0N170W,54.49693429344489,far_from_nominal
27926,12,1991-08-23,-0.02,-169.51,SITE_037,0N170W,54.53095506877633,far_from_nominal
27927,12,1991-08-24,-0.03,-169.5,SITE_037,0N170W,55.697523246872954,far_from_nominal
27928,12,1991-08-25,-0.02,-169.52,SITE_037,0N170W,53.41994862093073,far_from_nominal
27929,12,1991-08-26,-0.02,-169.51,SITE_037,0N170W,54.53095506877633,far_from_nominal
27930,12,1991-08-27,-0.02,-169.5,SITE_037,0N170W,55.64199924369912,far_from_nominal
27931,12,1991-08-28,-0.02,-169.5,SITE_037,0N170W,55.64199924369912,far_from_nominal
27932,12,1991-08-29,0.0,-169.5,SITE_037,0N170W,55.59754011676865,far_from_nominal
27933,12,1991-08-30,-0.01,-169.51,SITE_037,0N170W,54.49693429344489,far_from_nominal
27934,12,1991-08-31,0.0,-169.5,SITE_037,0N170W,55.59754011676865,far_from_nominal
27935,12,1991-09-01,-0.01,-169.5,SITE_037,0N170W,55.60865823085222,far_from_nominal
27936,12,1991-09-02,-0.02,-169.5,SITE_037,0N170W,55.64199924369912,far_from_nominal
27937,12,1991-09-03,-0.03,-169.5,SITE_037,0N170W,55.697523246872954,far_from_nominal
27938,12,1991-09-04,-0.03,-169.5,SITE_037,0N170W,55.697523246872954,far_from_nominal
27939,12,1991-09-05,-0.02,-169.49,SITE_037,0N170W,56.753078929971636,far_from_nominal
27940,12,1991-09-06,-0.01,-169.5,SITE_037,0N170W,55.60865823085222,far_from_nominal
27941,12,1991-09-07,-0.02,-169.49,SITE_037,0N170W,56.753078929971636,far_from_nominal
27942,12,1991-09-08,-0.02,-169.49,SITE_037,0N170W,56.753078929971636,far_from_nominal
27943,12,1991-09-09,-0.01,-169.49,SITE_037,0N170W,56.720391062082804,far_from_nominal
27944,12,1991-09-10,-0.01,-169.49,SITE_037,0N170W,56.720391062082804,far_from_nominal
27945,12,1991-09-11,-0.02,-169.49,SITE_037,0N170W,56.753078929971636,far_from_nominal
27946,12,1991-09-12,-0.01,-169.49,SITE_037,0N170W,56.720391062082804,far_from_nominal
27947,12,1991-09-13,-0.02,-169.49,SITE_037,0N170W,56.753078929971636,far_from_nominal
27948,12,1991-09-14,-0.02,-169.49,SITE_037,0N170W,56.753078929971636,far_from_nominal
27949,12,1991-09-15,-0.02,-169.49,SITE_037,0N170W,56.753078929971636,far_from_nominal
27950,12,1991-09-16,-0.01,-169.5,SITE_037,0N170W,55.60865823085222,far_from_nominal
27951,12,1991-09-17,0.0,-169.49,SITE_037,0N170W,56.70949091910108,far_from_nominal
27952,12,1991-09-18,-0.01,-169.49,SITE_037,0N170W,56.720391062082804,far_from_nominal
27953,12,1991-09-19,-0.01,-169.49,SITE_037,0N170W,56.720391062082804,far_from_nominal
27954,12,1991-09-20,-0.02,-169.49,SITE_037,0N170W,56.753078929971636,far_from_nominal
27955,12,1991-09-21,-0.02,-169.5,SITE_037,0N170W,55.64199924369912,far_from_nominal
27956,12,1991-09-22,-0.03,-169.51,SITE_037,0N170W,54.587609243560536,far_from_nominal
27957,12,1991-09-23,-0.03,-169.51,SITE_037,0N170W,54.587609243560536,far_from_nominal
27958,12,1991-09-24,-0.02,-169.51,SITE_037,0N170W,54.53095506877633,far_from_nominal
27959,12,1991-09-25,-0.01,-169.52,SITE_037,0N170W,53.38521980549099,far_from_nominal
27960,12,1991-09-26,-0.01,-169.51,SITE_037,0N170W,54.49693429344489,far_from_nominal
27961,12,1991-09-27,-0.03,-169.5,SITE_037,0N170W,55.697523246872954,far_from_nominal
27962,12,1991-09-28,-0.02,-169.51,SITE_037,0N170W,54.53095506877633,far_from_nominal
27963,12,1991-09-29,-0.02,-169.51,SITE_037,0N170W,54.53095506877633,far_from_nominal
27964,12,1991-09-30,-0.02,-169.51,SITE_037,0N170W,54.53095506877633,far_from_nominal
27965,12,1991-10-01,-0.03,-169.5,SITE_037,0N170W,55.697523246872954,far_from_nominal
27966,12,1991-10-02,-0.03,-169.51,SITE_037,0N170W,54.587609243560536,far_from_nominal
27967,12,1991-10-03,-0.03,-169.51,SITE_037,0N170W,54.587609243560536,far_from_nominal
27968,12,1991-10-04,-0.02,-169.51,SITE_037,0N170W,54.53095506877633,far_from_nominal
27969,12,1991-10-05,-0.01,-169.51,SITE_037,0N170W,54.49693429344489,far_from_nominal
27970,12,1991-10-06,-0.01,-169.51,SITE_037,0N170W,54.49693429344489,far_from_nominal
27971,12,1991-10-07,-0.01,-169.51,SITE_037,0N170W,54.49693429344489,far_from_nominal
27972,12,1991-10-08,-0.03,-169.52,SITE_037,0N170W,53.477779861982825,far_from_nominal
27973,12,1991-10-09,-0.02,-169.51,SITE_037,0N170W,54.53095506877633,far_from_nominal
27974,12,1991-10-10,-0.02,-169.51,SITE_037,0N170W,54.53095506877633,far_from_nominal
27975,12,1991-10-11,-0.03,-169.51,SITE_037,0N170W,54.587609243560536,far_from_nominal
27976,12,1991-10-12,-0.03,-169.51,SITE_037,0N170W,54.587609243560536,far_from_nominal
27977,12,1991-10-13,-0.02,-169.51,SITE_037,0N170W,54.53095506877633,far_from_nominal
27978,12,1991-10-14,-0.02,-169.51,SITE_037,0N170W,54.53095506877633,far_from_nominal
27979,12,1991-10-15,-0.01,-169.51,SITE_037,0N170W,54.49693429344489,far_from_nominal
27980,12,1991-10-16,-0.01,-169.51,SITE_037,0N170W,54.49693429344489,far_from_nominal
27981,12,1991-10-17,-0.01,-169.5,SITE_037,0N170W,55.60865823085222,far_from_nominal
27982,12,1991-10-18,-0.01,-169.5,SITE_037,0N170W,55.60865823085222,far_from_nominal
27983,12,1991-10-19,-0.01,-169.51,SITE_037,0N170W,54.49693429344489,far_from_nominal
27984,12,1991-10-20,-0.01,-169.51,SITE_037,0N170W,54.49693429344489,far_from_nominal
27985,12,1991-10-21,-0.01,-169.51,SITE_037,0N170W,54.49693429344489,far_from_nominal
27986,12,1991-10-22,-0.02,-169.51,SITE_037,0N170W,54.53095506877633,far_from_nominal
27987,12,1991-10-23,-0.02,-169.51,SITE_037,0N170W,54.53095506877633,far_from_nominal
27988,12,1991-10-24,-0.02,-169.51,SITE_037,0N170W,54.53095506877633,far_from_nominal
27989,12,1991-10-25,-0.02,-169.51,SITE_037,0N170W,54.53095506877633,far_from_nominal
27990,12,1991-10-26,-0.02,-169.51,SITE_037,0N170W,54.53095506877633,far_from_nominal
27991,12,1991-10-27,-0.03,-169.5,SITE_037,0N170W,55.697523246872954,far_from_nominal
27992,12,1991-10-28,-0.03,-169.51,SITE_037,0N170W,54.587609243560536,far_from_nominal
27993,12,1991-10-29,-0.02,-169.51,SITE_037,0N170W,54.53095506877633,far_from_nominal
27994,12,1991-10-30,-0.02,-169.5,SITE_037,0N170W,55.64199924369912,far_from_nominal
27995,12,1991-10-31,-0.03,-169.49,SITE_037,0N170W,56.807516911862685,far_from_nominal
27996,12,1991-11-01,-0.02,-169.49,SITE_037,0N170W,56.753078929971636,far_from_nominal
27997,12,1991-11-02,-0.02,-169.49,SITE_037,0N170W,56.753078929971636,far_from_nominal
27998,12,1991-11-03,-0.02,-169.49,SITE_037,0N170W,56.753078929971636,far_from_nominal
27999,12,1991-11-04,-0.02,-169.49,SITE_037,0N170W,56.753078929971636,far_from_nominal
28000,12,1991-11-05,-0.02,-169.49,SITE_037,0N170W,56.753078929971636,far_from_nominal
28001,12,1991-11-06,-0.02,-169.49,SITE_037,0N170W,56.753078929971636,far_from_nominal
28002,12,1991-11-07,-0.02,-169.49,SITE_037,0N170W,56.753078929971636,far_from_nominal
28003,12,1991-11-08,-0.02,-169.49,SITE_037,0N170W,56.753078929971636,far_from_nominal
28004,12,1991-11-09,-0.01,-169.48,SITE_037,0N170W,57.832132274235235,far_from_nominal
28005,12,1991-11-10,-0.02,-169.48,SITE_037,0N170W,57.864192081987945,far_from_nominal
28006,12,1991-11-11,-0.02,-169.49,SITE_037,0N170W,56.753078929971636,far_from_nominal
28007,12,1991-11-12,-0.01,-169.49,SITE_037,0N170W,56.720391062082804,far_from_nominal
28008,12,1991-11-13,-0.03,-169.49,SITE_037,0N170W,56.807516911862685,far_from_nominal
28009,12,1991-11-14,-0.02,-169.49,SITE_037,0N170W,56.753078929971636,far_from_nominal
28010,12,1991-11-15,-0.01,-169.49,SITE_037,0N170W,56.720391062082804,far_from_nominal
28011,12,1991-11-16,-0.02,-169.49,SITE_037,0N170W,56.753078929971636,far_from_nominal
28012,12,1991-11-17,-0.02,-169.49,SITE_037,0N170W,56.753078929971636,far_from_nominal
28013,12,1991-11-18,-0.03,-169.49,SITE_037,0N170W,56.807516911862685,far_from_nominal
28014,12,1991-11-19,-0.02,-169.49,SITE_037,0N170W,56.753078929971636,far_from_nominal
28015,12,1991-11-20,-0.01,-169.49,SITE_037,0N170W,56.720391062082804,far_from_nominal
28016,12,1991-11-21,-0.01,-169.47,SITE_037,0N170W,58.94388139308331,far_from_nominal
28017,12,1991-11-22,-0.01,-169.48,SITE_037,0N170W,57.832132274235235,far_from_nominal
28018,12,1991-11-23,-0.01,-169.48,SITE_037,0N170W,57.832132274235235,far_from_nominal
28019,12,1991-11-24,-0.02,-169.48,SITE_037,0N170W,57.864192081987945,far_from_nominal
28020,12,1991-11-25,-0.02,-169.48,SITE_037,0N170W,57.864192081987945,far_from_nominal
28021,12,1991-11-26,-0.01,-169.48,SITE_037,0N170W,57.832132274235235,far_from_nominal
28022,12,1991-11-27,-0.02,-169.48,SITE_037,0N170W,57.864192081987945,far_from_nominal
28023,12,1991-11-28,-0.01,-169.48,SITE_037,0N170W,57.832132274235235,far_from_nominal
28024,12,1991-11-29,-0.02,-169.48,SITE_037,0N170W,57.864192081987945,far_from_nominal
28025,12,1991-11-30,-0.02,-169.48,SITE_037,0N170W,57.864192081987945,far_from_nominal
28026,12,1991-12-01,-0.02,-169.48,SITE_037,0N170W,57.864192081987945,far_from_nominal
28027,12,1991-12-02,-0.02,-169.48,SITE_037,0N170W,57.864192081987945,far_from_nominal
28028,12,1991-12-03,-0.01,-169.48,SITE_037,0N170W,57.832132274235235,far_from_nominal
28029,12,1991-12-04,-0.01,-169.48,SITE_037,0N170W,57.832132274235235,far_from_nominal
28030,12,1991-12-05,-0.01,-169.48,SITE_037,0N170W,57.832132274235235,far_from_nominal
28031,12,1991-12-06,-0.01,-169.49,SITE_037,0N170W,56.720391062082804,far_from_nominal
28032,12,1991-12-07,-0.01,-169.48,SITE_037,0N170W,57.832132274235235,far_from_nominal
28033,12,1991-12-08,-0.01,-169.49,SITE_037,0N170W,56.720391062082804,far_from_nominal
28034,12,1991-12-09,-0.02,-169.48,SITE_037,0N170W,57.864192081987945,far_from_nominal
28035,12,1991-12-10,-0.02,-169.48,SITE_037,0N170W,57.864192081987945,far_from_nominal
28036,12,1991-12-11,-0.02,-169.48,SITE_037,0N170W,57.864192081987945,far_from_nominal
28037,12,1991-12-12,-0.02,-169.48,SITE_037,0N170W,57.864192081987945,far_from_nominal
28038,12,1991-12-13,-0.02,-169.48,SITE_037,0N170W,57.864192081987945,far_from_nominal
28039,12,1991-12-14,-0.03,-169.49,SITE_037,0N170W,56.807516911862685,far_from_nominal
28040,12,1991-12-15,-0.02,-169.49,SITE_037,0N170W,56.753078929971636,far_from_nominal
28041,12,1991-12-16,-0.03,-169.49,SITE_037,0N170W,56.807516911862685,far_from_nominal
28042,12,1991-12-17,-0.03,-169.49,SITE_037,0N170W,56.807516911862685,far_from_nominal
28043,12,1991-12-18,-0.02,-169.5,SITE_037,0N170W,55.64199924369912,far_from_nominal
28044,12,1991-12-19,-0.02,-169.49,SITE_037,0N170W,56.753078929971636,far_from_nominal
28045,12,1991-12-20,-0.01,-169.49,SITE_037,0N170W,56.720391062082804,far_from_nominal
28046,12,1991-12-21,-0.01,-169.49,SITE_037,0N170W,56.720391062082804,far_from_nominal
28047,12,1991-12-22,-0.02,-169.49,SITE_037,0N170W,56.753078929971636,far_from_nominal
28048,12,1991-12-23,-0.02,-169.49,SITE_037,0N170W,56.753078929971636,far_from_nominal
28049,12,1991-12-24,-0.02,-169.49,SITE_037,0N170W,56.753078929971636,far_from_nominal
28050,12,1991-12-25,-0.01,-169.49,SITE_037,0N170W,56.720391062082804,far_from_nominal
28051,12,1991-12-26,-0.02,-169.49,SITE_037,0N170W,56.753078929971636,far_from_nominal
28052,12,1991-12-27,-0.01,-169.49,SITE_037,0N170W,56.720391062082804,far_from_nominal
28053,12,1991-12-28,-0.01,-169.49,SITE_037,0N170W,56.720391062082804,far_from_nominal
28054,12,1991-12-29,-0.01,-169.49,SITE_037,0N170W,56.720391062082804,far_from_nominal
28055,12,1991-12-30,-0.01,-169.49,SITE_037,0N170W,56.720391062082804,far_from_nominal
28056,12,1991-12-31,-0.01,-169.49,SITE_037,0N170W,56.720391062082804,far_from_nominal
28057,12,1992-01-01,0.0,-169.49,SITE_037,0N170W,56.70949091910108,far_from_nominal
28058,12,1992-01-02,0.0,-169.5,SITE_037,0N170W,55.59754011676865,far_from_nominal
28059,12,1992-01-03,-0.01,-169.5,SITE_037,0N170W,55.60865823085222,far_from_nominal
28060,12,1992-01-04,-0.01,-169.5,SITE_037,0N170W,55.60865823085222,far_from_nominal
28061,12,1992-01-05,-0.02,-169.49,SITE_037,0N170W,56.753078929971636,far_from_nominal
28062,12,1992-01-06,-0.03,-169.5,SITE_037,0N170W,55.697523246872954,far_from_nominal
28063,12,1992-01-07,-0.03,-169.5,SITE_037,0N170W,55.697523246872954,far_from_nominal
28064,12,1992-01-08,-0.03,-169.5,SITE_037,0N170W,55.697523246872954,far_from_nominal
28065,12,1992-01-09,-0.03,-169.49,SITE_037,0N170W,56.807516911862685,far_from_nominal
28066,12,1992-01-10,-0.02,-169.49,SITE_037,0N170W,56.753078929971636,far_from_nominal
28067,12,1992-01-11,-0.01,-169.49,SITE_037,0N170W,56.720391062082804,far_from_nominal
28068,12,1992-01-12,-0.01,-169.49,SITE_037,0N170W,56.720391062082804,far_from_nominal
28069,12,1992-01-13,0.0,-169.49,SITE_037,0N170W,56.70949091910108,far_from_nominal
28070,12,1992-01-14,-0.01,-169.49,SITE_037,0N170W,56.720391062082804,far_from_nominal
28071,12,1992-01-15,-0.01,-169.49,SITE_037,0N170W,56.720391062082804,far_from_nominal
28072,12,1992-01-16,-0.01,-169.48,SITE_037,0N170W,57.832132274235235,far_from_nominal
28073,12,1992-01-17,-0.01,-169.48,SITE_037,0N170W,57.832132274235235,far_from_nominal
28074,12,1992-01-18,-0.01,-169.49,SITE_037,0N170W,56.720391062082804,far_from_nominal
28075,12,1992-01-19,-0.02,-169.48,SITE_037,0N170W,57.864192081987945,far_from_nominal
28076,12,1992-01-20,-0.03,-169.49,SITE_037,0N170W,56.807516911862685,far_from_nominal
28077,12,1992-01-21,-0.03,-169.49,SITE_037,0N170W,56.807516911862685,far_from_nominal
28078,12,1992-01-22,-0.03,-169.5,SITE_037,0N170W,55.697523246872954,far_from_nominal
28079,12,1992-01-23,-0.03,-169.49,SITE_037,0N170W,56.807516911862685,far_from_nominal
28080,12,1992-01-24,-0.03,-169.5,SITE_037,0N170W,55.697523246872954,far_from_nominal
28081,12,1992-01-25,-0.01,-169.51,SITE_037,0N170W,54.49693429344489,far_from_nominal
28082,12,1992-01-26,-0.01,-169.51,SITE_037,0N170W,54.49693429344489,far_from_nominal
28083,12,1992-01-27,0.0,-169.5,SITE_037,0N170W,55.59754011676865,far_from_nominal
28084,12,1992-01-28,0.0,-169.5,SITE_037,0N170W,55.59754011676865,far_from_nominal
28085,12,1992-01-29,-0.01,-169.49,SITE_037,0N170W,56.720391062082804,far_from_nominal
28086,12,1992-01-30,-0.01,-169.49,SITE_037,0N170W,56.720391062082804,far_from_nominal
28087,12,1992-01-31,-0.01,-169.49,SITE_037,0N170W,56.720391062082804,far_from_nominal
28088,12,1992-02-01,-0.02,-169.49,SITE_037,0N170W,56.753078929971636,far_from_nominal
28089,12,1992-02-02,-0.01,-169.48,SITE_037,0N170W,57.832132274235235,far_from_nominal
28090,12,1992-02-03,-0.02,-169.48,SITE_037,0N170W,57.864192081987945,far_from_nominal
28091,12,1992-02-04,-0.01,-169.49,SITE_037,0N170W,56.720391062082804,far_from_nominal
28092,12,1992-02-05,-0.03,-169.49,SITE_037,0N170W,56.807516911862685,far_from_nominal
28093,12,1992-02-06,-0.02,-169.49,SITE_037,0N170W,56.753078929971636,far_from_nominal
28094,12,1992-02-07,-0.01,-169.49,SITE_037,0N170W,56.720391062082804,far_from_nominal
28095,12,1992-02-08,-0.02,-169.5,SITE_037,0N170W,55.64199924369912,far_from_nominal
28096,12,1992-02-09,-0.03,-169.49,SITE_037,0N170W,56.807516911862685,far_from_nominal
28097,12,1992-02-10,-0.02,-169.49,SITE_037,0N170W,56.753078929971636,far_from_nominal
28098,12,1992-02-11,-0.02,-169.49,SITE_037,0N170W,56.753078929971636,far_from_nominal
28099,12,1992-02-12,-0.03,-169.5,SITE_037,0N170W,55.697523246872954,far_from_nominal
28100,12,1992-02-13,-0.03,-169.5,SITE_037,0N170W,55.697523246872954,far_from_nominal
28101,12,1992-02-14,-0.03,-169.5,SITE_037,0N170W,55.697523246872954,far_from_nominal
28102,12,1992-02-15,-0.01,-169.5,SITE_037,0N170W,55.60865823085222,far_from_nominal
28103,12,1992-02-16,-0.03,-169.5,SITE_037,0N170W,55.697523246872954,far_from_nominal
28104,12,1992-02-17,-0.02,-169.51,SITE_037,0N170W,54.53095506877633,far_from_nominal
28105,12,1992-02-18,-0.01,-169.5,SITE_037,0N170W,55.60865823085222,far_from_nominal
28106,12,1992-02-19,-0.01,-169.5,SITE_037,0N170W,55.60865823085222,far_from_nominal
28107,12,1992-02-20,-0.01,-169.5,SITE_037,0N170W,55.60865823085222,far_from_nominal
28108,12,1992-02-21,-0.03,-169.5,SITE_037,0N170W,55.697523246872954,far_from_nominal
28109,12,1992-02-22,-0.03,-169.49,SITE_037,0N170W,56.807516911862685,far_from_nominal
28110,12,1992-02-23,-0.01,-169.5,SITE_037,0N170W,55.60865823085222,far_from_nominal
28111,12,1992-02-24,-0.02,-169.5,SITE_037,0N170W,55.64199924369912,far_from_nominal
28112,12,1992-02-25,-0.02,-169.51,SITE_037,0N170W,54.53095506877633,far_from_nominal
28113,12,1992-02-26,-0.01,-169.52,SITE_037,0N170W,53.38521980549099,far_from_nominal
28114,12,1992-02-27,-0.01,-169.51,SITE_037,0N170W,54.49693429344489,far_from_nominal
28115,12,1992-02-28,-0.03,-169.52,SITE_037,0N170W,53.477779861982825,far_from_nominal
28116,12,1992-02-29,-0.03,-169.52,SITE_037,0N170W,53.477779861982825,far_from_nominal
31793,13,1993-12-12,-0.03,-179.77,,,,unassigned_drifting
32133,13,1994-11-17,0.0,-180.0,,,,unassigned_drifting
32515,13,1995-12-04,0.0,-180.0,,,,unassigned_drifting
34806,14,1995-08-07,-0.04,-95.39,,,,unassigned_drifting
34807,14,1995-08-08,-0.11,-95.67,,,,unassigned_drifting
34808,14,1995-08-09,-0.22,-95.9,SITE_041,0N95W,103.0218679363909,far_from_nominal
34809,14,1995-08-10,-0.25,-95.97,SITE_041,0N95W,111.38362004081891,far_from_nominal
34810,14,1995-08-11,-0.25,-95.98,SITE_041,0N95W,112.46072215519304,far_from_nominal
34811,14,1995-08-12,-0.25,-95.96,SITE_041,0N95W,110.30720943168814,far_from_nominal
34812,14,1995-08-13,-0.25,-95.98,SITE_041,0N95W,112.46072215519304,far_from_nominal
34813,14,1995-08-14,-0.25,-95.98,SITE_041,0N95W,112.46072215519304,far_from_nominal
34814,14,1995-08-15,-0.24,-95.98,SITE_041,0N95W,112.19106310759142,far_from_nominal
34815,14,1995-08-16,-0.25,-95.98,SITE_041,0N95W,112.46072215519304,far_from_nominal
34816,14,1995-08-17,-0.26,-95.98,SITE_041,0N95W,112.74070268603462,far_from_nominal
34817,14,1995-08-18,-0.25,-95.98,SITE_041,0N95W,112.46072215519304,far_from_nominal
34818,14,1995-08-19,-0.25,-95.97,SITE_041,0N95W,111.38362004081891,far_from_nominal
34819,14,1995-08-20,-0.25,-95.97,SITE_041,0N95W,111.38362004081891,far_from_nominal
34820,14,1995-08-21,-0.25,-95.97,SITE_041,0N95W,111.38362004081891,far_from_nominal
34821,14,1995-08-22,-0.25,-95.98,SITE_041,0N95W,112.46072215519304,far_from_nominal
34822,14,1995-08-23,-0.24,-95.99,SITE_041,0N95W,113.27140340860322,far_from_nominal
34823,14,1995-08-24,-0.24,-95.97,SITE_041,0N95W,111.11134643670259,far_from_nominal
34824,14,1995-08-25,-0.24,-95.97,SITE_041,0N95W,111.11134643670259,far_from_nominal
34825,14,1995-08-26,-0.23,-95.97,SITE_041,0N95W,110.84955766023789,far_from_nominal
34826,14,1995-08-27,-0.25,-95.98,SITE_041,0N95W,112.46072215519304,far_from_nominal
34827,14,1995-08-28,-0.25,-95.97,SITE_041,0N95W,111.38362004081891,far_from_nominal
34828,14,1995-08-29,-0.25,-95.96,SITE_041,0N95W,110.30720943168814,far_from_nominal
34829,14,1995-08-30,-0.24,-95.97,SITE_041,0N95W,111.11134643670259,far_from_nominal
34830,14,1995-08-31,-0.25,-95.98,SITE_041,0N95W,112.46072215519304,far_from_nominal
34831,14,1995-09-01,-0.25,-95.97,SITE_041,0N95W,111.38362004081891,far_from_nominal
34832,14,1995-09-02,-0.25,-95.97,SITE_041,0N95W,111.38362004081891,far_from_nominal
34833,14,1995-09-03,-0.25,-95.96,SITE_041,0N95W,110.30720943168814,far_from_nominal
34834,14,1995-09-04,-0.24,-95.98,SITE_041,0N95W,112.19106310759142,far_from_nominal
34835,14,1995-09-05,-0.24,-95.98,SITE_041,0N95W,112.19106310759142,far_from_nominal
34836,14,1995-09-06,-0.24,-95.98,SITE_041,0N95W,112.19106310759142,far_from_nominal
34837,14,1995-09-07,-0.24,-95.98,SITE_041,0N95W,112.19106310759142,far_from_nominal
34838,14,1995-09-08,-0.25,-95.98,SITE_041,0N95W,112.46072215519304,far_from_nominal
34839,14,1995-09-09,-0.24,-95.97,SITE_041,0N95W,111.11134643670259,far_from_nominal
34840,14,1995-09-10,-0.24,-95.98,SITE_041,0N95W,112.19106310759142,far_from_nominal
34841,14,1995-09-11,-0.24,-95.97,SITE_041,0N95W,111.11134643670259,far_from_nominal
34842,14,1995-09-12,-0.24,-95.98,SITE_041,0N95W,112.19106310759142,far_from_nominal
34843,14,1995-09-13,-0.24,-95.97,SITE_041,0N95W,111.11134643670259,far_from_nominal
34844,14,1995-09-14,-0.24,-95.98,SITE_041,0N95W,112.19106310759142,far_from_nominal
34845,14,1995-09-15,-0.24,-95.98,SITE_041,0N95W,112.19106310759142,far_from_nominal
34846,14,1995-09-16,-0.25,-95.97,SITE_041,0N95W,111.38362004081891,far_from_nominal
34847,14,1995-09-17,-0.24,-95.95,SITE_041,0N95W,108.95385813561325,far_from_nominal
34848,14,1995-09-18,-0.24,-95.98,SITE_041,0N95W,112.19106310759142,far_from_nominal
34849,14,1995-09-19,-0.24,-95.98,SITE_041,0N95W,112.19106310759142,far_from_nominal
34850,14,1995-09-20,-0.26,-95.99,SITE_041,0N95W,113.81582483884581,far_from_nominal
34851,14,1995-09-21,-0.3,-96.1,SITE_041,0N95W,126.7813586645579,far_from_nominal
34852,14,1995-09-22,-0.31,-96.09,SITE_041,0N95W,126.00852993205434,far_from_nominal
34853,14,1995-09-23,-0.31,-96.1,SITE_041,0N95W,127.07842518609016,far_from_nominal
34854,14,1995-09-24,-0.31,-96.09,SITE_041,0N95W,126.00852993205434,far_from_nominal
34855,14,1995-09-25,-0.3,-96.09,SITE_041,0N95W,125.7089344675454,far_from_nominal
34856,14,1995-09-26,-0.31,-96.1,SITE_041,0N95W,127.07842518609016,far_from_nominal
34857,14,1995-09-27,-0.31,-96.09,SITE_041,0N95W,126.00852993205434,far_from_nominal
34858,14,1995-09-28,-0.31,-96.1,SITE_041,0N95W,127.07842518609016,far_from_nominal
34859,14,1995-09-29,-0.31,-96.09,SITE_041,0N95W,126.00852993205434,far_from_nominal
34860,14,1995-09-30,-0.31,-96.09,SITE_041,0N95W,126.00852993205434,far_from_nominal
34861,14,1995-10-01,-0.31,-96.09,SITE_041,0N95W,126.00852993205434,far_from_nominal
34862,14,1995-10-02,-0.31,-96.11,SITE_041,0N95W,128.14903637934998,far_from_nominal
34863,14,1995-10-03,-0.31,-96.09,SITE_041,0N95W,126.00852993205434,far_from_nominal
34864,14,1995-10-04,-0.3,-96.08,SITE_041,0N95W,124.63720291980208,far_from_nominal
34865,14,1995-10-05,-0.31,-96.09,SITE_041,0N95W,126.00852993205434,far_from_nominal
34866,14,1995-10-06,-0.31,-96.1,SITE_041,0N95W,127.07842518609016,far_from_nominal
34867,14,1995-10-07,-0.31,-96.09,SITE_041,0N95W,126.00852993205434,far_from_nominal
34868,14,1995-10-08,-0.3,-96.09,SITE_041,0N95W,125.7089344675454,far_from_nominal
34869,14,1995-10-09,-0.31,-96.1,SITE_041,0N95W,127.07842518609016,far_from_nominal
34870,14,1995-10-10,-0.31,-96.1,SITE_041,0N95W,127.07842518609016,far_from_nominal
34871,14,1995-10-11,-0.31,-96.09,SITE_041,0N95W,126.00852993205434,far_from_nominal
34872,14,1995-10-12,-0.31,-96.11,SITE_041,0N95W,128.14903637934998,far_from_nominal
34873,14,1995-10-13,-0.3,-96.12,SITE_041,0N95W,128.9282158578104,far_from_nominal
34874,14,1995-10-14,-0.31,-96.1,SITE_041,0N95W,127.07842518609016,far_from_nominal
34875,14,1995-10-15,-0.31,-96.1,SITE_041,0N95W,127.07842518609016,far_from_nominal
34876,14,1995-10-16,-0.31,-96.1,SITE_041,0N95W,127.07842518609016,far_from_nominal
34877,14,1995-10-17,-0.3,-96.1,SITE_041,0N95W,126.7813586645579,far_from_nominal
34878,14,1995-10-18,-0.3,-96.1,SITE_041,0N95W,126.7813586645579,far_from_nominal
34879,14,1995-10-19,-0.3,-96.1,SITE_041,0N95W,126.7813586645579,far_from_nominal
34880,14,1995-10-20,-0.3,-96.09,SITE_041,0N95W,125.7089344675454,far_from_nominal
34881,14,1995-10-21,-0.3,-96.1,SITE_041,0N95W,126.7813586645579,far_from_nominal
34882,14,1995-10-22,-0.31,-96.09,SITE_041,0N95W,126.00852993205434,far_from_nominal
34883,14,1995-10-23,-0.31,-96.11,SITE_041,0N95W,128.14903637934998,far_from_nominal
34884,14,1995-10-24,-0.31,-96.1,SITE_041,0N95W,127.07842518609016,far_from_nominal
34885,14,1995-10-25,-0.31,-96.09,SITE_041,0N95W,126.00852993205434,far_from_nominal
34886,14,1995-10-26,-0.3,-96.09,SITE_041,0N95W,125.7089344675454,far_from_nominal
34887,14,1995-10-27,-0.3,-96.1,SITE_041,0N95W,126.7813586645579,far_from_nominal
34888,14,1995-10-28,-0.31,-96.09,SITE_041,0N95W,126.00852993205434,far_from_nominal
34889,14,1995-10-29,-0.31,-96.09,SITE_041,0N95W,126.00852993205434,far_from_nominal
34890,14,1995-10-30,-0.31,-96.1,SITE_041,0N95W,127.07842518609016,far_from_nominal
34891,14,1995-10-31,-0.31,-96.09,SITE_041,0N95W,126.00852993205434,far_from_nominal
34892,14,1995-11-01,-0.31,-96.09,SITE_041,0N95W,126.00852993205434,far_from_nominal
34893,14,1995-11-02,-0.3,-96.1,SITE_041,0N95W,126.7813586645579,far_from_nominal
34894,14,1995-11-03,-0.3,-96.1,SITE_041,0N95W,126.7813586645579,far_from_nominal
34895,14,1995-11-04,-0.3,-96.08,SITE_041,0N95W,124.63720291980208,far_from_nominal
34896,14,1995-11-05,-0.3,-96.09,SITE_041,0N95W,125.7089344675454,far_from_nominal
34897,14,1995-11-06,-0.3,-96.09,SITE_041,0N95W,125.7089344675454,far_from_nominal
34898,14,1995-11-07,-0.3,-96.09,SITE_041,0N95W,125.7089344675454,far_from_nominal
34899,14,1995-11-08,-0.31,-96.08,SITE_041,0N95W,124.93936900968494,far_from_nominal
34900,14,1995-11-09,-0.3,-96.09,SITE_041,0N95W,125.7089344675454,far_from_nominal
34901,14,1995-11-10,-0.3,-96.09,SITE_041,0N95W,125.7089344675454,far_from_nominal
34902,14,1995-11-11,-0.3,-96.08,SITE_041,0N95W,124.63720291980208,far_from_nominal
34903,14,1995-11-12,-0.31,-96.09,SITE_041,0N95W,126.00852993205434,far_from_nominal
34904,14,1995-11-13,-0.31,-96.09,SITE_041,0N95W,126.00852993205434,far_from_nominal
34905,14,1995-11-14,-0.31,-96.09,SITE_041,0N95W,126.00852993205434,far_from_nominal
34906,14,1995-11-15,-0.31,-96.1,SITE_041,0N95W,127.07842518609016,far_from_nominal
34907,14,1995-11-16,-0.31,-96.09,SITE_041,0N95W,126.00852993205434,far_from_nominal
34908,14,1995-11-17,-0.31,-96.1,SITE_041,0N95W,127.07842518609016,far_from_nominal
34909,14,1995-11-18,-0.3,-96.1,SITE_041,0N95W,126.7813586645579,far_from_nominal
34910,14,1995-11-19,-0.31,-96.08,SITE_041,0N95W,124.93936900968494,far_from_nominal
34911,14,1995-11-20,-0.31,-96.08,SITE_041,0N95W,124.93936900968494,far_from_nominal
34912,14,1995-11-21,-0.31,-96.09,SITE_041,0N95W,126.00852993205434,far_from_nominal
34913,14,1995-11-22,-0.31,-96.09,SITE_041,0N95W,126.00852993205434,far_from_nominal
34914,14,1995-11-23,-0.31,-96.09,SITE_041,0N95W,126.00852993205434,far_from_nominal
34915,14,1995-11-24,-0.3,-96.09,SITE_041,0N95W,125.7089344675454,far_from_nominal
34916,14,1995-11-25,-0.3,-96.09,SITE_041,0N95W,125.7089344675454,far_from_nominal
34917,14,1995-11-26,-0.3,-96.09,SITE_041,0N95W,125.7089344675454,far_from_nominal
34918,14,1995-11-27,-0.3,-96.09,SITE_041,0N95W,125.7089344675454,far_from_nominal
34919,14,1995-11-28,-0.3,-96.09,SITE_041,0N95W,125.7089344675454,far_from_nominal
34920,14,1995-11-29,-0.3,-96.08,SITE_041,0N95W,124.63720291980208,far_from_nominal
34921,14,1995-11-30,-0.31,-96.1,SITE_041,0N95W,127.07842518609016,far_from_nominal
34922,14,1995-12-01,-0.31,-96.09,SITE_041,0N95W,126.00852993205434,far_from_nominal
34923,14,1995-12-02,-0.31,-96.09,SITE_041,0N95W,126.00852993205434,far_from_nominal
34924,14,1995-12-03,-0.31,-96.09,SITE_041,0N95W,126.00852993205434,far_from_nominal
34925,14,1995-12-04,-0.31,-96.09,SITE_041,0N95W,126.00852993205434,far_from_nominal
34926,14,1995-12-05,-0.31,-96.09,SITE_041,0N95W,126.00852993205434,far_from_nominal
34927,14,1995-12-06,-0.31,-96.1,SITE_041,0N95W,127.07842518609016,far_from_nominal
34928,14,1995-12-07,-0.31,-96.1,SITE_041,0N95W,127.07842518609016,far_from_nominal
34929,14,1995-12-08,-0.31,-96.09,SITE_041,0N95W,126.00852993205434,far_from_nominal
34930,14,1995-12-09,-0.31,-96.08,SITE_041,0N95W,124.93936900968494,far_from_nominal
34931,14,1995-12-10,-0.31,-96.09,SITE_041,0N95W,126.00852993205434,far_from_nominal
34932,14,1995-12-11,-0.3,-96.1,SITE_041,0N95W,126.7813586645579,far_from_nominal
34933,14,1995-12-12,-0.3,-96.09,SITE_041,0N95W,125.7089344675454,far_from_nominal
34934,14,1995-12-13,-0.3,-96.09,SITE_041,0N95W,125.7089344675454,far_from_nominal
34935,14,1995-12-14,-0.3,-96.08,SITE_041,0N95W,124.63720291980208,far_from_nominal
34936,14,1995-12-15,-0.3,-96.09,SITE_041,0N95W,125.7089344675454,far_from_nominal
34937,14,1995-12-16,-0.3,-96.1,SITE_041,0N95W,126.7813586645579,far_from_nominal
34938,14,1995-12-17,-0.31,-96.08,SITE_041,0N95W,124.93936900968494,far_from_nominal
34939,14,1995-12-18,-0.31,-96.09,SITE_041,0N95W,126.00852993205434,far_from_nominal
34940,14,1995-12-19,-0.31,-96.09,SITE_041,0N95W,126.00852993205434,far_from_nominal
34941,14,1995-12-20,-0.31,-96.1,SITE_041,0N95W,127.07842518609016,far_from_nominal
34942,14,1995-12-21,-0.31,-96.08,SITE_041,0N95W,124.93936900968494,far_from_nominal
34943,14,1995-12-22,-0.32,-96.08,SITE_041,0N95W,125.25067697099642,far_from_nominal
34944,14,1995-12-23,-0.31,-96.09,SITE_041,0N95W,126.00852993205434,far_from_nominal
34945,14,1995-12-24,-0.31,-96.09,SITE_041,0N95W,126.00852993205434,far_from_nominal
34946,14,1995-12-25,-0.31,-96.09,SITE_041,0N95W,126.00852993205434,far_from_nominal
34947,14,1995-12-26,-0.31,-96.1,SITE_041,0N95W,127.07842518609016,far_from_nominal
34948,14,1995-12-27,-0.31,-96.09,SITE_041,0N95W,126.00852993205434,far_from_nominal
34949,14,1995-12-28,-0.31,-96.08,SITE_041,0N95W,124.93936900968494,far_from_nominal
34950,14,1995-12-29,-0.3,-96.08,SITE_041,0N95W,124.63720291980208,far_from_nominal
34951,14,1995-12-30,-0.3,-96.08,SITE_041,0N95W,124.63720291980208,far_from_nominal
34952,14,1995-12-31,-0.31,-96.08,SITE_041,0N95W,124.93936900968494,far_from_nominal
34953,14,1996-01-01,-0.3,-96.09,SITE_041,0N95W,125.7089344675454,far_from_nominal
34954,14,1996-01-02,-0.3,-96.09,SITE_041,0N95W,125.7089344675454,far_from_nominal
34955,14,1996-01-03,-0.31,-96.09,SITE_041,0N95W,126.00852993205434,far_from_nominal
34956,14,1996-01-04,-0.31,-96.08,SITE_041,0N95W,124.93936900968494,far_from_nominal
34957,14,1996-01-05,-0.31,-96.08,SITE_041,0N95W,124.93936900968494,far_from_nominal
34958,14,1996-01-06,-0.31,-96.08,SITE_041,0N95W,124.93936900968494,far_from_nominal
34959,14,1996-01-07,-0.31,-96.09,SITE_041,0N95W,126.00852993205434,far_from_nominal
34960,14,1996-01-08,-0.31,-96.09,SITE_041,0N95W,126.00852993205434,far_from_nominal
34961,14,1996-01-09,-0.31,-96.09,SITE_041,0N95W,126.00852993205434,far_from_nominal
34962,14,1996-01-10,-0.31,-96.08,SITE_041,0N95W,124.93936900968494,far_from_nominal
34963,14,1996-01-11,-0.3,-96.09,SITE_041,0N95W,125.7089344675454,far_from_nominal
34964,14,1996-01-12,-0.31,-96.09,SITE_041,0N95W,126.00852993205434,far_from_nominal
34965,14,1996-01-13,-0.31,-96.1,SITE_041,0N95W,127.07842518609016,far_from_nominal
34966,14,1996-01-14,-0.3,-96.09,SITE_041,0N95W,125.7089344675454,far_from_nominal
34967,14,1996-01-15,-0.3,-96.1,SITE_041,0N95W,126.7813586645579,far_from_nominal
34968,14,1996-01-16,-0.3,-96.1,SITE_041,0N95W,126.7813586645579,far_from_nominal
34969,14,1996-01-17,-0.31,-96.09,SITE_041,0N95W,126.00852993205434,far_from_nominal
34970,14,1996-01-18,-0.29,-96.1,SITE_041,0N95W,126.49336831322869,far_from_nominal
34971,14,1996-01-19,-0.3,-96.09,SITE_041,0N95W,125.7089344675454,far_from_nominal
34972,14,1996-01-20,-0.3,-96.09,SITE_041,0N95W,125.7089344675454,far_from_nominal
34973,14,1996-01-21,-0.29,-96.08,SITE_041,0N95W,124.34424534772094,far_from_nominal
34974,14,1996-01-22,-0.3,-96.09,SITE_041,0N95W,125.7089344675454,far_from_nominal
34975,14,1996-01-23,-0.29,-96.09,SITE_041,0N95W,125.41848095529366,far_from_nominal
34976,14,1996-01-24,-0.3,-96.09,SITE_041,0N95W,125.7089344675454,far_from_nominal
34977,14,1996-01-25,-0.29,-96.1,SITE_041,0N95W,126.49336831322869,far_from_nominal
34978,14,1996-01-26,-0.3,-96.09,SITE_041,0N95W,125.7089344675454,far_from_nominal
34979,14,1996-01-27,-0.3,-96.09,SITE_041,0N95W,125.7089344675454,far_from_nominal
34980,14,1996-01-28,-0.3,-96.09,SITE_041,0N95W,125.7089344675454,far_from_nominal
34981,14,1996-01-29,-0.3,-96.09,SITE_041,0N95W,125.7089344675454,far_from_nominal
34982,14,1996-01-30,-0.29,-96.1,SITE_041,0N95W,126.49336831322869,far_from_nominal
34983,14,1996-01-31,-0.3,-96.09,SITE_041,0N95W,125.7089344675454,far_from_nominal
34984,14,1996-02-01,-0.29,-96.09,SITE_041,0N95W,125.41848095529366,far_from_nominal
34985,14,1996-02-02,-0.29,-96.08,SITE_041,0N95W,124.34424534772094,far_from_nominal
34986,14,1996-02-03,-0.29,-96.09,SITE_041,0N95W,125.41848095529366,far_from_nominal
34987,14,1996-02-04,-0.29,-96.09,SITE_041,0N95W,125.41848095529366,far_from_nominal
34988,14,1996-02-05,-0.29,-96.09,SITE_041,0N95W,125.41848095529366,far_from_nominal
34989,14,1996-02-06,-0.3,-96.09,SITE_041,0N95W,125.7089344675454,far_from_nominal
34990,14,1996-02-07,-0.3,-96.09,SITE_041,0N95W,125.7089344675454,far_from_nominal
34991,14,1996-02-08,-0.3,-96.09,SITE_041,0N95W,125.7089344675454,far_from_nominal
34992,14,1996-02-09,-0.3,-96.09,SITE_041,0N95W,125.7089344675454,far_from_nominal
34993,14,1996-02-10,-0.3,-96.09,SITE_041,0N95W,125.7089344675454,far_from_nominal
34994,14,1996-02-11,-0.3,-96.09,SITE_041,0N95W,125.7089344675454,far_from_nominal
34995,14,1996-02-12,-0.32,-96.08,SITE_041,0N95W,125.25067697099642,far_from_nominal
34996,14,1996-02-13,-0.3,-96.09,SITE_041,0N95W,125.7089344675454,far_from_nominal
34997,14,1996-02-14,-0.31,-96.09,SITE_041,0N95W,126.00852993205434,far_from_nominal
34998,14,1996-02-15,-0.3,-96.09,SITE_041,0N95W,125.7089344675454,far_from_nominal
34999,14,1996-02-16,-0.3,-96.09,SITE_041,0N95W,125.7089344675454,far_from_nominal
35000,14,1996-02-17,-0.3,-96.09,SITE_041,0N95W,125.7089344675454,far_from_nominal
35001,14,1996-02-18,-0.31,-96.09,SITE_041,0N95W,126.00852993205434,far_from_nominal
35002,14,1996-02-19,-0.3,-96.09,SITE_041,0N95W,125.7089344675454,far_from_nominal
35003,14,1996-02-20,-0.3,-96.07,SITE_041,0N95W,123.56618204407664,far_from_nominal
35004,14,1996-02-21,-0.3,-96.08,SITE_041,0N95W,124.63720291980208,far_from_nominal
35005,14,1996-02-22,-0.3,-96.09,SITE_041,0N95W,125.7089344675454,far_from_nominal
35006,14,1996-02-23,-0.31,-96.08,SITE_041,0N95W,124.93936900968494,far_from_nominal
35007,14,1996-02-24,-0.3,-96.09,SITE_041,0N95W,125.7089344675454,far_from_nominal
35008,14,1996-02-25,-0.3,-96.09,SITE_041,0N95W,125.7089344675454,far_from_nominal
35009,14,1996-02-26,-0.32,-96.09,SITE_041,0N95W,126.31720230098743,far_from_nominal
35010,14,1996-02-27,-0.3,-96.08,SITE_041,0N95W,124.63720291980208,far_from_nominal
35011,14,1996-02-28,-0.3,-96.09,SITE_041,0N95W,125.7089344675454,far_from_nominal
35012,14,1996-02-29,-0.3,-96.09,SITE_041,0N95W,125.7089344675454,far_from_nominal
35013,14,1996-03-01,-0.3,-96.09,SITE_041,0N95W,125.7089344675454,far_from_nominal
35014,14,1996-03-02,-0.3,-96.09,SITE_041,0N95W,125.7089344675454,far_from_nominal
35015,14,1996-03-03,-0.3,-96.08,SITE_041,0N95W,124.63720291980208,far_from_nominal
35016,14,1996-03-04,-0.3,-96.08,SITE_041,0N95W,124.63720291980208,far_from_nominal
35017,14,1996-03-05,-0.29,-96.1,SITE_041,0N95W,126.49336831322869,far_from_nominal
35018,14,1996-03-06,-0.29,-96.09,SITE_041,0N95W,125.41848095529366,far_from_nominal
35019,14,1996-03-07,-0.3,-96.08,SITE_041,0N95W,124.63720291980208,far_from_nominal
35020,14,1996-03-08,-0.29,-96.09,SITE_041,0N95W,125.41848095529366,far_from_nominal
35021,14,1996-03-09,-0.3,-96.09,SITE_041,0N95W,125.7089344675454,far_from_nominal
35022,14,1996-03-10,-0.29,-96.09,SITE_041,0N95W,125.41848095529366,far_from_nominal
35023,14,1996-03-11,-0.3,-96.1,SITE_041,0N95W,126.7813586645579,far_from_nominal
35024,14,1996-03-12,-0.29,-96.09,SITE_041,0N95W,125.41848095529366,far_from_nominal
35025,14,1996-03-13,-0.3,-96.09,SITE_041,0N95W,125.7089344675454,far_from_nominal
35026,14,1996-03-14,-0.3,-96.09,SITE_041,0N95W,125.7089344675454,far_from_nominal
35027,14,1996-03-15,-0.3,-96.09,SITE_041,0N95W,125.7089344675454,far_from_nominal
35028,14,1996-03-16,-0.3,-96.1,SITE_041,0N95W,126.7813586645579,far_from_nominal
35029,14,1996-03-17,-0.3,-96.09,SITE_041,0N95W,125.7089344675454,far_from_nominal
35030,14,1996-03-18,-0.3,-96.09,SITE_041,0N95W,125.7089344675454,far_from_nominal
35031,14,1996-03-19,-0.3,-96.09,SITE_041,0N95W,125.7089344675454,far_from_nominal
35032,14,1996-03-20,-0.3,-96.09,SITE_041,0N95W,125.7089344675454,far_from_nominal
35033,14,1996-03-21,-0.3,-96.09,SITE_041,0N95W,125.7089344675454,far_from_nominal
35034,14,1996-03-22,-0.3,-96.09,SITE_041,0N95W,125.7089344675454,far_from_nominal
35035,14,1996-03-23,-0.3,-96.08,SITE_041,0N95W,124.63720291980208,far_from_nominal
35036,14,1996-03-24,-0.3,-96.09,SITE_041,0N95W,125.7089344675454,far_from_nominal
35037,14,1996-03-25,-0.3,-96.08,SITE_041,0N95W,124.63720291980208,far_from_nominal
35038,14,1996-03-26,-0.29,-96.09,SITE_041,0N95W,125.41848095529366,far_from_nominal
35039,14,1996-03-27,-0.3,-96.09,SITE_041,0N95W,125.7089344675454,far_from_nominal
35040,14,1996-03-28,-0.29,-96.08,SITE_041,0N95W,124.34424534772094,far_from_nominal
35041,14,1996-03-29,-0.3,-96.09,SITE_041,0N95W,125.7089344675454,far_from_nominal
35042,14,1996-03-30,-0.3,-96.09,SITE_041,0N95W,125.7089344675454,far_from_nominal
35043,14,1996-03-31,-0.3,-96.08,SITE_041,0N95W,124.63720291980208,far_from_nominal
35044,14,1996-04-01,-0.3,-96.09,SITE_041,0N95W,125.7089344675454,far_from_nominal
35045,14,1996-04-02,-0.3,-96.08,SITE_041,0N95W,124.63720291980208,far_from_nominal
35046,14,1996-04-03,-0.3,-96.08,SITE_041,0N95W,124.63720291980208,far_from_nominal
35047,14,1996-04-04,-0.3,-96.09,SITE_041,0N95W,125.7089344675454,far_from_nominal
35048,14,1996-04-05,-0.32,-96.06,SITE_041,0N95W,123.12003728538893,far_from_nominal
35049,14,1996-04-06,-0.32,-96.05,SITE_041,0N95W,122.05596501635658,far_from_nominal
35050,14,1996-04-07,-0.32,-96.04,SITE_041,0N95W,120.99275372703423,far_from_nominal
35051,14,1996-04-08,-0.31,-96.05,SITE_041,0N95W,121.73648564617551,far_from_nominal
35052,14,1996-04-09,-0.31,-96.05,SITE_041,0N95W,121.73648564617551,far_from_nominal
35053,14,1996-04-10,-0.32,-96.05,SITE_041,0N95W,122.05596501635658,far_from_nominal
35054,14,1996-04-11,-0.32,-96.05,SITE_041,0N95W,122.05596501635658,far_from_nominal
35055,14,1996-04-12,-0.32,-96.05,SITE_041,0N95W,122.05596501635658,far_from_nominal
35056,14,1996-04-13,-0.31,-96.05,SITE_041,0N95W,121.73648564617551,far_from_nominal
35057,14,1996-04-14,-0.31,-96.05,SITE_041,0N95W,121.73648564617551,far_from_nominal
35058,14,1996-04-15,-0.31,-96.05,SITE_041,0N95W,121.73648564617551,far_from_nominal
35059,14,1996-04-16,-0.32,-96.05,SITE_041,0N95W,122.05596501635658,far_from_nominal
35060,14,1996-04-17,-0.32,-96.05,SITE_041,0N95W,122.05596501635658,far_from_nominal
35061,14,1996-04-18,-0.33,-96.0,SITE_041,0N95W,117.09264028947403,far_from_nominal
35062,14,1996-04-19,-0.34,-95.99,SITE_041,0N95W,116.39360601390585,far_from_nominal
35063,14,1996-04-20,-0.34,-95.99,SITE_041,0N95W,116.39360601390585,far_from_nominal
35064,14,1996-04-21,-0.35,-95.95,SITE_041,0N95W,112.57582205983898,far_from_nominal
35065,14,1996-04-22,-0.41,-95.84,SITE_041,0N95W,103.93546108011864,far_from_nominal
35066,14,1996-04-23,-0.41,-95.83,SITE_041,0N95W,102.93735482554477,far_from_nominal
35067,14,1996-04-24,-0.43,-95.77,SITE_041,0N95W,98.06554227115849,far_from_nominal
35068,14,1996-04-25,-0.43,-95.77,SITE_041,0N95W,98.06554227115849,far_from_nominal
35069,14,1996-04-26,-0.43,-95.77,SITE_041,0N95W,98.06554227115849,far_from_nominal
35070,14,1996-04-27,-0.43,-95.77,SITE_041,0N95W,98.06554227115849,far_from_nominal
35071,14,1996-04-28,-0.43,-95.77,SITE_041,0N95W,98.06554227115849,far_from_nominal
35072,14,1996-04-29,-0.43,-95.77,SITE_041,0N95W,98.06554227115849,far_from_nominal
35073,14,1996-04-30,-0.43,-95.76,SITE_041,0N95W,97.09623906683908,far_from_nominal
35074,14,1996-05-01,-0.43,-95.76,SITE_041,0N95W,97.09623906683908,far_from_nominal
35075,14,1996-05-02,-0.43,-95.77,SITE_041,0N95W,98.06554227115849,far_from_nominal
35076,14,1996-05-03,-0.43,-95.76,SITE_041,0N95W,97.09623906683908,far_from_nominal
35077,14,1996-05-04,-0.43,-95.77,SITE_041,0N95W,98.06554227115849,far_from_nominal
35078,14,1996-05-05,-0.43,-95.77,SITE_041,0N95W,98.06554227115849,far_from_nominal
35079,14,1996-05-06,-0.44,-95.77,SITE_041,0N95W,98.61244299724044,far_from_nominal
35080,14,1996-05-07,-0.43,-95.77,SITE_041,0N95W,98.06554227115849,far_from_nominal
35081,14,1996-05-08,-0.43,-95.76,SITE_041,0N95W,97.09623906683908,far_from_nominal
35082,14,1996-05-09,-0.43,-95.78,SITE_041,0N95W,99.03784298787743,far_from_nominal
35718,14,1998-06-07,-0.02,-95.3,,,,unassigned_drifting
35719,14,1998-06-08,-0.03,-95.42,,,,unassigned_drifting
35720,14,1998-06-09,-0.13,-95.6,,,,unassigned_drifting
35721,14,1998-06-10,-0.17,-95.85,SITE_041,0N95W,96.38746428087742,far_from_nominal
35722,14,1998-06-11,-0.17,-95.85,SITE_041,0N95W,96.38746428087742,far_from_nominal
35723,14,1998-06-12,-0.17,-95.85,SITE_041,0N95W,96.38746428087742,far_from_nominal
35724,14,1998-06-13,-0.17,-95.85,SITE_041,0N95W,96.38746428087742,far_from_nominal
39900,17,1986-11-18,2.0,-110.0,,,,unassigned_drifting
40699,17,1989-08-13,2.05,-110.27,,,,unassigned_drifting
41175,17,1990-12-02,2.0,-110.0,,,,unassigned_drifting
41299,17,1991-04-05,2.0,-110.0,,,,unassigned_drifting
41414,17,1991-08-30,2.1,-110.47,SITE_054,2N110W,53.398799349381264,far_from_nominal
41415,17,1991-08-31,2.12,-110.52,SITE_054,2N110W,59.30467508511634,far_from_nominal
41416,17,1991-09-01,2.11,-110.54,SITE_054,2N110W,61.24062880723008,far_from_nominal
41789,17,1992-11-03,2.0,-110.0,,,,unassigned_drifting
42855,17,1995-10-05,2.0,-110.43,,,,unassigned_drifting
42856,17,1995-10-06,2.34,-111.18,,,,unassigned_noise
43098,17,1996-09-08,2.11,-110.44,SITE_054,2N110W,50.40106340717502,far_from_nominal
43129,17,1996-10-09,2.0,-110.0,,,,unassigned_drifting
43231,17,1997-01-19,2.04,-110.28,,,,unassigned_drifting
43232,17,1997-01-20,2.0,-110.56,,,,unassigned_drifting
43233,17,1997-01-21,2.0,-110.74,SITE_054,2N110W,82.23423326817883,far_from_nominal
43234,17,1997-01-22,2.0,-110.75,SITE_054,2N110W,83.34550667152475,far_from_nominal
43235,17,1997-01-23,2.0,-110.76,SITE_054,2N110W,84.45678007409613,far_from_nominal
43236,17,1997-01-24,1.99,-110.76,SITE_054,2N110W,84.46435660881295,far_from_nominal
43237,17,1997-01-25,1.99,-110.75,SITE_054,2N110W,83.35317741107859,far_from_nominal
43238,17,1997-01-26,1.99,-110.75,SITE_054,2N110W,83.35317741107859,far_from_nominal
43239,17,1997-01-27,1.99,-110.75,SITE_054,2N110W,83.35317741107859,far_from_nominal
43240,17,1997-01-28,1.99,-110.75,SITE_054,2N110W,83.35317741107859,far_from_nominal
43241,17,1997-01-29,2.0,-110.74,SITE_054,2N110W,82.23423326817883,far_from_nominal
43242,17,1997-01-30,2.0,-110.73,SITE_054,2N110W,81.12295986407293,far_from_nominal
43243,17,1997-01-31,2.0,-110.74,SITE_054,2N110W,82.23423326817883,far_from_nominal
43244,17,1997-02-01,2.0,-110.74,SITE_054,2N110W,82.23423326817883,far_from_nominal
43245,17,1997-02-02,2.01,-110.74,SITE_054,2N110W,82.24149968534192,far_from_nominal
43246,17,1997-02-03,2.0,-110.74,SITE_054,2N110W,82.23423326817883,far_from_nominal
43247,17,1997-02-04,1.99,-110.74,SITE_054,2N110W,82.24200084967202,far_from_nominal
43248,17,1997-02-05,2.0,-110.73,SITE_054,2N110W,81.12295986407293,far_from_nominal
43249,17,1997-02-06,1.99,-110.72,SITE_054,2N110W,80.01965607532439,far_from_nominal
43250,17,1997-02-07,2.01,-110.71,SITE_054,2N110W,78.90800725505412,far_from_nominal
43251,17,1997-02-08,2.0,-110.74,SITE_054,2N110W,82.23423326817883,far_from_nominal
43252,17,1997-02-09,2.0,-110.73,SITE_054,2N110W,81.12295986407293,far_from_nominal
43253,17,1997-02-10,2.0,-110.73,SITE_054,2N110W,81.12295986407293,far_from_nominal
43254,17,1997-02-11,2.0,-110.73,SITE_054,2N110W,81.12295986407293,far_from_nominal
43255,17,1997-02-12,1.99,-110.74,SITE_054,2N110W,82.24200084967202,far_from_nominal
43256,17,1997-02-13,2.0,-110.74,SITE_054,2N110W,82.23423326817883,far_from_nominal
43257,17,1997-02-14,2.01,-110.75,SITE_054,2N110W,83.352669472836,far_from_nominal
43258,17,1997-02-15,2.0,-110.74,SITE_054,2N110W,82.23423326817883,far_from_nominal
43259,17,1997-02-16,2.0,-110.74,SITE_054,2N110W,82.23423326817883,far_from_nominal
43260,17,1997-02-17,2.01,-110.74,SITE_054,2N110W,82.24149968534192,far_from_nominal
43261,17,1997-02-18,1.99,-110.75,SITE_054,2N110W,83.35317741107859,far_from_nominal
43262,17,1997-02-19,2.0,-110.73,SITE_054,2N110W,81.12295986407293,far_from_nominal
43263,17,1997-02-20,1.98,-110.75,SITE_054,2N110W,83.37567759734578,far_from_nominal
43264,17,1997-02-21,1.99,-110.74,SITE_054,2N110W,82.24200084967202,far_from_nominal
43265,17,1997-02-22,1.99,-110.74,SITE_054,2N110W,82.24200084967202,far_from_nominal
43266,17,1997-02-23,1.99,-110.74,SITE_054,2N110W,82.24200084967202,far_from_nominal
43267,17,1997-02-24,1.99,-110.75,SITE_054,2N110W,83.35317741107859,far_from_nominal
43268,17,1997-02-25,1.99,-110.75,SITE_054,2N110W,83.35317741107859,far_from_nominal
43269,17,1997-02-26,1.99,-110.75,SITE_054,2N110W,83.35317741107859,far_from_nominal
43270,17,1997-02-27,1.99,-110.74,SITE_054,2N110W,82.24200084967202,far_from_nominal
43271,17,1997-02-28,1.99,-110.75,SITE_054,2N110W,83.35317741107859,far_from_nominal
43272,17,1997-03-01,1.99,-110.75,SITE_054,2N110W,83.35317741107859,far_from_nominal
43273,17,1997-03-02,1.99,-110.75,SITE_054,2N110W,83.35317741107859,far_from_nominal
43274,17,1997-03-03,2.0,-110.74,SITE_054,2N110W,82.23423326817883,far_from_nominal
43275,17,1997-03-04,2.0,-110.74,SITE_054,2N110W,82.23423326817883,far_from_nominal
43276,17,1997-03-05,2.0,-110.74,SITE_054,2N110W,82.23423326817883,far_from_nominal
43277,17,1997-03-06,1.99,-110.75,SITE_054,2N110W,83.35317741107859,far_from_nominal
43278,17,1997-03-07,2.0,-110.76,SITE_054,2N110W,84.45678007409613,far_from_nominal
43279,17,1997-03-08,2.0,-110.75,SITE_054,2N110W,83.34550667152475,far_from_nominal
43280,17,1997-03-09,2.0,-110.75,SITE_054,2N110W,83.34550667152475,far_from_nominal
43281,17,1997-03-10,2.01,-110.76,SITE_054,2N110W,84.46384189666618,far_from_nominal
43282,17,1997-03-11,2.01,-110.75,SITE_054,2N110W,83.352669472836,far_from_nominal
43283,17,1997-03-12,2.01,-110.75,SITE_054,2N110W,83.352669472836,far_from_nominal
43284,17,1997-03-13,2.0,-110.75,SITE_054,2N110W,83.34550667152475,far_from_nominal
43285,17,1997-03-14,2.0,-110.74,SITE_054,2N110W,82.23423326817883,far_from_nominal
43286,17,1997-03-15,2.0,-110.75,SITE_054,2N110W,83.34550667152475,far_from_nominal
43287,17,1997-03-16,2.01,-110.75,SITE_054,2N110W,83.352669472836,far_from_nominal
43288,17,1997-03-17,2.0,-110.75,SITE_054,2N110W,83.34550667152475,far_from_nominal
43289,17,1997-03-18,2.0,-110.75,SITE_054,2N110W,83.34550667152475,far_from_nominal
43290,17,1997-03-19,2.0,-110.75,SITE_054,2N110W,83.34550667152475,far_from_nominal
43291,17,1997-03-20,2.0,-110.75,SITE_054,2N110W,83.34550667152475,far_from_nominal
43292,17,1997-03-21,2.0,-110.74,SITE_054,2N110W,82.23423326817883,far_from_nominal
43293,17,1997-03-22,2.0,-110.73,SITE_054,2N110W,81.12295986407293,far_from_nominal
43294,17,1997-03-23,1.99,-110.73,SITE_054,2N110W,81.13082703296168,far_from_nominal
43295,17,1997-03-24,2.0,-110.73,SITE_054,2N110W,81.12295986407293,far_from_nominal
43296,17,1997-03-25,1.99,-110.73,SITE_054,2N110W,81.13082703296168,far_from_nominal
43297,17,1997-03-26,1.99,-110.74,SITE_054,2N110W,82.24200084967202,far_from_nominal
43298,17,1997-03-27,1.99,-110.74,SITE_054,2N110W,82.24200084967202,far_from_nominal
43299,17,1997-03-28,1.99,-110.74,SITE_054,2N110W,82.24200084967202,far_from_nominal
43300,17,1997-03-29,1.99,-110.75,SITE_054,2N110W,83.35317741107859,far_from_nominal
43301,17,1997-03-30,2.0,-110.75,SITE_054,2N110W,83.34550667152475,far_from_nominal
43302,17,1997-03-31,2.0,-110.74,SITE_054,2N110W,82.23423326817883,far_from_nominal
43303,17,1997-04-01,2.0,-110.74,SITE_054,2N110W,82.23423326817883,far_from_nominal
43304,17,1997-04-02,2.0,-110.74,SITE_054,2N110W,82.23423326817883,far_from_nominal
43305,17,1997-04-03,2.0,-110.74,SITE_054,2N110W,82.23423326817883,far_from_nominal
43306,17,1997-04-04,2.0,-110.74,SITE_054,2N110W,82.23423326817883,far_from_nominal
43307,17,1997-04-05,2.0,-110.75,SITE_054,2N110W,83.34550667152475,far_from_nominal
43308,17,1997-04-06,2.0,-110.74,SITE_054,2N110W,82.23423326817883,far_from_nominal
43309,17,1997-04-07,2.0,-110.74,SITE_054,2N110W,82.23423326817883,far_from_nominal
43310,17,1997-04-08,2.01,-110.74,SITE_054,2N110W,82.24149968534192,far_from_nominal
43311,17,1997-04-09,2.0,-110.73,SITE_054,2N110W,81.12295986407293,far_from_nominal
43312,17,1997-04-10,1.99,-110.74,SITE_054,2N110W,82.24200084967202,far_from_nominal
43313,17,1997-04-11,2.0,-110.74,SITE_054,2N110W,82.23423326817883,far_from_nominal
43314,17,1997-04-12,1.99,-110.74,SITE_054,2N110W,82.24200084967202,far_from_nominal
43315,17,1997-04-13,1.99,-110.74,SITE_054,2N110W,82.24200084967202,far_from_nominal
43316,17,1997-04-14,1.99,-110.74,SITE_054,2N110W,82.24200084967202,far_from_nominal
43317,17,1997-04-15,1.99,-110.74,SITE_054,2N110W,82.24200084967202,far_from_nominal
43318,17,1997-04-16,1.99,-110.74,SITE_054,2N110W,82.24200084967202,far_from_nominal
43319,17,1997-04-17,2.0,-110.73,SITE_054,2N110W,81.12295986407293,far_from_nominal
43320,17,1997-04-18,2.0,-110.73,SITE_054,2N110W,81.12295986407293,far_from_nominal
43321,17,1997-04-19,2.0,-110.74,SITE_054,2N110W,82.23423326817883,far_from_nominal
43322,17,1997-04-20,2.0,-110.73,SITE_054,2N110W,81.12295986407293,far_from_nominal
43323,17,1997-04-21,2.0,-110.74,SITE_054,2N110W,82.23423326817883,far_from_nominal
43324,17,1997-04-22,2.01,-110.74,SITE_054,2N110W,82.24149968534192,far_from_nominal
43325,17,1997-04-23,2.0,-110.74,SITE_054,2N110W,82.23423326817883,far_from_nominal
43326,17,1997-04-24,2.0,-110.74,SITE_054,2N110W,82.23423326817883,far_from_nominal
43327,17,1997-04-25,2.0,-110.73,SITE_054,2N110W,81.12295986407293,far_from_nominal
43328,17,1997-04-26,1.99,-110.74,SITE_054,2N110W,82.24200084967202,far_from_nominal
43329,17,1997-04-27,1.99,-110.74,SITE_054,2N110W,82.24200084967202,far_from_nominal
43330,17,1997-04-28,2.0,-110.74,SITE_054,2N110W,82.23423326817883,far_from_nominal
43331,17,1997-04-29,2.0,-110.74,SITE_054,2N110W,82.23423326817883,far_from_nominal
43332,17,1997-04-30,1.99,-110.74,SITE_054,2N110W,82.24200084967202,far_from_nominal
43333,17,1997-05-01,1.99,-110.73,SITE_054,2N110W,81.13082703296168,far_from_nominal
43334,17,1997-05-02,1.99,-110.74,SITE_054,2N110W,82.24200084967202,far_from_nominal
43335,17,1997-05-03,1.99,-110.74,SITE_054,2N110W,82.24200084967202,far_from_nominal
43336,17,1997-05-04,1.99,-110.74,SITE_054,2N110W,82.24200084967202,far_from_nominal
43337,17,1997-05-05,2.0,-110.75,SITE_054,2N110W,83.34550667152475,far_from_nominal
43338,17,1997-05-06,1.99,-110.75,SITE_054,2N110W,83.35317741107859,far_from_nominal
43339,17,1997-05-07,2.0,-110.75,SITE_054,2N110W,83.34550667152475,far_from_nominal
43340,17,1997-05-08,2.0,-110.75,SITE_054,2N110W,83.34550667152475,far_from_nominal
43341,17,1997-05-09,2.0,-110.75,SITE_054,2N110W,83.34550667152475,far_from_nominal
43342,17,1997-05-10,1.99,-110.75,SITE_054,2N110W,83.35317741107859,far_from_nominal
43343,17,1997-05-11,1.99,-110.75,SITE_054,2N110W,83.35317741107859,far_from_nominal
43344,17,1997-05-12,1.99,-110.75,SITE_054,2N110W,83.35317741107859,far_from_nominal
43345,17,1997-05-13,2.0,-110.75,SITE_054,2N110W,83.34550667152475,far_from_nominal
43346,17,1997-05-14,2.0,-110.75,SITE_054,2N110W,83.34550667152475,far_from_nominal
43347,17,1997-05-15,2.0,-110.75,SITE_054,2N110W,83.34550667152475,far_from_nominal
43348,17,1997-05-16,2.0,-110.75,SITE_054,2N110W,83.34550667152475,far_from_nominal
43349,17,1997-05-17,2.0,-110.75,SITE_054,2N110W,83.34550667152475,far_from_nominal
43350,17,1997-05-18,2.0,-110.75,SITE_054,2N110W,83.34550667152475,far_from_nominal
43351,17,1997-05-19,2.0,-110.75,SITE_054,2N110W,83.34550667152475,far_from_nominal
43352,17,1997-05-20,1.99,-110.75,SITE_054,2N110W,83.35317741107859,far_from_nominal
43353,17,1997-05-21,1.99,-110.74,SITE_054,2N110W,82.24200084967202,far_from_nominal
43354,17,1997-05-22,1.99,-110.75,SITE_054,2N110W,83.35317741107859,far_from_nominal
43355,17,1997-05-23,1.99,-110.74,SITE_054,2N110W,82.24200084967202,far_from_nominal
43356,17,1997-05-24,1.99,-110.75,SITE_054,2N110W,83.35317741107859,far_from_nominal
43357,17,1997-05-25,2.0,-110.75,SITE_054,2N110W,83.34550667152475,far_from_nominal
43358,17,1997-05-26,2.0,-110.75,SITE_054,2N110W,83.34550667152475,far_from_nominal
43359,17,1997-05-27,1.99,-110.71,SITE_054,2N110W,78.90848809758883,far_from_nominal
43360,17,1997-05-28,2.0,-110.75,SITE_054,2N110W,83.34550667152475,far_from_nominal
43361,17,1997-05-29,2.0,-110.75,SITE_054,2N110W,83.34550667152475,far_from_nominal
43362,17,1997-05-30,2.0,-110.75,SITE_054,2N110W,83.34550667152475,far_from_nominal
43363,17,1997-05-31,2.01,-110.76,SITE_054,2N110W,84.46384189666618,far_from_nominal
43364,17,1997-06-01,2.0,-110.75,SITE_054,2N110W,83.34550667152475,far_from_nominal
43365,17,1997-06-02,2.0,-110.75,SITE_054,2N110W,83.34550667152475,far_from_nominal
43366,17,1997-06-03,2.0,-110.75,SITE_054,2N110W,83.34550667152475,far_from_nominal
43367,17,1997-06-04,2.0,-110.75,SITE_054,2N110W,83.34550667152475,far_from_nominal
43368,17,1997-06-05,2.0,-110.75,SITE_054,2N110W,83.34550667152475,far_from_nominal
43369,17,1997-06-06,2.0,-110.75,SITE_054,2N110W,83.34550667152475,far_from_nominal
43370,17,1997-06-07,2.0,-110.75,SITE_054,2N110W,83.34550667152475,far_from_nominal
43371,17,1997-06-08,2.0,-110.75,SITE_054,2N110W,83.34550667152475,far_from_nominal
43372,17,1997-06-09,2.0,-110.75,SITE_054,2N110W,83.34550667152475,far_from_nominal
43373,17,1997-06-10,2.01,-110.75,SITE_054,2N110W,83.352669472836,far_from_nominal
43374,17,1997-06-11,2.0,-110.75,SITE_054,2N110W,83.34550667152475,far_from_nominal
43375,17,1997-06-12,2.0,-110.75,SITE_054,2N110W,83.34550667152475,far_from_nominal
43376,17,1997-06-13,2.0,-110.75,SITE_054,2N110W,83.34550667152475,far_from_nominal
43377,17,1997-06-14,2.0,-110.76,SITE_054,2N110W,84.45678007409613,far_from_nominal
43378,17,1997-06-15,2.0,-110.75,SITE_054,2N110W,83.34550667152475,far_from_nominal
43379,17,1997-06-16,2.01,-110.75,SITE_054,2N110W,83.352669472836,far_from_nominal
43380,17,1997-06-17,2.01,-110.75,SITE_054,2N110W,83.352669472836,far_from_nominal
43381,17,1997-06-18,2.0,-110.75,SITE_054,2N110W,83.34550667152475,far_from_nominal
43382,17,1997-06-19,2.0,-110.75,SITE_054,2N110W,83.34550667152475,far_from_nominal
43383,17,1997-06-20,2.0,-110.76,SITE_054,2N110W,84.45678007409613,far_from_nominal
43384,17,1997-06-21,2.0,-110.75,SITE_054,2N110W,83.34550667152475,far_from_nominal
43385,17,1997-06-22,1.99,-110.75,SITE_054,2N110W,83.35317741107859,far_from_nominal
43386,17,1997-06-23,2.0,-110.75,SITE_054,2N110W,83.34550667152475,far_from_nominal
43387,17,1997-06-24,2.0,-110.75,SITE_054,2N110W,83.34550667152475,far_from_nominal
43388,17,1997-06-25,2.0,-110.75,SITE_054,2N110W,83.34550667152475,far_from_nominal
43389,17,1997-06-26,2.0,-110.75,SITE_054,2N110W,83.34550667152475,far_from_nominal
43390,17,1997-06-27,2.0,-110.75,SITE_054,2N110W,83.34550667152475,far_from_nominal
43391,17,1997-06-28,1.99,-110.75,SITE_054,2N110W,83.35317741107859,far_from_nominal
43392,17,1997-06-29,1.99,-110.75,SITE_054,2N110W,83.35317741107859,far_from_nominal
43393,17,1997-06-30,1.99,-110.75,SITE_054,2N110W,83.35317741107859,far_from_nominal
43394,17,1997-07-01,2.0,-110.75,SITE_054,2N110W,83.34550667152475,far_from_nominal
43395,17,1997-07-02,2.0,-110.75,SITE_054,2N110W,83.34550667152475,far_from_nominal
43396,17,1997-07-03,1.99,-110.76,SITE_054,2N110W,84.46435660881295,far_from_nominal
43397,17,1997-07-04,2.0,-110.75,SITE_054,2N110W,83.34550667152475,far_from_nominal
43398,17,1997-07-05,2.0,-110.75,SITE_054,2N110W,83.34550667152475,far_from_nominal
43399,17,1997-07-06,2.01,-110.76,SITE_054,2N110W,84.46384189666618,far_from_nominal
43400,17,1997-07-07,2.0,-110.76,SITE_054,2N110W,84.45678007409613,far_from_nominal
43401,17,1997-07-08,2.0,-110.76,SITE_054,2N110W,84.45678007409613,far_from_nominal
43402,17,1997-07-09,2.0,-110.75,SITE_054,2N110W,83.34550667152475,far_from_nominal
43403,17,1997-07-10,2.0,-110.75,SITE_054,2N110W,83.34550667152475,far_from_nominal
43404,17,1997-07-11,2.0,-110.76,SITE_054,2N110W,84.45678007409613,far_from_nominal
43405,17,1997-07-12,2.0,-110.78,SITE_054,2N110W,86.67932687687836,far_from_nominal
43406,17,1997-07-13,2.0,-110.77,SITE_054,2N110W,85.5680534758827,far_from_nominal
43407,17,1997-07-14,1.99,-110.77,SITE_054,2N110W,85.57553834013845,far_from_nominal
43408,17,1997-07-15,1.99,-110.77,SITE_054,2N110W,85.57553834013845,far_from_nominal
43409,17,1997-07-16,2.0,-110.77,SITE_054,2N110W,85.5680534758827,far_from_nominal
43410,17,1997-07-17,2.0,-110.77,SITE_054,2N110W,85.5680534758827,far_from_nominal
43411,17,1997-07-18,2.0,-110.77,SITE_054,2N110W,85.5680534758827,far_from_nominal
43412,17,1997-07-19,2.0,-110.77,SITE_054,2N110W,85.5680534758827,far_from_nominal
43413,17,1997-07-20,2.0,-110.77,SITE_054,2N110W,85.5680534758827,far_from_nominal
43414,17,1997-07-21,2.0,-110.77,SITE_054,2N110W,85.5680534758827,far_from_nominal
43415,17,1997-07-22,2.0,-110.77,SITE_054,2N110W,85.5680534758827,far_from_nominal
43416,17,1997-07-23,2.0,-110.77,SITE_054,2N110W,85.5680534758827,far_from_nominal
43417,17,1997-07-24,2.0,-110.77,SITE_054,2N110W,85.5680534758827,far_from_nominal
43418,17,1997-07-25,2.0,-110.77,SITE_054,2N110W,85.5680534758827,far_from_nominal
43419,17,1997-07-26,2.0,-110.77,SITE_054,2N110W,85.5680534758827,far_from_nominal
43420,17,1997-07-27,2.0,-110.77,SITE_054,2N110W,85.5680534758827,far_from_nominal
43421,17,1997-07-28,1.99,-110.77,SITE_054,2N110W,85.57553834013845,far_from_nominal
43422,17,1997-07-29,2.0,-110.77,SITE_054,2N110W,85.5680534758827,far_from_nominal
43423,17,1997-07-30,1.99,-110.75,SITE_054,2N110W,83.35317741107859,far_from_nominal
43424,17,1997-07-31,2.0,-110.78,SITE_054,2N110W,86.67932687687836,far_from_nominal
43425,17,1997-08-01,2.0,-110.77,SITE_054,2N110W,85.5680534758827,far_from_nominal
43426,17,1997-08-02,2.0,-110.77,SITE_054,2N110W,85.5680534758827,far_from_nominal
43427,17,1997-08-03,2.0,-110.77,SITE_054,2N110W,85.5680534758827,far_from_nominal
43428,17,1997-08-04,2.0,-110.77,SITE_054,2N110W,85.5680534758827,far_from_nominal
43429,17,1997-08-05,2.0,-110.77,SITE_054,2N110W,85.5680534758827,far_from_nominal
43430,17,1997-08-06,2.0,-110.78,SITE_054,2N110W,86.67932687687836,far_from_nominal
43431,17,1997-08-07,2.0,-110.77,SITE_054,2N110W,85.5680534758827,far_from_nominal
43432,17,1997-08-08,2.0,-110.77,SITE_054,2N110W,85.5680534758827,far_from_nominal
43433,17,1997-08-09,2.0,-110.77,SITE_054,2N110W,85.5680534758827,far_from_nominal
43434,17,1997-08-10,2.0,-110.77,SITE_054,2N110W,85.5680534758827,far_from_nominal
43435,17,1997-08-11,2.0,-110.77,SITE_054,2N110W,85.5680534758827,far_from_nominal
43436,17,1997-08-12,2.0,-110.76,SITE_054,2N110W,84.45678007409613,far_from_nominal
43437,17,1997-08-13,2.0,-110.77,SITE_054,2N110W,85.5680534758827,far_from_nominal
43438,17,1997-08-14,2.0,-110.77,SITE_054,2N110W,85.5680534758827,far_from_nominal
43439,17,1997-08-15,2.0,-110.77,SITE_054,2N110W,85.5680534758827,far_from_nominal
43440,17,1997-08-16,2.0,-110.77,SITE_054,2N110W,85.5680534758827,far_from_nominal
43441,17,1997-08-17,2.0,-110.77,SITE_054,2N110W,85.5680534758827,far_from_nominal
43442,17,1997-08-18,1.99,-110.77,SITE_054,2N110W,85.57553834013845,far_from_nominal
43443,17,1997-08-19,2.0,-110.77,SITE_054,2N110W,85.5680534758827,far_from_nominal
43444,17,1997-08-20,1.99,-110.77,SITE_054,2N110W,85.57553834013845,far_from_nominal
43445,17,1997-08-21,2.0,-110.76,SITE_054,2N110W,84.45678007409613,far_from_nominal
43446,17,1997-08-22,2.0,-110.77,SITE_054,2N110W,85.5680534758827,far_from_nominal
43447,17,1997-08-23,2.0,-110.77,SITE_054,2N110W,85.5680534758827,far_from_nominal
43448,17,1997-08-24,2.0,-110.77,SITE_054,2N110W,85.5680534758827,far_from_nominal
43449,17,1997-08-25,2.0,-110.77,SITE_054,2N110W,85.5680534758827,far_from_nominal
43450,17,1997-08-26,2.0,-110.77,SITE_054,2N110W,85.5680534758827,far_from_nominal
43451,17,1997-08-27,2.01,-110.76,SITE_054,2N110W,84.46384189666618,far_from_nominal
43452,17,1997-08-28,2.0,-110.77,SITE_054,2N110W,85.5680534758827,far_from_nominal
43453,17,1997-08-29,2.0,-110.77,SITE_054,2N110W,85.5680534758827,far_from_nominal
43454,17,1997-08-30,2.0,-110.77,SITE_054,2N110W,85.5680534758827,far_from_nominal
43455,17,1997-08-31,2.0,-110.76,SITE_054,2N110W,84.45678007409613,far_from_nominal
43456,17,1997-09-01,1.99,-110.77,SITE_054,2N110W,85.57553834013845,far_from_nominal
43457,17,1997-09-02,1.99,-110.78,SITE_054,2N110W,86.68672250758956,far_from_nominal
43458,17,1997-09-03,2.0,-110.77,SITE_054,2N110W,85.5680534758827,far_from_nominal
43459,17,1997-09-04,2.0,-110.77,SITE_054,2N110W,85.5680534758827,far_from_nominal
43460,17,1997-09-05,2.0,-110.76,SITE_054,2N110W,84.45678007409613,far_from_nominal
43461,17,1997-09-06,2.0,-110.76,SITE_054,2N110W,84.45678007409613,far_from_nominal
43462,17,1997-09-07,2.0,-110.76,SITE_054,2N110W,84.45678007409613,far_from_nominal
43463,17,1997-09-08,2.07,-110.86,SITE_054,2N110W,95.8839042221546,far_from_nominal
43464,17,1997-09-09,2.08,-110.87,SITE_054,2N110W,97.08678919922743,far_from_nominal
43465,17,1997-09-10,2.08,-110.86,SITE_054,2N110W,95.98027166159454,far_from_nominal
43466,17,1997-09-11,2.07,-110.87,SITE_054,2N110W,96.9915280443061,far_from_nominal
43467,17,1997-09-12,2.07,-110.87,SITE_054,2N110W,96.9915280443061,far_from_nominal
43468,17,1997-09-13,2.08,-110.86,SITE_054,2N110W,95.98027166159454,far_from_nominal
43469,17,1997-09-14,2.08,-110.87,SITE_054,2N110W,97.08678919922743,far_from_nominal
43470,17,1997-09-15,2.07,-110.86,SITE_054,2N110W,95.8839042221546,far_from_nominal
43471,17,1997-09-16,2.07,-110.86,SITE_054,2N110W,95.8839042221546,far_from_nominal
43472,17,1997-09-17,2.07,-110.86,SITE_054,2N110W,95.8839042221546,far_from_nominal
43473,17,1997-09-18,2.07,-110.86,SITE_054,2N110W,95.8839042221546,far_from_nominal
43474,17,1997-09-19,2.07,-110.86,SITE_054,2N110W,95.8839042221546,far_from_nominal
43475,17,1997-09-20,2.06,-110.86,SITE_054,2N110W,95.8003461017845,far_from_nominal
43476,17,1997-09-21,2.07,-110.86,SITE_054,2N110W,95.8839042221546,far_from_nominal
43477,17,1997-09-22,2.08,-110.85,SITE_054,2N110W,94.87386465380636,far_from_nominal
43478,17,1997-09-23,2.08,-110.87,SITE_054,2N110W,97.08678919922743,far_from_nominal
43479,17,1997-09-24,2.08,-110.85,SITE_054,2N110W,94.87386465380636,far_from_nominal
43480,17,1997-09-25,2.08,-110.86,SITE_054,2N110W,95.98027166159454,far_from_nominal
43481,17,1997-09-26,2.08,-110.86,SITE_054,2N110W,95.98027166159454,far_from_nominal
43482,17,1997-09-27,2.08,-110.86,SITE_054,2N110W,95.98027166159454,far_from_nominal
43483,17,1997-09-28,2.08,-110.86,SITE_054,2N110W,95.98027166159454,far_from_nominal
43484,17,1997-09-29,2.09,-110.86,SITE_054,2N110W,96.0894098809654,far_from_nominal
43485,17,1997-09-30,2.08,-110.86,SITE_054,2N110W,95.98027166159454,far_from_nominal
43486,17,1997-10-01,2.08,-110.86,SITE_054,2N110W,95.98027166159454,far_from_nominal
43487,17,1997-10-02,2.08,-110.86,SITE_054,2N110W,95.98027166159454,far_from_nominal
43488,17,1997-10-03,2.08,-110.86,SITE_054,2N110W,95.98027166159454,far_from_nominal
43489,17,1997-10-04,2.08,-110.86,SITE_054,2N110W,95.98027166159454,far_from_nominal
43490,17,1997-10-05,2.08,-110.85,SITE_054,2N110W,94.87386465380636,far_from_nominal
43491,17,1997-10-06,2.07,-110.85,SITE_054,2N110W,94.77636528019782,far_from_nominal
43492,17,1997-10-07,2.07,-110.86,SITE_054,2N110W,95.8839042221546,far_from_nominal
43493,17,1997-10-08,2.07,-110.86,SITE_054,2N110W,95.8839042221546,far_from_nominal
43494,17,1997-10-09,2.08,-110.86,SITE_054,2N110W,95.98027166159454,far_from_nominal
43495,17,1997-10-10,2.08,-110.85,SITE_054,2N110W,94.87386465380636,far_from_nominal
43496,17,1997-10-11,2.08,-110.85,SITE_054,2N110W,94.87386465380636,far_from_nominal
43497,17,1997-10-12,2.08,-110.85,SITE_054,2N110W,94.87386465380636,far_from_nominal
43498,17,1997-10-13,2.07,-110.85,SITE_054,2N110W,94.77636528019782,far_from_nominal
43499,17,1997-10-14,2.07,-110.85,SITE_054,2N110W,94.77636528019782,far_from_nominal
43500,17,1997-10-15,2.06,-110.86,SITE_054,2N110W,95.8003461017845,far_from_nominal
43501,17,1997-10-16,2.07,-110.88,SITE_054,2N110W,98.09923387149743,far_from_nominal
43502,17,1997-10-17,2.07,-110.87,SITE_054,2N110W,96.9915280443061,far_from_nominal
43503,17,1997-10-18,2.08,-110.86,SITE_054,2N110W,95.98027166159454,far_from_nominal
43504,17,1997-10-19,2.08,-110.87,SITE_054,2N110W,97.08678919922743,far_from_nominal
43505,17,1997-10-20,2.08,-110.86,SITE_054,2N110W,95.98027166159454,far_from_nominal
43506,17,1997-10-21,2.08,-110.87,SITE_054,2N110W,97.08678919922743,far_from_nominal
43507,17,1997-10-22,2.08,-110.86,SITE_054,2N110W,95.98027166159454,far_from_nominal
43508,17,1997-10-23,2.08,-110.87,SITE_054,2N110W,97.08678919922743,far_from_nominal
43509,17,1997-10-24,2.08,-110.86,SITE_054,2N110W,95.98027166159454,far_from_nominal
43510,17,1997-10-25,2.08,-110.87,SITE_054,2N110W,97.08678919922743,far_from_nominal
43511,17,1997-10-26,2.08,-110.87,SITE_054,2N110W,97.08678919922743,far_from_nominal
43512,17,1997-10-27,2.08,-110.86,SITE_054,2N110W,95.98027166159454,far_from_nominal
43513,17,1997-10-28,2.08,-110.86,SITE_054,2N110W,95.98027166159454,far_from_nominal
43514,17,1997-10-29,2.08,-110.86,SITE_054,2N110W,95.98027166159454,far_from_nominal
43515,17,1997-10-30,2.08,-110.86,SITE_054,2N110W,95.98027166159454,far_from_nominal
43516,17,1997-10-31,2.08,-110.86,SITE_054,2N110W,95.98027166159454,far_from_nominal
43517,17,1997-11-01,2.08,-110.86,SITE_054,2N110W,95.98027166159454,far_from_nominal
43518,17,1997-11-02,2.08,-110.86,SITE_054,2N110W,95.98027166159454,far_from_nominal
43519,17,1997-11-03,2.08,-110.86,SITE_054,2N110W,95.98027166159454,far_from_nominal
43520,17,1997-11-04,2.08,-110.86,SITE_054,2N110W,95.98027166159454,far_from_nominal
43521,17,1997-11-05,2.08,-110.86,SITE_054,2N110W,95.98027166159454,far_from_nominal
43522,17,1997-11-06,2.08,-110.86,SITE_054,2N110W,95.98027166159454,far_from_nominal
43523,17,1997-11-07,2.08,-110.85,SITE_054,2N110W,94.87386465380636,far_from_nominal
43524,17,1997-11-08,2.08,-110.85,SITE_054,2N110W,94.87386465380636,far_from_nominal
43525,17,1997-11-09,2.09,-110.86,SITE_054,2N110W,96.0894098809654,far_from_nominal
43526,17,1997-11-10,2.09,-110.86,SITE_054,2N110W,96.0894098809654,far_from_nominal
43527,17,1997-11-11,2.08,-110.86,SITE_054,2N110W,95.98027166159454,far_from_nominal
43528,17,1997-11-12,2.08,-110.85,SITE_054,2N110W,94.87386465380636,far_from_nominal
43529,17,1997-11-13,2.08,-110.87,SITE_054,2N110W,97.08678919922743,far_from_nominal
43530,17,1997-11-14,2.08,-110.86,SITE_054,2N110W,95.98027166159454,far_from_nominal
43531,17,1997-11-15,2.09,-110.86,SITE_054,2N110W,96.0894098809654,far_from_nominal
43532,17,1997-11-16,2.08,-110.85,SITE_054,2N110W,94.87386465380636,far_from_nominal
43533,17,1997-11-17,2.09,-110.87,SITE_054,2N110W,97.19467804880468,far_from_nominal
43534,17,1997-11-18,2.08,-110.86,SITE_054,2N110W,95.98027166159454,far_from_nominal
43535,17,1997-11-19,2.09,-110.86,SITE_054,2N110W,96.0894098809654,far_from_nominal
43536,17,1997-11-20,2.09,-110.86,SITE_054,2N110W,96.0894098809654,far_from_nominal
43537,17,1997-11-21,2.09,-110.85,SITE_054,2N110W,94.9842811256113,far_from_nominal
43538,17,1997-11-22,2.09,-110.85,SITE_054,2N110W,94.9842811256113,far_from_nominal
43539,17,1997-11-23,2.08,-110.85,SITE_054,2N110W,94.87386465380636,far_from_nominal
43540,17,1997-11-24,2.07,-110.85,SITE_054,2N110W,94.77636528019782,far_from_nominal
43541,17,1997-11-25,2.07,-110.86,SITE_054,2N110W,95.8839042221546,far_from_nominal
43542,17,1997-11-26,2.07,-110.87,SITE_054,2N110W,96.9915280443061,far_from_nominal
43543,17,1997-11-27,2.08,-110.86,SITE_054,2N110W,95.98027166159454,far_from_nominal
43544,17,1997-11-28,2.08,-110.86,SITE_054,2N110W,95.98027166159454,far_from_nominal
43545,17,1997-11-29,2.08,-110.87,SITE_054,2N110W,97.08678919922743,far_from_nominal
43546,17,1997-11-30,2.07,-110.86,SITE_054,2N110W,95.8839042221546,far_from_nominal
43547,17,1997-12-01,2.08,-110.86,SITE_054,2N110W,95.98027166159454,far_from_nominal
43548,17,1997-12-02,2.08,-110.86,SITE_054,2N110W,95.98027166159454,far_from_nominal
43549,17,1997-12-03,2.08,-110.87,SITE_054,2N110W,97.08678919922743,far_from_nominal
43550,17,1997-12-04,2.08,-110.86,SITE_054,2N110W,95.98027166159454,far_from_nominal
43551,17,1997-12-05,2.07,-110.86,SITE_054,2N110W,95.8839042221546,far_from_nominal
43552,17,1997-12-06,2.08,-110.87,SITE_054,2N110W,97.08678919922743,far_from_nominal
43553,17,1997-12-07,2.08,-110.87,SITE_054,2N110W,97.08678919922743,far_from_nominal
43554,17,1997-12-08,2.08,-110.86,SITE_054,2N110W,95.98027166159454,far_from_nominal
43555,17,1997-12-09,2.08,-110.86,SITE_054,2N110W,95.98027166159454,far_from_nominal
43556,17,1997-12-10,2.08,-110.86,SITE_054,2N110W,95.98027166159454,far_from_nominal
43557,17,1997-12-11,2.08,-110.86,SITE_054,2N110W,95.98027166159454,far_from_nominal
43558,17,1997-12-12,2.08,-110.86,SITE_054,2N110W,95.98027166159454,far_from_nominal
43559,17,1997-12-13,2.08,-110.86,SITE_054,2N110W,95.98027166159454,far_from_nominal
43560,17,1997-12-14,2.08,-110.86,SITE_054,2N110W,95.98027166159454,far_from_nominal
43561,17,1997-12-15,2.08,-110.86,SITE_054,2N110W,95.98027166159454,far_from_nominal
43562,17,1997-12-16,2.08,-110.86,SITE_054,2N110W,95.98027166159454,far_from_nominal
43563,17,1997-12-17,2.08,-110.87,SITE_054,2N110W,97.08678919922743,far_from_nominal
43564,17,1997-12-18,2.08,-110.86,SITE_054,2N110W,95.98027166159454,far_from_nominal
43565,17,1997-12-19,2.08,-110.87,SITE_054,2N110W,97.08678919922743,far_from_nominal
43566,17,1997-12-20,2.08,-110.86,SITE_054,2N110W,95.98027166159454,far_from_nominal
43567,17,1997-12-21,2.08,-110.86,SITE_054,2N110W,95.98027166159454,far_from_nominal
43568,17,1997-12-22,2.07,-110.86,SITE_054,2N110W,95.8839042221546,far_from_nominal
43569,17,1997-12-23,2.07,-110.87,SITE_054,2N110W,96.9915280443061,far_from_nominal
43570,17,1997-12-24,2.07,-110.87,SITE_054,2N110W,96.9915280443061,far_from_nominal
43571,17,1997-12-25,2.07,-110.86,SITE_054,2N110W,95.8839042221546,far_from_nominal
43572,17,1997-12-26,2.07,-110.86,SITE_054,2N110W,95.8839042221546,far_from_nominal
43573,17,1997-12-27,2.07,-110.86,SITE_054,2N110W,95.8839042221546,far_from_nominal
43574,17,1997-12-28,2.08,-110.87,SITE_054,2N110W,97.08678919922743,far_from_nominal
43575,17,1997-12-29,2.08,-110.87,SITE_054,2N110W,97.08678919922743,far_from_nominal
43576,17,1997-12-30,2.08,-110.87,SITE_054,2N110W,97.08678919922743,far_from_nominal
43577,17,1997-12-31,2.08,-110.87,SITE_054,2N110W,97.08678919922743,far_from_nominal
43578,17,1998-01-01,2.07,-110.87,SITE_054,2N110W,96.9915280443061,far_from_nominal
43579,17,1998-01-02,2.08,-110.87,SITE_054,2N110W,97.08678919922743,far_from_nominal
43580,17,1998-01-03,2.07,-110.87,SITE_054,2N110W,96.9915280443061,far_from_nominal
43581,17,1998-01-04,2.08,-110.87,SITE_054,2N110W,97.08678919922743,far_from_nominal
43582,17,1998-01-05,2.07,-110.87,SITE_054,2N110W,96.9915280443061,far_from_nominal
43583,17,1998-01-06,2.08,-110.87,SITE_054,2N110W,97.08678919922743,far_from_nominal
43584,17,1998-01-07,2.08,-110.87,SITE_054,2N110W,97.08678919922743,far_from_nominal
43585,17,1998-01-08,2.08,-110.87,SITE_054,2N110W,97.08678919922743,far_from_nominal
43586,17,1998-01-09,2.08,-110.86,SITE_054,2N110W,95.98027166159454,far_from_nominal
43587,17,1998-01-10,2.08,-110.86,SITE_054,2N110W,95.98027166159454,far_from_nominal
43588,17,1998-01-11,2.07,-110.86,SITE_054,2N110W,95.8839042221546,far_from_nominal
43589,17,1998-01-12,2.08,-110.87,SITE_054,2N110W,97.08678919922743,far_from_nominal
43590,17,1998-01-13,2.07,-110.87,SITE_054,2N110W,96.9915280443061,far_from_nominal
43591,17,1998-01-14,2.07,-110.87,SITE_054,2N110W,96.9915280443061,far_from_nominal
43592,17,1998-01-15,2.07,-110.87,SITE_054,2N110W,96.9915280443061,far_from_nominal
43593,17,1998-01-16,2.07,-110.87,SITE_054,2N110W,96.9915280443061,far_from_nominal
43594,17,1998-01-17,2.08,-110.87,SITE_054,2N110W,97.08678919922743,far_from_nominal
43595,17,1998-01-18,2.08,-110.87,SITE_054,2N110W,97.08678919922743,far_from_nominal
43596,17,1998-01-19,2.08,-110.86,SITE_054,2N110W,95.98027166159454,far_from_nominal
43597,17,1998-01-20,2.08,-110.86,SITE_054,2N110W,95.98027166159454,far_from_nominal
43598,17,1998-01-21,2.08,-110.86,SITE_054,2N110W,95.98027166159454,far_from_nominal
43599,17,1998-01-22,2.07,-110.87,SITE_054,2N110W,96.9915280443061,far_from_nominal
43600,17,1998-01-23,2.07,-110.86,SITE_054,2N110W,95.8839042221546,far_from_nominal
43601,17,1998-01-24,2.08,-110.87,SITE_054,2N110W,97.08678919922743,far_from_nominal
43602,17,1998-01-25,2.08,-110.87,SITE_054,2N110W,97.08678919922743,far_from_nominal
43603,17,1998-01-26,2.07,-110.87,SITE_054,2N110W,96.9915280443061,far_from_nominal
43604,17,1998-01-27,2.08,-110.87,SITE_054,2N110W,97.08678919922743,far_from_nominal
43605,17,1998-01-28,2.08,-110.87,SITE_054,2N110W,97.08678919922743,far_from_nominal
43606,17,1998-01-29,2.07,-110.88,SITE_054,2N110W,98.09923387149743,far_from_nominal
43607,17,1998-01-30,2.08,-110.87,SITE_054,2N110W,97.08678919922743,far_from_nominal
43608,17,1998-01-31,2.08,-110.87,SITE_054,2N110W,97.08678919922743,far_from_nominal
43609,17,1998-02-01,2.08,-110.87,SITE_054,2N110W,97.08678919922743,far_from_nominal
43610,17,1998-02-02,2.07,-110.86,SITE_054,2N110W,95.8839042221546,far_from_nominal
43611,17,1998-02-03,2.07,-110.87,SITE_054,2N110W,96.9915280443061,far_from_nominal
43612,17,1998-02-04,2.08,-110.87,SITE_054,2N110W,97.08678919922743,far_from_nominal
43613,17,1998-02-05,2.07,-110.87,SITE_054,2N110W,96.9915280443061,far_from_nominal
43614,17,1998-02-06,2.07,-110.87,SITE_054,2N110W,96.9915280443061,far_from_nominal
43615,17,1998-02-07,2.07,-110.87,SITE_054,2N110W,96.9915280443061,far_from_nominal
43616,17,1998-02-08,2.08,-110.86,SITE_054,2N110W,95.98027166159454,far_from_nominal
43617,17,1998-02-09,2.08,-110.87,SITE_054,2N110W,97.08678919922743,far_from_nominal
43618,17,1998-02-10,2.08,-110.87,SITE_054,2N110W,97.08678919922743,far_from_nominal
43619,17,1998-02-11,2.08,-110.87,SITE_054,2N110W,97.08678919922743,far_from_nominal
43620,17,1998-02-12,2.08,-110.87,SITE_054,2N110W,97.08678919922743,far_from_nominal
43621,17,1998-02-13,2.08,-110.87,SITE_054,2N110W,97.08678919922743,far_from_nominal
43622,17,1998-02-14,2.08,-110.86,SITE_054,2N110W,95.98027166159454,far_from_nominal
43623,17,1998-02-15,2.08,-110.86,SITE_054,2N110W,95.98027166159454,far_from_nominal
43624,17,1998-02-16,2.08,-110.86,SITE_054,2N110W,95.98027166159454,far_from_nominal
43625,17,1998-02-17,2.07,-110.86,SITE_054,2N110W,95.8839042221546,far_from_nominal
43626,17,1998-02-18,2.07,-110.87,SITE_054,2N110W,96.9915280443061,far_from_nominal
43627,17,1998-02-19,2.07,-110.86,SITE_054,2N110W,95.8839042221546,far_from_nominal
43628,17,1998-02-20,2.07,-110.86,SITE_054,2N110W,95.8839042221546,far_from_nominal
43629,17,1998-02-21,2.07,-110.86,SITE_054,2N110W,95.8839042221546,far_from_nominal
43630,17,1998-02-22,2.07,-110.87,SITE_054,2N110W,96.9915280443061,far_from_nominal
43631,17,1998-02-23,2.07,-110.87,SITE_054,2N110W,96.9915280443061,far_from_nominal
43632,17,1998-02-24,2.08,-110.87,SITE_054,2N110W,97.08678919922743,far_from_nominal
43633,17,1998-02-25,2.08,-110.87,SITE_054,2N110W,97.08678919922743,far_from_nominal
43634,17,1998-02-26,2.07,-110.87,SITE_054,2N110W,96.9915280443061,far_from_nominal
43635,17,1998-02-27,2.08,-110.87,SITE_054,2N110W,97.08678919922743,far_from_nominal
43636,17,1998-02-28,2.08,-110.87,SITE_054,2N110W,97.08678919922743,far_from_nominal
43637,17,1998-03-01,2.08,-110.87,SITE_054,2N110W,97.08678919922743,far_from_nominal
43638,17,1998-03-02,2.08,-110.87,SITE_054,2N110W,97.08678919922743,far_from_nominal
43639,17,1998-03-03,2.0,-110.0,,,,unassigned_drifting
43999,18,1992-10-16,1.86,-125.5,,,,unassigned_drifting
44000,18,1992-10-17,1.77,-125.98,,,,unassigned_drifting
44001,18,1992-10-18,1.75,-126.47,,,,unassigned_drifting
44002,18,1992-10-19,1.69,-127.0,,,,unassigned_drifting
44003,18,1992-10-20,1.63,-127.48,,,,unassigned_drifting
44004,18,1992-10-21,1.57,-127.95,,,,unassigned_drifting
44005,18,1992-10-22,1.53,-128.4,,,,unassigned_drifting
44006,18,1992-10-23,1.49,-128.84,,,,unassigned_drifting
44007,18,1992-10-24,1.43,-129.32,,,,unassigned_drifting
44008,18,1992-10-25,1.37,-129.83,,,,unassigned_noise
47071,19,1995-09-03,2.43,137.41,SITE_045,2N137E,66.04165017229278,far_from_nominal
47072,19,1995-09-04,2.43,137.41,SITE_045,2N137E,66.04165017229278,far_from_nominal
47073,19,1995-09-05,2.43,137.42,SITE_045,2N137E,66.81294669617724,far_from_nominal
47074,19,1995-09-06,2.43,137.42,SITE_045,2N137E,66.81294669617724,far_from_nominal
47075,19,1995-09-07,2.43,137.42,SITE_045,2N137E,66.81294669617724,far_from_nominal
47076,19,1995-09-08,2.44,137.41,SITE_045,2N137E,66.85099012189394,far_from_nominal
47077,19,1995-09-09,2.43,137.41,SITE_045,2N137E,66.04165017229278,far_from_nominal
47078,19,1995-09-10,2.43,137.41,SITE_045,2N137E,66.04165017229278,far_from_nominal
47079,19,1995-09-11,2.43,137.41,SITE_045,2N137E,66.04165017229278,far_from_nominal
47080,19,1995-09-12,2.44,137.42,SITE_045,2N137E,67.613049433944,far_from_nominal
47081,19,1995-09-13,2.44,137.42,SITE_045,2N137E,67.613049433944,far_from_nominal
47082,19,1995-09-14,2.43,137.41,SITE_045,2N137E,66.04165017229278,far_from_nominal
47083,19,1995-09-15,2.43,137.41,SITE_045,2N137E,66.04165017229278,far_from_nominal
47084,19,1995-09-16,2.43,137.42,SITE_045,2N137E,66.81294669617724,far_from_nominal
47085,19,1995-09-17,2.44,137.41,SITE_045,2N137E,66.85099012189394,far_from_nominal
47086,19,1995-09-18,2.43,137.41,SITE_045,2N137E,66.04165017229278,far_from_nominal
47087,19,1995-09-19,2.43,137.41,SITE_045,2N137E,66.04165017229278,far_from_nominal
47088,19,1995-09-20,2.43,137.41,SITE_045,2N137E,66.04165017229278,far_from_nominal
47089,19,1995-09-21,2.43,137.41,SITE_045,2N137E,66.04165017229278,far_from_nominal
47090,19,1995-09-22,2.43,137.42,SITE_045,2N137E,66.81294669617724,far_from_nominal
47091,19,1995-09-23,2.43,137.41,SITE_045,2N137E,66.04165017229278,far_from_nominal
47092,19,1995-09-24,2.43,137.41,SITE_045,2N137E,66.04165017229278,far_from_nominal
47093,19,1995-09-25,2.43,137.41,SITE_045,2N137E,66.04165017229278,far_from_nominal
47094,19,1995-09-26,2.43,137.42,SITE_045,2N137E,66.81294669617724,far_from_nominal
47095,19,1995-09-27,2.43,137.41,SITE_045,2N137E,66.04165017229278,far_from_nominal
47096,19,1995-09-28,2.43,137.41,SITE_045,2N137E,66.04165017229278,far_from_nominal
47097,19,1995-09-29,2.43,137.41,SITE_045,2N137E,66.04165017229278,far_from_nominal
47098,19,1995-09-30,2.43,137.42,SITE_045,2N137E,66.81294669617724,far_from_nominal
47099,19,1995-10-01,2.43,137.41,SITE_045,2N137E,66.04165017229278,far_from_nominal
47100,19,1995-10-02,2.43,137.41,SITE_045,2N137E,66.04165017229278,far_from_nominal
47101,19,1995-10-03,2.43,137.41,SITE_045,2N137E,66.04165017229278,far_from_nominal
47102,19,1995-10-04,2.43,137.41,SITE_045,2N137E,66.04165017229278,far_from_nominal
47103,19,1995-10-05,2.43,137.41,SITE_045,2N137E,66.04165017229278,far_from_nominal
47104,19,1995-10-06,2.43,137.41,SITE_045,2N137E,66.04165017229278,far_from_nominal
47105,19,1995-10-07,2.43,137.41,SITE_045,2N137E,66.04165017229278,far_from_nominal
47106,19,1995-10-08,2.43,137.41,SITE_045,2N137E,66.04165017229278,far_from_nominal
47107,19,1995-10-09,2.43,137.41,SITE_045,2N137E,66.04165017229278,far_from_nominal
47108,19,1995-10-10,2.43,137.41,SITE_045,2N137E,66.04165017229278,far_from_nominal
47109,19,1995-10-11,2.43,137.41,SITE_045,2N137E,66.04165017229278,far_from_nominal
47110,19,1995-10-12,2.43,137.41,SITE_045,2N137E,66.04165017229278,far_from_nominal
47111,19,1995-10-13,2.43,137.4,SITE_045,2N137E,65.28015343314391,far_from_nominal
47112,19,1995-10-14,2.43,137.42,SITE_045,2N137E,66.81294669617724,far_from_nominal
47113,19,1995-10-15,2.42,137.41,SITE_045,2N137E,65.24122210456088,far_from_nominal
47114,19,1995-10-16,2.43,137.41,SITE_045,2N137E,66.04165017229278,far_from_nominal
47115,19,1995-10-17,2.43,137.41,SITE_045,2N137E,66.04165017229278,far_from_nominal
47116,19,1995-10-18,2.43,137.41,SITE_045,2N137E,66.04165017229278,far_from_nominal
47117,19,1995-10-19,2.43,137.41,SITE_045,2N137E,66.04165017229278,far_from_nominal
47118,19,1995-10-20,2.43,137.4,SITE_045,2N137E,65.28015343314391,far_from_nominal
47119,19,1995-10-21,2.43,137.41,SITE_045,2N137E,66.04165017229278,far_from_nominal
47120,19,1995-10-22,2.43,137.41,SITE_045,2N137E,66.04165017229278,far_from_nominal
47121,19,1995-10-23,2.43,137.41,SITE_045,2N137E,66.04165017229278,far_from_nominal
47122,19,1995-10-24,2.43,137.41,SITE_045,2N137E,66.04165017229278,far_from_nominal
47123,19,1995-10-25,2.43,137.41,SITE_045,2N137E,66.04165017229278,far_from_nominal
47124,19,1995-10-26,2.43,137.41,SITE_045,2N137E,66.04165017229278,far_from_nominal
47125,19,1995-10-27,2.43,137.41,SITE_045,2N137E,66.04165017229278,far_from_nominal
47126,19,1995-10-28,2.43,137.41,SITE_045,2N137E,66.04165017229278,far_from_nominal
47127,19,1995-10-29,2.43,137.4,SITE_045,2N137E,65.28015343314391,far_from_nominal
47128,19,1995-10-30,2.43,137.41,SITE_045,2N137E,66.04165017229278,far_from_nominal
47129,19,1995-10-31,2.43,137.41,SITE_045,2N137E,66.04165017229278,far_from_nominal
47130,19,1995-11-01,2.43,137.41,SITE_045,2N137E,66.04165017229278,far_from_nominal
47131,19,1995-11-02,2.44,137.41,SITE_045,2N137E,66.85099012189394,far_from_nominal
47132,19,1995-11-03,2.43,137.41,SITE_045,2N137E,66.04165017229278,far_from_nominal
47133,19,1995-11-04,2.43,137.41,SITE_045,2N137E,66.04165017229278,far_from_nominal
47134,19,1995-11-05,2.43,137.41,SITE_045,2N137E,66.04165017229278,far_from_nominal
47135,19,1995-11-06,2.43,137.41,SITE_045,2N137E,66.04165017229278,far_from_nominal
47136,19,1995-11-07,2.43,137.41,SITE_045,2N137E,66.04165017229278,far_from_nominal
47137,19,1995-11-08,2.43,137.42,SITE_045,2N137E,66.81294669617724,far_from_nominal
47138,19,1995-11-09,2.43,137.41,SITE_045,2N137E,66.04165017229278,far_from_nominal
47139,19,1995-11-10,2.43,137.41,SITE_045,2N137E,66.04165017229278,far_from_nominal
47140,19,1995-11-11,2.43,137.42,SITE_045,2N137E,66.81294669617724,far_from_nominal
47141,19,1995-11-12,2.43,137.41,SITE_045,2N137E,66.04165017229278,far_from_nominal
47142,19,1995-11-13,2.43,137.41,SITE_045,2N137E,66.04165017229278,far_from_nominal
47143,19,1995-11-14,2.43,137.41,SITE_045,2N137E,66.04165017229278,far_from_nominal
47144,19,1995-11-15,2.43,137.41,SITE_045,2N137E,66.04165017229278,far_from_nominal
47145,19,1995-11-16,2.43,137.41,SITE_045,2N137E,66.04165017229278,far_from_nominal
47146,19,1995-11-17,2.43,137.41,SITE_045,2N137E,66.04165017229278,far_from_nominal
47147,19,1995-11-18,2.43,137.41,SITE_045,2N137E,66.04165017229278,far_from_nominal
47148,19,1995-11-19,2.43,137.41,SITE_045,2N137E,66.04165017229278,far_from_nominal
47149,19,1995-11-20,2.43,137.42,SITE_045,2N137E,66.81294669617724,far_from_nominal
47150,19,1995-11-21,2.43,137.41,SITE_045,2N137E,66.04165017229278,far_from_nominal
47151,19,1995-11-22,2.43,137.41,SITE_045,2N137E,66.04165017229278,far_from_nominal
47152,19,1995-11-23,2.42,137.41,SITE_045,2N137E,65.24122210456088,far_from_nominal
47153,19,1995-11-24,2.43,137.41,SITE_045,2N137E,66.04165017229278,far_from_nominal
47154,19,1995-11-25,2.43,137.41,SITE_045,2N137E,66.04165017229278,far_from_nominal
47155,19,1995-11-26,2.43,137.41,SITE_045,2N137E,66.04165017229278,far_from_nominal
47156,19,1995-11-27,2.43,137.41,SITE_045,2N137E,66.04165017229278,far_from_nominal
47157,19,1995-11-28,2.43,137.41,SITE_045,2N137E,66.04165017229278,far_from_nominal
47158,19,1995-11-29,2.44,137.41,SITE_045,2N137E,66.85099012189394,far_from_nominal
47159,19,1995-11-30,2.43,137.4,SITE_045,2N137E,65.28015343314391,far_from_nominal
47160,19,1995-12-01,2.43,137.41,SITE_045,2N137E,66.04165017229278,far_from_nominal
47161,19,1995-12-02,2.43,137.41,SITE_045,2N137E,66.04165017229278,far_from_nominal
47162,19,1995-12-03,2.43,137.41,SITE_045,2N137E,66.04165017229278,far_from_nominal
47163,19,1995-12-04,2.43,137.41,SITE_045,2N137E,66.04165017229278,far_from_nominal
47164,19,1995-12-05,2.43,137.41,SITE_045,2N137E,66.04165017229278,far_from_nominal
47165,19,1995-12-06,2.44,137.42,SITE_045,2N137E,67.613049433944,far_from_nominal
47166,19,1995-12-07,2.6,137.22,,,,unassigned_drifting
47167,19,1995-12-08,2.82,137.09,,,,unassigned_noise
47168,19,1996-02-22,2.44,137.4,SITE_045,2N137E,66.0988233865366,far_from_nominal
47169,19,1996-02-23,2.44,137.4,SITE_045,2N137E,66.0988233865366,far_from_nominal
47170,19,1996-02-24,2.44,137.41,SITE_045,2N137E,66.85099012189394,far_from_nominal
47171,19,1996-02-25,2.44,137.4,SITE_045,2N137E,66.0988233865366,far_from_nominal
47172,19,1996-02-26,2.45,137.4,SITE_045,2N137E,66.92595388159154,far_from_nominal
47173,19,1996-02-27,2.44,137.4,SITE_045,2N137E,66.0988233865366,far_from_nominal
47174,19,1996-02-28,2.44,137.4,SITE_045,2N137E,66.0988233865366,far_from_nominal
47175,19,1996-02-29,2.44,137.4,SITE_045,2N137E,66.0988233865366,far_from_nominal
47176,19,1996-03-01,2.44,137.4,SITE_045,2N137E,66.0988233865366,far_from_nominal
47177,19,1996-03-02,2.43,137.4,SITE_045,2N137E,65.28015343314391,far_from_nominal
47178,19,1996-03-03,2.44,137.4,SITE_045,2N137E,66.0988233865366,far_from_nominal
47179,19,1996-03-04,2.43,137.4,SITE_045,2N137E,65.28015343314391,far_from_nominal
47180,19,1996-03-05,2.43,137.4,SITE_045,2N137E,65.28015343314391,far_from_nominal
47181,19,1996-03-06,2.43,137.39,SITE_045,2N137E,64.52880341798115,far_from_nominal
47182,19,1996-03-07,2.43,137.4,SITE_045,2N137E,65.28015343314391,far_from_nominal
47183,19,1996-03-08,2.43,137.4,SITE_045,2N137E,65.28015343314391,far_from_nominal
47184,19,1996-03-09,2.44,137.41,SITE_045,2N137E,66.85099012189394,far_from_nominal
47185,19,1996-03-10,2.44,137.4,SITE_045,2N137E,66.0988233865366,far_from_nominal
47186,19,1996-03-11,2.42,137.4,SITE_045,2N137E,64.47026632853088,far_from_nominal
47187,19,1996-03-12,2.43,137.4,SITE_045,2N137E,65.28015343314391,far_from_nominal
47188,19,1996-03-13,2.44,137.4,SITE_045,2N137E,66.0988233865366,far_from_nominal
47189,19,1996-03-14,2.44,137.4,SITE_045,2N137E,66.0988233865366,far_from_nominal
47190,19,1996-03-15,2.44,137.39,SITE_045,2N137E,65.35689077811364,far_from_nominal
47191,19,1996-03-16,2.44,137.4,SITE_045,2N137E,66.0988233865366,far_from_nominal
47192,19,1996-03-17,2.44,137.39,SITE_045,2N137E,65.35689077811364,far_from_nominal
47193,19,1996-03-18,2.44,137.39,SITE_045,2N137E,65.35689077811364,far_from_nominal
47194,19,1996-03-19,2.43,137.39,SITE_045,2N137E,64.52880341798115,far_from_nominal
47195,19,1996-03-20,2.44,137.38,SITE_045,2N137E,64.62554477585395,far_from_nominal
47196,19,1996-03-21,2.44,137.39,SITE_045,2N137E,65.35689077811364,far_from_nominal
47197,19,1996-03-22,2.44,137.39,SITE_045,2N137E,65.35689077811364,far_from_nominal
47198,19,1996-03-23,2.44,137.39,SITE_045,2N137E,65.35689077811364,far_from_nominal
47199,19,1996-03-24,2.44,137.39,SITE_045,2N137E,65.35689077811364,far_from_nominal
47200,19,1996-03-25,2.44,137.39,SITE_045,2N137E,65.35689077811364,far_from_nominal
47201,19,1996-03-26,2.44,137.39,SITE_045,2N137E,65.35689077811364,far_from_nominal
47202,19,1996-03-27,2.44,137.39,SITE_045,2N137E,65.35689077811364,far_from_nominal
47203,19,1996-05-20,2.44,137.4,SITE_045,2N137E,66.0988233865366,far_from_nominal
47204,19,1996-05-21,2.44,137.4,SITE_045,2N137E,66.0988233865366,far_from_nominal
47205,19,1996-05-22,2.43,137.39,SITE_045,2N137E,64.52880341798115,far_from_nominal
47206,19,1996-05-23,2.43,137.41,SITE_045,2N137E,66.04165017229278,far_from_nominal
47207,19,1996-05-24,2.43,137.4,SITE_045,2N137E,65.28015343314391,far_from_nominal
47208,19,1996-05-25,2.44,137.4,SITE_045,2N137E,66.0988233865366,far_from_nominal
47209,19,1996-05-26,2.44,137.4,SITE_045,2N137E,66.0988233865366,far_from_nominal
47210,19,1996-05-27,2.43,137.4,SITE_045,2N137E,65.28015343314391,far_from_nominal
47211,19,1996-05-28,2.44,137.39,SITE_045,2N137E,65.35689077811364,far_from_nominal
47212,19,1996-05-29,2.44,137.4,SITE_045,2N137E,66.0988233865366,far_from_nominal
47213,19,1996-05-30,2.44,137.4,SITE_045,2N137E,66.0988233865366,far_from_nominal
47214,19,1996-05-31,2.44,137.4,SITE_045,2N137E,66.0988233865366,far_from_nominal
47215,19,1996-06-01,2.45,137.4,SITE_045,2N137E,66.92595388159154,far_from_nominal
47216,19,1996-06-02,2.44,137.4,SITE_045,2N137E,66.0988233865366,far_from_nominal
47217,19,1996-06-03,2.43,137.4,SITE_045,2N137E,65.28015343314391,far_from_nominal
47218,19,1996-06-04,2.44,137.41,SITE_045,2N137E,66.85099012189394,far_from_nominal
47219,19,1996-06-05,2.44,137.41,SITE_045,2N137E,66.85099012189394,far_from_nominal
47220,19,1996-06-06,2.44,137.4,SITE_045,2N137E,66.0988233865366,far_from_nominal
47221,19,1996-06-07,2.44,137.41,SITE_045,2N137E,66.85099012189394,far_from_nominal
47222,19,1996-06-08,2.44,137.41,SITE_045,2N137E,66.85099012189394,far_from_nominal
47223,19,1996-06-09,2.44,137.4,SITE_045,2N137E,66.0988233865366,far_from_nominal
47224,19,1996-06-10,2.44,137.4,SITE_045,2N137E,66.0988233865366,far_from_nominal
47225,19,1996-06-11,2.43,137.4,SITE_045,2N137E,65.28015343314391,far_from_nominal
47226,19,1996-06-12,2.43,137.4,SITE_045,2N137E,65.28015343314391,far_from_nominal
47227,19,1996-06-13,2.44,137.4,SITE_045,2N137E,66.0988233865366,far_from_nominal
47228,19,1996-06-14,2.44,137.4,SITE_045,2N137E,66.0988233865366,far_from_nominal
47229,19,1996-06-15,2.44,137.4,SITE_045,2N137E,66.0988233865366,far_from_nominal
47230,19,1996-06-16,2.44,137.4,SITE_045,2N137E,66.0988233865366,far_from_nominal
47231,19,1996-06-17,2.44,137.41,SITE_045,2N137E,66.85099012189394,far_from_nominal
47232,19,1996-06-18,2.43,137.4,SITE_045,2N137E,65.28015343314391,far_from_nominal
47233,19,1996-06-19,2.43,137.4,SITE_045,2N137E,65.28015343314391,far_from_nominal
47234,19,1996-06-20,2.43,137.4,SITE_045,2N137E,65.28015343314391,far_from_nominal
47235,19,1996-06-21,2.44,137.4,SITE_045,2N137E,66.0988233865366,far_from_nominal
47236,19,1996-06-22,2.43,137.4,SITE_045,2N137E,65.28015343314391,far_from_nominal
47237,19,1996-06-23,2.44,137.41,SITE_045,2N137E,66.85099012189394,far_from_nominal
47238,19,1996-06-24,2.44,137.41,SITE_045,2N137E,66.85099012189394,far_from_nominal
47239,19,1996-06-25,2.44,137.41,SITE_045,2N137E,66.85099012189394,far_from_nominal
47240,19,1996-06-26,2.43,137.41,SITE_045,2N137E,66.04165017229278,far_from_nominal
47241,19,1996-06-27,2.44,137.41,SITE_045,2N137E,66.85099012189394,far_from_nominal
47242,19,1996-06-28,2.44,137.41,SITE_045,2N137E,66.85099012189394,far_from_nominal
47243,19,1996-06-29,2.44,137.4,SITE_045,2N137E,66.0988233865366,far_from_nominal
47244,19,1996-06-30,2.44,137.39,SITE_045,2N137E,65.35689077811364,far_from_nominal
47245,19,1996-07-01,2.44,137.4,SITE_045,2N137E,66.0988233865366,far_from_nominal
47246,19,1996-07-02,2.44,137.4,SITE_045,2N137E,66.0988233865366,far_from_nominal
47247,19,1996-07-03,2.44,137.4,SITE_045,2N137E,66.0988233865366,far_from_nominal
47248,19,1996-07-04,2.43,137.41,SITE_045,2N137E,66.04165017229278,far_from_nominal
47249,19,1996-07-05,2.43,137.4,SITE_045,2N137E,65.28015343314391,far_from_nominal
47250,19,1996-07-06,2.44,137.41,SITE_045,2N137E,66.85099012189394,far_from_nominal
47251,19,1996-07-07,2.44,137.4,SITE_045,2N137E,66.0988233865366,far_from_nominal
47252,19,1996-07-08,2.43,137.41,SITE_045,2N137E,66.04165017229278,far_from_nominal
47253,19,1996-07-09,2.43,137.4,SITE_045,2N137E,65.28015343314391,far_from_nominal
47254,19,1996-07-10,2.43,137.4,SITE_045,2N137E,65.28015343314391,far_from_nominal
47255,19,1996-07-11,2.44,137.4,SITE_045,2N137E,66.0988233865366,far_from_nominal
47256,19,1996-07-12,2.44,137.4,SITE_045,2N137E,66.0988233865366,far_from_nominal
47257,19,1996-07-13,2.42,137.41,SITE_045,2N137E,65.24122210456088,far_from_nominal
47258,19,1996-07-14,2.43,137.41,SITE_045,2N137E,66.04165017229278,far_from_nominal
47259,19,1996-07-15,2.42,137.41,SITE_045,2N137E,65.24122210456088,far_from_nominal
47260,19,1996-07-16,2.44,137.4,SITE_045,2N137E,66.0988233865366,far_from_nominal
47261,19,1996-07-17,2.44,137.4,SITE_045,2N137E,66.0988233865366,far_from_nominal
47262,19,1996-07-18,2.43,137.4,SITE_045,2N137E,65.28015343314391,far_from_nominal
47263,19,1996-07-19,2.44,137.4,SITE_045,2N137E,66.0988233865366,far_from_nominal
47264,19,1996-07-20,2.44,137.4,SITE_045,2N137E,66.0988233865366,far_from_nominal
47265,19,1996-07-21,2.44,137.4,SITE_045,2N137E,66.0988233865366,far_from_nominal
47266,19,1996-07-22,2.44,137.41,SITE_045,2N137E,66.85099012189394,far_from_nominal
47267,19,1996-07-23,2.43,137.4,SITE_045,2N137E,65.28015343314391,far_from_nominal
47268,19,1996-07-24,2.43,137.41,SITE_045,2N137E,66.04165017229278,far_from_nominal
47269,19,1996-07-25,2.43,137.41,SITE_045,2N137E,66.04165017229278,far_from_nominal
47270,19,1996-07-26,2.44,137.41,SITE_045,2N137E,66.85099012189394,far_from_nominal
47271,19,1996-07-27,2.43,137.41,SITE_045,2N137E,66.04165017229278,far_from_nominal
47272,19,1996-07-28,2.43,137.4,SITE_045,2N137E,65.28015343314391,far_from_nominal
47273,19,1996-07-29,2.44,137.41,SITE_045,2N137E,66.85099012189394,far_from_nominal
47274,19,1996-07-30,2.43,137.41,SITE_045,2N137E,66.04165017229278,far_from_nominal
47275,19,1996-07-31,2.43,137.4,SITE_045,2N137E,65.28015343314391,far_from_nominal
47276,19,1996-08-01,2.44,137.41,SITE_045,2N137E,66.85099012189394,far_from_nominal
47277,19,1996-08-02,2.44,137.4,SITE_045,2N137E,66.0988233865366,far_from_nominal
47278,19,1996-08-03,2.43,137.4,SITE_045,2N137E,65.28015343314391,far_from_nominal
47279,19,1996-08-04,2.43,137.41,SITE_045,2N137E,66.04165017229278,far_from_nominal
47280,19,1996-08-05,2.44,137.4,SITE_045,2N137E,66.0988233865366,far_from_nominal
47281,19,1996-08-06,2.44,137.4,SITE_045,2N137E,66.0988233865366,far_from_nominal
47282,19,1996-08-07,2.44,137.4,SITE_045,2N137E,66.0988233865366,far_from_nominal
47283,19,1996-08-08,2.44,137.4,SITE_045,2N137E,66.0988233865366,far_from_nominal
47284,19,1996-08-09,2.44,137.4,SITE_045,2N137E,66.0988233865366,far_from_nominal
47285,19,1996-08-10,2.45,137.4,SITE_045,2N137E,66.92595388159154,far_from_nominal
47286,19,1996-08-11,2.44,137.4,SITE_045,2N137E,66.0988233865366,far_from_nominal
47287,19,1996-08-12,2.44,137.41,SITE_045,2N137E,66.85099012189394,far_from_nominal
47288,19,1996-08-13,2.44,137.4,SITE_045,2N137E,66.0988233865366,far_from_nominal
47289,19,1996-08-14,2.44,137.41,SITE_045,2N137E,66.85099012189394,far_from_nominal
47290,19,1996-08-15,2.44,137.41,SITE_045,2N137E,66.85099012189394,far_from_nominal
47291,19,1996-08-16,2.44,137.4,SITE_045,2N137E,66.0988233865366,far_from_nominal
47292,19,1996-08-17,2.43,137.41,SITE_045,2N137E,66.04165017229278,far_from_nominal
47293,19,1996-08-18,2.43,137.4,SITE_045,2N137E,65.28015343314391,far_from_nominal
47294,19,1996-08-19,2.44,137.4,SITE_045,2N137E,66.0988233865366,far_from_nominal
47295,19,1996-08-20,2.43,137.4,SITE_045,2N137E,65.28015343314391,far_from_nominal
47296,19,1996-08-21,2.43,137.41,SITE_045,2N137E,66.04165017229278,far_from_nominal
47297,19,1996-08-22,2.43,137.4,SITE_045,2N137E,65.28015343314391,far_from_nominal
47298,19,1996-08-23,2.43,137.4,SITE_045,2N137E,65.28015343314391,far_from_nominal
47299,19,1996-08-24,2.43,137.4,SITE_045,2N137E,65.28015343314391,far_from_nominal
47300,19,1996-08-25,2.43,137.4,SITE_045,2N137E,65.28015343314391,far_from_nominal
47301,19,1996-08-26,2.44,137.41,SITE_045,2N137E,66.85099012189394,far_from_nominal
47302,19,1996-08-27,2.43,137.4,SITE_045,2N137E,65.28015343314391,far_from_nominal
47303,19,1996-08-28,2.44,137.4,SITE_045,2N137E,66.0988233865366,far_from_nominal
47304,19,1996-08-29,2.43,137.4,SITE_045,2N137E,65.28015343314391,far_from_nominal
47305,19,1996-08-30,2.43,137.39,SITE_045,2N137E,64.52880341798115,far_from_nominal
47306,19,1996-08-31,2.43,137.41,SITE_045,2N137E,66.04165017229278,far_from_nominal
47307,19,1996-09-01,2.43,137.4,SITE_045,2N137E,65.28015343314391,far_from_nominal
47308,19,1996-09-02,2.43,137.41,SITE_045,2N137E,66.04165017229278,far_from_nominal
47309,19,1996-09-03,2.43,137.41,SITE_045,2N137E,66.04165017229278,far_from_nominal
47310,19,1996-09-04,2.43,137.41,SITE_045,2N137E,66.04165017229278,far_from_nominal
47311,19,1996-09-05,2.43,137.41,SITE_045,2N137E,66.04165017229278,far_from_nominal
47312,19,1996-09-06,2.44,137.4,SITE_045,2N137E,66.0988233865366,far_from_nominal
47313,19,1996-09-07,2.43,137.42,SITE_045,2N137E,66.81294669617724,far_from_nominal
47314,19,1996-09-08,2.43,137.4,SITE_045,2N137E,65.28015343314391,far_from_nominal
47315,19,1996-09-09,2.44,137.41,SITE_045,2N137E,66.85099012189394,far_from_nominal
47316,19,1996-09-10,2.44,137.41,SITE_045,2N137E,66.85099012189394,far_from_nominal
47317,19,1996-09-11,2.43,137.41,SITE_045,2N137E,66.04165017229278,far_from_nominal
47318,19,1996-09-12,2.43,137.41,SITE_045,2N137E,66.04165017229278,far_from_nominal
47319,19,1996-09-13,2.43,137.4,SITE_045,2N137E,65.28015343314391,far_from_nominal
47320,19,1996-09-14,2.44,137.41,SITE_045,2N137E,66.85099012189394,far_from_nominal
47321,19,1996-09-15,2.44,137.41,SITE_045,2N137E,66.85099012189394,far_from_nominal
47322,19,1996-09-16,2.44,137.41,SITE_045,2N137E,66.85099012189394,far_from_nominal
47323,19,1996-09-17,2.43,137.42,SITE_045,2N137E,66.81294669617724,far_from_nominal
47324,19,1996-09-18,2.43,137.41,SITE_045,2N137E,66.04165017229278,far_from_nominal
47325,19,1996-09-19,2.43,137.41,SITE_045,2N137E,66.04165017229278,far_from_nominal
47326,19,1996-09-20,2.43,137.41,SITE_045,2N137E,66.04165017229278,far_from_nominal
47327,19,1996-09-21,2.43,137.41,SITE_045,2N137E,66.04165017229278,far_from_nominal
47328,19,1997-02-25,2.44,137.43,SITE_045,2N137E,68.38467060327226,far_from_nominal
47329,19,1997-02-26,2.44,137.43,SITE_045,2N137E,68.38467060327226,far_from_nominal
47330,19,1997-02-27,2.44,137.43,SITE_045,2N137E,68.38467060327226,far_from_nominal
47331,19,1997-02-28,2.43,137.43,SITE_045,2N137E,67.5937075362071,far_from_nominal
47332,19,1997-03-01,2.43,137.43,SITE_045,2N137E,67.5937075362071,far_from_nominal
47333,19,1997-03-02,2.44,137.43,SITE_045,2N137E,68.38467060327226,far_from_nominal
47334,19,1997-03-03,2.44,137.43,SITE_045,2N137E,68.38467060327226,far_from_nominal
47335,19,1997-03-04,2.43,137.43,SITE_045,2N137E,67.5937075362071,far_from_nominal
47336,19,1997-03-05,2.44,137.43,SITE_045,2N137E,68.38467060327226,far_from_nominal
47337,19,1997-03-06,2.44,137.43,SITE_045,2N137E,68.38467060327226,far_from_nominal
47338,19,1997-03-07,2.43,137.43,SITE_045,2N137E,67.5937075362071,far_from_nominal
47339,19,1997-03-08,2.44,137.41,SITE_045,2N137E,66.85099012189394,far_from_nominal
47340,19,1997-03-09,2.43,137.43,SITE_045,2N137E,67.5937075362071,far_from_nominal
47341,19,1997-03-10,2.44,137.42,SITE_045,2N137E,67.613049433944,far_from_nominal
47342,19,1997-03-11,2.44,137.43,SITE_045,2N137E,68.38467060327226,far_from_nominal
47343,19,1997-03-12,2.44,137.43,SITE_045,2N137E,68.38467060327226,far_from_nominal
47344,19,1997-03-13,2.43,137.42,SITE_045,2N137E,66.81294669617724,far_from_nominal
47345,19,1997-03-14,2.43,137.42,SITE_045,2N137E,66.81294669617724,far_from_nominal
47346,19,1997-03-15,2.42,137.43,SITE_045,2N137E,66.81188701319857,far_from_nominal
47347,19,1997-03-16,2.44,137.42,SITE_045,2N137E,67.613049433944,far_from_nominal
47348,19,1997-03-17,2.43,137.42,SITE_045,2N137E,66.81294669617724,far_from_nominal
47349,19,1997-03-18,2.44,137.42,SITE_045,2N137E,67.613049433944,far_from_nominal
47350,19,1997-03-19,2.43,137.42,SITE_045,2N137E,66.81294669617724,far_from_nominal
47351,19,1997-03-20,2.44,137.43,SITE_045,2N137E,68.38467060327226,far_from_nominal
47352,19,1997-03-21,2.44,137.43,SITE_045,2N137E,68.38467060327226,far_from_nominal
47353,19,1997-03-22,2.44,137.41,SITE_045,2N137E,66.85099012189394,far_from_nominal
47354,19,1997-03-23,2.44,137.42,SITE_045,2N137E,67.613049433944,far_from_nominal
47355,19,1997-03-24,2.43,137.43,SITE_045,2N137E,67.5937075362071,far_from_nominal
47356,19,1997-03-25,2.44,137.42,SITE_045,2N137E,67.613049433944,far_from_nominal
47357,19,1997-03-26,2.43,137.42,SITE_045,2N137E,66.81294669617724,far_from_nominal
47358,19,1997-03-27,2.44,137.42,SITE_045,2N137E,67.613049433944,far_from_nominal
47359,19,1997-03-28,2.44,137.42,SITE_045,2N137E,67.613049433944,far_from_nominal
47360,19,1997-03-29,2.44,137.42,SITE_045,2N137E,67.613049433944,far_from_nominal
47361,19,1997-03-30,2.44,137.42,SITE_045,2N137E,67.613049433944,far_from_nominal
47362,19,1997-03-31,2.45,137.42,SITE_045,2N137E,68.42186701794435,far_from_nominal
47363,19,1997-04-01,2.45,137.42,SITE_045,2N137E,68.42186701794435,far_from_nominal
47364,19,1997-04-02,2.44,137.42,SITE_045,2N137E,67.613049433944,far_from_nominal
47365,19,1997-04-03,2.44,137.42,SITE_045,2N137E,67.613049433944,far_from_nominal
47366,19,1997-04-04,2.45,137.42,SITE_045,2N137E,68.42186701794435,far_from_nominal
47367,19,1997-04-05,2.45,137.42,SITE_045,2N137E,68.42186701794435,far_from_nominal
47368,19,1997-04-06,2.45,137.43,SITE_045,2N137E,69.184462644062,far_from_nominal
47369,19,1997-04-07,2.45,137.43,SITE_045,2N137E,69.184462644062,far_from_nominal
47370,19,1997-04-08,2.44,137.42,SITE_045,2N137E,67.613049433944,far_from_nominal
47371,19,1997-04-09,2.45,137.42,SITE_045,2N137E,68.42186701794435,far_from_nominal
47372,19,1997-04-10,2.44,137.43,SITE_045,2N137E,68.38467060327226,far_from_nominal
47373,19,1997-04-11,2.45,137.43,SITE_045,2N137E,69.184462644062,far_from_nominal
47374,19,1997-04-12,2.44,137.43,SITE_045,2N137E,68.38467060327226,far_from_nominal
47375,19,1997-04-13,2.43,137.43,SITE_045,2N137E,67.5937075362071,far_from_nominal
47376,19,1997-04-14,2.43,137.42,SITE_045,2N137E,66.81294669617724,far_from_nominal
47377,19,1997-04-15,2.44,137.42,SITE_045,2N137E,67.613049433944,far_from_nominal
47378,19,1997-04-16,2.44,137.42,SITE_045,2N137E,67.613049433944,far_from_nominal
47379,19,1997-04-17,2.44,137.43,SITE_045,2N137E,68.38467060327226,far_from_nominal
47380,19,1997-04-18,2.44,137.43,SITE_045,2N137E,68.38467060327226,far_from_nominal
47381,19,1997-04-19,2.43,137.43,SITE_045,2N137E,67.5937075362071,far_from_nominal
47382,19,1997-04-20,2.44,137.42,SITE_045,2N137E,67.613049433944,far_from_nominal
47383,19,1997-04-21,2.44,137.43,SITE_045,2N137E,68.38467060327226,far_from_nominal
47384,19,1997-04-22,2.44,137.43,SITE_045,2N137E,68.38467060327226,far_from_nominal
47385,19,1997-04-23,2.44,137.43,SITE_045,2N137E,68.38467060327226,far_from_nominal
47386,19,1997-04-24,2.44,137.42,SITE_045,2N137E,67.613049433944,far_from_nominal
47387,19,1997-04-25,2.43,137.42,SITE_045,2N137E,66.81294669617724,far_from_nominal
47388,19,1997-04-26,2.43,137.41,SITE_045,2N137E,66.04165017229278,far_from_nominal
47389,19,1997-04-27,2.43,137.43,SITE_045,2N137E,67.5937075362071,far_from_nominal
47390,19,1997-04-28,2.43,137.41,SITE_045,2N137E,66.04165017229278,far_from_nominal
47391,19,1997-04-29,2.44,137.43,SITE_045,2N137E,68.38467060327226,far_from_nominal
47392,19,1997-04-30,2.44,137.43,SITE_045,2N137E,68.38467060327226,far_from_nominal
47393,19,1997-05-01,2.44,137.43,SITE_045,2N137E,68.38467060327226,far_from_nominal
47394,19,1997-05-02,2.44,137.43,SITE_045,2N137E,68.38467060327226,far_from_nominal
47395,19,1997-05-03,2.43,137.43,SITE_045,2N137E,67.5937075362071,far_from_nominal
47396,19,1997-05-04,2.43,137.42,SITE_045,2N137E,66.81294669617724,far_from_nominal
47397,19,1997-05-05,2.43,137.43,SITE_045,2N137E,67.5937075362071,far_from_nominal
47398,19,1997-05-06,2.42,137.43,SITE_045,2N137E,66.81188701319857,far_from_nominal
47399,19,1997-05-07,2.43,137.42,SITE_045,2N137E,66.81294669617724,far_from_nominal
47400,19,1997-05-08,2.43,137.42,SITE_045,2N137E,66.81294669617724,far_from_nominal
47401,19,1997-05-09,2.43,137.43,SITE_045,2N137E,67.5937075362071,far_from_nominal
47402,19,1997-05-10,2.43,137.43,SITE_045,2N137E,67.5937075362071,far_from_nominal
47403,19,1997-05-11,2.44,137.43,SITE_045,2N137E,68.38467060327226,far_from_nominal
47404,19,1997-05-12,2.44,137.43,SITE_045,2N137E,68.38467060327226,far_from_nominal
47405,19,1997-05-13,2.44,137.42,SITE_045,2N137E,67.613049433944,far_from_nominal
47406,19,1997-05-14,2.44,137.43,SITE_045,2N137E,68.38467060327226,far_from_nominal
47407,19,1997-05-15,2.44,137.43,SITE_045,2N137E,68.38467060327226,far_from_nominal
47408,19,1997-05-16,2.44,137.43,SITE_045,2N137E,68.38467060327226,far_from_nominal
47409,19,1997-05-17,2.44,137.43,SITE_045,2N137E,68.38467060327226,far_from_nominal
47410,19,1997-05-18,2.44,137.43,SITE_045,2N137E,68.38467060327226,far_from_nominal
47411,19,1997-05-19,2.44,137.43,SITE_045,2N137E,68.38467060327226,far_from_nominal
47412,19,1997-05-20,2.44,137.43,SITE_045,2N137E,68.38467060327226,far_from_nominal
47413,19,1997-05-21,2.43,137.44,SITE_045,2N137E,68.38360852036816,far_from_nominal
47414,19,1997-05-22,2.44,137.43,SITE_045,2N137E,68.38467060327226,far_from_nominal
47415,19,1997-05-23,2.43,137.43,SITE_045,2N137E,67.5937075362071,far_from_nominal
47416,19,1997-05-24,2.43,137.44,SITE_045,2N137E,68.38360852036816,far_from_nominal
47417,19,1997-05-25,2.43,137.43,SITE_045,2N137E,67.5937075362071,far_from_nominal
47418,19,1997-05-26,2.43,137.43,SITE_045,2N137E,67.5937075362071,far_from_nominal
47419,19,1997-05-27,2.44,137.43,SITE_045,2N137E,68.38467060327226,far_from_nominal
47420,19,1997-05-28,2.44,137.43,SITE_045,2N137E,68.38467060327226,far_from_nominal
47421,19,1997-05-29,2.43,137.43,SITE_045,2N137E,67.5937075362071,far_from_nominal
47422,19,1997-05-30,2.43,137.43,SITE_045,2N137E,67.5937075362071,far_from_nominal
47423,19,1997-05-31,2.43,137.43,SITE_045,2N137E,67.5937075362071,far_from_nominal
47424,19,1997-06-01,2.43,137.44,SITE_045,2N137E,68.38360852036816,far_from_nominal
47425,19,1997-06-02,2.44,137.43,SITE_045,2N137E,68.38467060327226,far_from_nominal
47426,19,1997-06-03,2.44,137.43,SITE_045,2N137E,68.38467060327226,far_from_nominal
47427,19,1997-06-04,2.44,137.43,SITE_045,2N137E,68.38467060327226,far_from_nominal
47428,19,1997-06-05,2.44,137.43,SITE_045,2N137E,68.38467060327226,far_from_nominal
47429,19,1997-06-06,2.44,137.43,SITE_045,2N137E,68.38467060327226,far_from_nominal
47430,19,1997-06-07,2.44,137.43,SITE_045,2N137E,68.38467060327226,far_from_nominal
47431,19,1997-06-08,2.44,137.42,SITE_045,2N137E,67.613049433944,far_from_nominal
47432,19,1997-06-09,2.44,137.43,SITE_045,2N137E,68.38467060327226,far_from_nominal
47433,19,1997-06-10,2.44,137.43,SITE_045,2N137E,68.38467060327226,far_from_nominal
47434,19,1997-06-11,2.44,137.43,SITE_045,2N137E,68.38467060327226,far_from_nominal
47435,19,1997-06-12,2.44,137.45,SITE_045,2N137E,69.95532897403908,far_from_nominal
47436,19,1997-06-13,2.44,137.44,SITE_045,2N137E,69.16553361000003,far_from_nominal
47437,19,1997-06-14,2.43,137.43,SITE_045,2N137E,67.5937075362071,far_from_nominal
47438,19,1997-06-15,2.43,137.43,SITE_045,2N137E,67.5937075362071,far_from_nominal
47439,19,1997-06-16,2.44,137.43,SITE_045,2N137E,68.38467060327226,far_from_nominal
47440,19,1997-06-17,2.44,137.43,SITE_045,2N137E,68.38467060327226,far_from_nominal
47441,19,1997-06-18,2.44,137.43,SITE_045,2N137E,68.38467060327226,far_from_nominal
47442,19,1997-06-19,2.43,137.43,SITE_045,2N137E,67.5937075362071,far_from_nominal
47443,19,1997-06-20,2.44,137.43,SITE_045,2N137E,68.38467060327226,far_from_nominal
47444,19,1997-06-21,2.44,137.43,SITE_045,2N137E,68.38467060327226,far_from_nominal
47445,19,1997-06-22,2.44,137.43,SITE_045,2N137E,68.38467060327226,far_from_nominal
47446,19,1997-06-23,2.44,137.43,SITE_045,2N137E,68.38467060327226,far_from_nominal
47447,19,1997-06-24,2.44,137.43,SITE_045,2N137E,68.38467060327226,far_from_nominal
47448,19,1997-06-25,2.44,137.43,SITE_045,2N137E,68.38467060327226,far_from_nominal
47449,19,1997-06-26,2.44,137.44,SITE_045,2N137E,69.16553361000003,far_from_nominal
47450,19,1997-06-27,2.44,137.43,SITE_045,2N137E,68.38467060327226,far_from_nominal
47451,19,1997-06-28,2.44,137.43,SITE_045,2N137E,68.38467060327226,far_from_nominal
47452,19,1997-06-29,2.44,137.43,SITE_045,2N137E,68.38467060327226,far_from_nominal
47453,19,1997-06-30,2.44,137.43,SITE_045,2N137E,68.38467060327226,far_from_nominal
47454,19,1997-07-01,2.44,137.43,SITE_045,2N137E,68.38467060327226,far_from_nominal
47455,19,1997-07-02,2.44,137.43,SITE_045,2N137E,68.38467060327226,far_from_nominal
47456,19,1997-07-03,2.44,137.43,SITE_045,2N137E,68.38467060327226,far_from_nominal
47457,19,1997-07-04,2.44,137.44,SITE_045,2N137E,69.16553361000003,far_from_nominal
47458,19,1997-07-05,2.44,137.43,SITE_045,2N137E,68.38467060327226,far_from_nominal
47459,19,1997-07-06,2.44,137.43,SITE_045,2N137E,68.38467060327226,far_from_nominal
47460,19,1997-07-07,2.44,137.43,SITE_045,2N137E,68.38467060327226,far_from_nominal
47461,19,1997-07-08,2.44,137.43,SITE_045,2N137E,68.38467060327226,far_from_nominal
47462,19,1997-07-09,2.43,137.44,SITE_045,2N137E,68.38360852036816,far_from_nominal
47463,19,1997-07-10,2.44,137.44,SITE_045,2N137E,69.16553361000003,far_from_nominal
47464,19,1997-07-11,2.43,137.43,SITE_045,2N137E,67.5937075362071,far_from_nominal
47465,19,1997-07-12,2.44,137.44,SITE_045,2N137E,69.16553361000003,far_from_nominal
47466,19,1997-07-13,2.44,137.43,SITE_045,2N137E,68.38467060327226,far_from_nominal
47467,19,1997-07-14,2.44,137.43,SITE_045,2N137E,68.38467060327226,far_from_nominal
47468,19,1997-07-15,2.42,137.52,SITE_045,2N137E,74.2926848403644,far_from_nominal
47469,19,1997-07-16,2.41,137.54,SITE_045,2N137E,75.35606871613545,far_from_nominal
47470,19,1997-07-17,2.41,137.55,SITE_045,2N137E,76.24374319826738,far_from_nominal
47471,19,1997-07-18,2.38,137.67,,,,unassigned_drifting
47472,19,1997-07-19,2.33,137.82,,,,unassigned_noise
47473,19,1997-07-20,2.32,137.88,,,,unassigned_noise
47474,19,1997-07-21,2.32,137.9,,,,unassigned_noise
47475,19,1997-07-22,2.31,137.89,,,,unassigned_noise
47476,19,1997-07-23,2.32,137.9,,,,unassigned_noise
47477,19,1997-07-24,2.32,137.9,,,,unassigned_noise
47478,19,1997-07-25,2.32,137.9,,,,unassigned_noise
47479,19,1997-07-26,2.33,137.9,,,,unassigned_noise
47480,19,1997-07-27,2.32,137.9,,,,unassigned_noise
47481,19,1997-07-28,2.32,137.92,,,,unassigned_noise
47482,19,1997-07-29,2.32,137.91,,,,unassigned_noise
47483,19,1997-07-30,2.31,137.99,,,,unassigned_noise
47484,19,1997-07-31,2.31,138.08,,,,unassigned_noise
47485,19,1997-08-01,2.32,138.16,,,,unassigned_noise
47486,19,1997-08-02,2.32,138.19,,,,unassigned_noise
47487,19,1997-08-03,2.33,138.21,,,,unassigned_noise
47488,19,1997-08-04,2.33,138.21,,,,unassigned_noise
47489,19,1997-08-05,2.32,138.21,,,,unassigned_noise
47490,19,1997-08-06,2.33,138.2,,,,unassigned_noise
47491,19,1997-08-07,2.32,138.2,,,,unassigned_noise
47492,19,1997-08-08,2.32,138.31,,,,unassigned_drifting
47493,19,1997-08-09,2.34,138.55,,,,unassigned_drifting
47494,19,1997-08-10,2.34,138.79,,,,unassigned_noise
47495,19,1997-08-11,2.34,138.81,,,,unassigned_noise
47496,19,1997-08-12,2.35,138.81,,,,unassigned_noise
47497,19,1997-08-13,2.35,138.81,,,,unassigned_noise
47498,19,1997-08-14,2.35,138.81,,,,unassigned_noise
47499,19,1997-08-15,2.35,138.81,,,,unassigned_noise
47500,19,1997-08-16,2.35,138.81,,,,unassigned_noise
47501,19,1997-08-17,2.35,138.81,,,,unassigned_noise
47502,19,1997-08-18,2.35,138.81,,,,unassigned_noise
47503,19,1997-08-19,2.35,138.81,,,,unassigned_noise
47504,19,1997-08-20,2.36,138.81,,,,unassigned_noise
47505,19,1997-08-21,2.35,138.82,,,,unassigned_noise
47506,19,1997-08-22,2.35,138.81,,,,unassigned_noise
47507,19,1997-08-23,2.35,138.81,,,,unassigned_noise
47508,19,1997-08-24,2.35,138.82,,,,unassigned_noise
47509,19,1997-08-25,2.35,138.82,,,,unassigned_noise
47510,19,1997-08-26,2.43,137.43,SITE_045,2N137E,67.5937075362071,far_from_nominal
47511,19,1997-08-27,2.43,137.43,SITE_045,2N137E,67.5937075362071,far_from_nominal
47512,19,1997-08-28,2.43,137.43,SITE_045,2N137E,67.5937075362071,far_from_nominal
47513,19,1997-08-29,2.43,137.43,SITE_045,2N137E,67.5937075362071,far_from_nominal
47514,19,1997-08-30,2.43,137.43,SITE_045,2N137E,67.5937075362071,far_from_nominal
47515,19,1997-08-31,2.43,137.43,SITE_045,2N137E,67.5937075362071,far_from_nominal
47516,19,1997-09-01,2.43,137.43,SITE_045,2N137E,67.5937075362071,far_from_nominal
47517,19,1997-09-02,2.44,137.43,SITE_045,2N137E,68.38467060327226,far_from_nominal
47518,19,1997-09-03,2.43,137.43,SITE_045,2N137E,67.5937075362071,far_from_nominal
47519,19,1997-09-04,2.43,137.43,SITE_045,2N137E,67.5937075362071,far_from_nominal
47520,19,1997-09-05,2.43,137.43,SITE_045,2N137E,67.5937075362071,far_from_nominal
47521,19,1997-09-06,2.43,137.43,SITE_045,2N137E,67.5937075362071,far_from_nominal
47522,19,1997-09-07,2.44,137.43,SITE_045,2N137E,68.38467060327226,far_from_nominal
47523,19,1997-09-08,2.43,137.43,SITE_045,2N137E,67.5937075362071,far_from_nominal
47524,19,1997-09-09,2.43,137.43,SITE_045,2N137E,67.5937075362071,far_from_nominal
47525,19,1997-09-10,2.43,137.43,SITE_045,2N137E,67.5937075362071,far_from_nominal
47526,19,1997-09-11,2.43,137.43,SITE_045,2N137E,67.5937075362071,far_from_nominal
47527,19,1997-09-12,2.43,137.43,SITE_045,2N137E,67.5937075362071,far_from_nominal
47528,19,1997-09-13,2.43,137.43,SITE_045,2N137E,67.5937075362071,far_from_nominal
47529,19,1997-09-14,2.43,137.43,SITE_045,2N137E,67.5937075362071,far_from_nominal
47530,19,1997-09-15,2.43,137.43,SITE_045,2N137E,67.5937075362071,far_from_nominal
47531,19,1997-09-16,2.43,137.43,SITE_045,2N137E,67.5937075362071,far_from_nominal
47532,19,1997-09-17,2.43,137.43,SITE_045,2N137E,67.5937075362071,far_from_nominal
47533,19,1997-09-18,2.44,137.43,SITE_045,2N137E,68.38467060327226,far_from_nominal
47534,19,1997-09-19,2.44,137.43,SITE_045,2N137E,68.38467060327226,far_from_nominal
47535,19,1997-09-20,2.44,137.43,SITE_045,2N137E,68.38467060327226,far_from_nominal
47536,19,1997-09-21,2.44,137.44,SITE_045,2N137E,69.16553361000003,far_from_nominal
47537,19,1997-09-22,2.44,137.44,SITE_045,2N137E,69.16553361000003,far_from_nominal
47538,19,1997-09-23,2.44,137.44,SITE_045,2N137E,69.16553361000003,far_from_nominal
47539,19,1997-09-24,2.44,137.44,SITE_045,2N137E,69.16553361000003,far_from_nominal
47540,19,1997-09-25,2.44,137.44,SITE_045,2N137E,69.16553361000003,far_from_nominal
47541,19,1997-09-26,2.44,137.44,SITE_045,2N137E,69.16553361000003,far_from_nominal
47542,19,1997-09-27,2.44,137.44,SITE_045,2N137E,69.16553361000003,far_from_nominal
47543,19,1997-09-28,2.44,137.44,SITE_045,2N137E,69.16553361000003,far_from_nominal
47544,19,1997-09-29,2.44,137.45,SITE_045,2N137E,69.95532897403908,far_from_nominal
47545,19,1997-09-30,2.43,137.43,SITE_045,2N137E,67.5937075362071,far_from_nominal
47546,19,1997-10-01,2.43,137.43,SITE_045,2N137E,67.5937075362071,far_from_nominal
47547,19,1997-10-02,2.43,137.43,SITE_045,2N137E,67.5937075362071,far_from_nominal
47548,19,1997-10-03,2.43,137.43,SITE_045,2N137E,67.5937075362071,far_from_nominal
47549,19,1997-10-04,2.43,137.44,SITE_045,2N137E,68.38360852036816,far_from_nominal
47550,19,1997-10-05,2.43,137.44,SITE_045,2N137E,68.38360852036816,far_from_nominal
47551,19,1997-10-06,2.43,137.44,SITE_045,2N137E,68.38360852036816,far_from_nominal
47552,19,1997-10-07,2.43,137.44,SITE_045,2N137E,68.38360852036816,far_from_nominal
47553,19,1997-10-08,2.43,137.44,SITE_045,2N137E,68.38360852036816,far_from_nominal
47554,19,1997-10-09,2.43,137.43,SITE_045,2N137E,67.5937075362071,far_from_nominal
47555,19,1997-10-10,2.43,137.43,SITE_045,2N137E,67.5937075362071,far_from_nominal
47556,19,1997-10-11,2.4,137.47,SITE_045,2N137E,68.59696281386277,far_from_nominal
47557,19,1997-10-12,2.26,137.62,,,,unassigned_drifting
47558,19,1997-10-13,2.15,137.82,,,,unassigned_drifting
47559,19,1997-10-14,2.06,138.0,,,,unassigned_drifting
47560,19,1997-10-15,1.99,138.15,,,,unassigned_drifting
47561,19,1997-10-16,1.94,138.29,,,,unassigned_drifting
47562,19,1997-10-17,1.91,138.41,,,,unassigned_drifting
47563,19,1997-10-18,1.88,138.51,,,,unassigned_drifting
47564,19,1997-10-19,1.87,138.6,,,,unassigned_noise
47565,19,1997-10-20,1.85,138.67,,,,unassigned_noise
47566,19,1997-10-21,1.83,138.72,,,,unassigned_noise
47567,19,1997-10-22,1.78,138.77,,,,unassigned_noise
47568,19,1998-01-31,2.43,137.44,SITE_045,2N137E,68.38360852036816,far_from_nominal
47569,19,1998-02-01,2.43,137.44,SITE_045,2N137E,68.38360852036816,far_from_nominal
47570,19,1998-02-02,2.43,137.44,SITE_045,2N137E,68.38360852036816,far_from_nominal
47571,19,1998-02-03,2.43,137.43,SITE_045,2N137E,67.5937075362071,far_from_nominal
47572,19,1998-02-04,2.43,137.44,SITE_045,2N137E,68.38360852036816,far_from_nominal
47573,19,1998-02-05,2.43,137.43,SITE_045,2N137E,67.5937075362071,far_from_nominal
47574,19,1998-02-06,2.43,137.43,SITE_045,2N137E,67.5937075362071,far_from_nominal
47575,19,1998-02-07,2.43,137.43,SITE_045,2N137E,67.5937075362071,far_from_nominal
47576,19,1998-02-08,2.43,137.43,SITE_045,2N137E,67.5937075362071,far_from_nominal
47577,19,1998-02-09,2.43,137.44,SITE_045,2N137E,68.38360852036816,far_from_nominal
47578,19,1998-02-10,2.42,137.44,SITE_045,2N137E,67.6109281817506,far_from_nominal
47579,19,1998-02-11,2.43,137.43,SITE_045,2N137E,67.5937075362071,far_from_nominal
47580,19,1998-02-12,2.43,137.43,SITE_045,2N137E,67.5937075362071,far_from_nominal
47581,19,1998-02-13,2.43,137.43,SITE_045,2N137E,67.5937075362071,far_from_nominal
47582,19,1998-02-14,2.44,137.42,SITE_045,2N137E,67.613049433944,far_from_nominal
47583,19,1998-02-15,2.43,137.43,SITE_045,2N137E,67.5937075362071,far_from_nominal
47584,19,1998-02-16,2.43,137.43,SITE_045,2N137E,67.5937075362071,far_from_nominal
47585,19,1998-02-17,2.43,137.42,SITE_045,2N137E,66.81294669617724,far_from_nominal
47586,19,1998-02-18,2.43,137.43,SITE_045,2N137E,67.5937075362071,far_from_nominal
47587,19,1998-02-19,2.43,137.43,SITE_045,2N137E,67.5937075362071,far_from_nominal
47588,19,1998-02-20,2.43,137.43,SITE_045,2N137E,67.5937075362071,far_from_nominal
47589,19,1998-02-21,2.43,137.43,SITE_045,2N137E,67.5937075362071,far_from_nominal
47590,19,1998-02-22,2.43,137.42,SITE_045,2N137E,66.81294669617724,far_from_nominal
47591,19,1998-02-23,2.43,137.43,SITE_045,2N137E,67.5937075362071,far_from_nominal
47592,19,1998-02-24,2.43,137.43,SITE_045,2N137E,67.5937075362071,far_from_nominal
47593,19,1998-02-25,2.43,137.43,SITE_045,2N137E,67.5937075362071,far_from_nominal
47594,19,1998-02-26,2.43,137.43,SITE_045,2N137E,67.5937075362071,far_from_nominal
47595,19,1998-02-27,2.43,137.43,SITE_045,2N137E,67.5937075362071,far_from_nominal
47596,19,1998-02-28,2.43,137.43,SITE_045,2N137E,67.5937075362071,far_from_nominal
47597,19,1998-03-01,2.43,137.43,SITE_045,2N137E,67.5937075362071,far_from_nominal
47598,19,1998-03-02,2.43,137.43,SITE_045,2N137E,67.5937075362071,far_from_nominal
47599,19,1998-03-03,2.43,137.43,SITE_045,2N137E,67.5937075362071,far_from_nominal
47600,19,1998-03-04,2.43,137.43,SITE_045,2N137E,67.5937075362071,far_from_nominal
47601,19,1998-03-05,2.43,137.43,SITE_045,2N137E,67.5937075362071,far_from_nominal
47602,19,1998-03-06,2.42,137.43,SITE_045,2N137E,66.81188701319857,far_from_nominal
47603,19,1998-03-07,2.42,137.43,SITE_045,2N137E,66.81188701319857,far_from_nominal
47604,19,1998-03-08,2.43,137.42,SITE_045,2N137E,66.81294669617724,far_from_nominal
47605,19,1998-03-09,2.43,137.43,SITE_045,2N137E,67.5937075362071,far_from_nominal
47606,19,1998-03-10,2.43,137.43,SITE_045,2N137E,67.5937075362071,far_from_nominal
47607,19,1998-03-11,2.44,137.43,SITE_045,2N137E,68.38467060327226,far_from_nominal
47608,19,1998-03-12,2.43,137.42,SITE_045,2N137E,66.81294669617724,far_from_nominal
47609,19,1998-03-13,2.43,137.43,SITE_045,2N137E,67.5937075362071,far_from_nominal
47610,19,1998-03-14,2.43,137.42,SITE_045,2N137E,66.81294669617724,far_from_nominal
47611,19,1998-03-15,2.43,137.43,SITE_045,2N137E,67.5937075362071,far_from_nominal
47612,19,1998-03-16,2.43,137.42,SITE_045,2N137E,66.81294669617724,far_from_nominal
47613,19,1998-03-17,2.43,137.45,SITE_045,2N137E,69.18233657192658,far_from_nominal
47614,19,1998-03-18,2.43,137.42,SITE_045,2N137E,66.81294669617724,far_from_nominal
47615,19,1998-03-19,2.43,137.43,SITE_045,2N137E,67.5937075362071,far_from_nominal
47616,19,1998-03-20,2.43,137.43,SITE_045,2N137E,67.5937075362071,far_from_nominal
47617,19,1998-03-21,2.43,137.43,SITE_045,2N137E,67.5937075362071,far_from_nominal
47618,19,1998-03-22,2.43,137.42,SITE_045,2N137E,66.81294669617724,far_from_nominal
47619,19,1998-03-23,2.43,137.43,SITE_045,2N137E,67.5937075362071,far_from_nominal
47620,19,1998-03-24,2.43,137.43,SITE_045,2N137E,67.5937075362071,far_from_nominal
47621,19,1998-03-25,2.43,137.43,SITE_045,2N137E,67.5937075362071,far_from_nominal
47622,19,1998-03-26,2.43,137.43,SITE_045,2N137E,67.5937075362071,far_from_nominal
47623,19,1998-03-27,2.43,137.43,SITE_045,2N137E,67.5937075362071,far_from_nominal
47624,19,1998-03-28,2.43,137.43,SITE_045,2N137E,67.5937075362071,far_from_nominal
47625,19,1998-03-29,2.43,137.43,SITE_045,2N137E,67.5937075362071,far_from_nominal
47626,19,1998-03-30,2.43,137.43,SITE_045,2N137E,67.5937075362071,far_from_nominal
47627,19,1998-03-31,2.43,137.44,SITE_045,2N137E,68.38360852036816,far_from_nominal
47628,19,1998-04-01,2.43,137.44,SITE_045,2N137E,68.38360852036816,far_from_nominal
47629,19,1998-04-02,2.43,137.44,SITE_045,2N137E,68.38360852036816,far_from_nominal
47630,19,1998-04-03,2.43,137.44,SITE_045,2N137E,68.38360852036816,far_from_nominal
47631,19,1998-04-04,2.43,137.44,SITE_045,2N137E,68.38360852036816,far_from_nominal
47632,19,1998-04-05,2.43,137.43,SITE_045,2N137E,67.5937075362071,far_from_nominal
47633,19,1998-04-06,2.43,137.42,SITE_045,2N137E,66.81294669617724,far_from_nominal
47634,19,1998-04-07,2.42,137.42,SITE_045,2N137E,66.02187564458538,far_from_nominal
47635,19,1998-04-08,2.42,137.4,SITE_045,2N137E,64.47026632853088,far_from_nominal
47636,19,1998-04-09,2.42,137.4,SITE_045,2N137E,64.47026632853088,far_from_nominal
47637,19,1998-04-10,2.41,137.39,SITE_045,2N137E,62.89889951651473,far_from_nominal
47638,19,1998-04-11,2.42,137.4,SITE_045,2N137E,64.47026632853088,far_from_nominal
47639,19,1998-04-12,2.42,137.4,SITE_045,2N137E,64.47026632853088,far_from_nominal
47640,19,1998-04-13,2.41,137.4,SITE_045,2N137E,63.66949723168295,far_from_nominal
47641,19,1998-04-14,2.41,137.41,SITE_045,2N137E,64.450037959097,far_from_nominal
47642,19,1998-04-15,2.41,137.41,SITE_045,2N137E,64.450037959097,far_from_nominal
47643,19,1998-04-16,2.41,137.4,SITE_045,2N137E,63.66949723168295,far_from_nominal
47644,19,1998-04-17,2.42,137.4,SITE_045,2N137E,64.47026632853088,far_from_nominal
47645,19,1998-04-18,2.41,137.38,SITE_045,2N137E,62.138614732661885,far_from_nominal
47646,19,1998-04-19,2.41,137.4,SITE_045,2N137E,63.66949723168295,far_from_nominal
47647,19,1998-04-20,2.42,137.39,SITE_045,2N137E,63.70936037944938,far_from_nominal
47648,19,1998-04-21,2.42,137.4,SITE_045,2N137E,64.47026632853088,far_from_nominal
47649,19,1998-04-22,2.42,137.41,SITE_045,2N137E,65.24122210456088,far_from_nominal
47650,19,1998-04-23,2.41,137.41,SITE_045,2N137E,64.450037959097,far_from_nominal
47651,19,1998-04-24,2.42,137.41,SITE_045,2N137E,65.24122210456088,far_from_nominal
47652,19,1998-04-25,2.43,137.41,SITE_045,2N137E,66.04165017229278,far_from_nominal
47653,19,1998-04-26,2.43,137.4,SITE_045,2N137E,65.28015343314391,far_from_nominal
47654,19,1998-04-27,2.42,137.39,SITE_045,2N137E,63.70936037944938,far_from_nominal
47655,19,1998-04-28,2.43,137.41,SITE_045,2N137E,66.04165017229278,far_from_nominal
47656,19,1998-04-29,2.43,137.41,SITE_045,2N137E,66.04165017229278,far_from_nominal
47657,19,1998-04-30,2.43,137.4,SITE_045,2N137E,65.28015343314391,far_from_nominal
47658,19,1998-05-01,2.43,137.4,SITE_045,2N137E,65.28015343314391,far_from_nominal
47659,19,1998-05-02,2.43,137.41,SITE_045,2N137E,66.04165017229278,far_from_nominal
47660,19,1998-05-03,2.43,137.4,SITE_045,2N137E,65.28015343314391,far_from_nominal
47661,19,1998-05-04,2.43,137.41,SITE_045,2N137E,66.04165017229278,far_from_nominal
47662,19,1998-05-05,2.43,137.4,SITE_045,2N137E,65.28015343314391,far_from_nominal
47663,19,1998-05-06,2.42,137.4,SITE_045,2N137E,64.47026632853088,far_from_nominal
47664,19,1998-05-07,2.42,137.39,SITE_045,2N137E,63.70936037944938,far_from_nominal
47665,19,1998-05-08,2.41,137.4,SITE_045,2N137E,63.66949723168295,far_from_nominal
47666,19,1998-05-09,2.42,137.41,SITE_045,2N137E,65.24122210456088,far_from_nominal
47667,19,1998-05-10,2.42,137.41,SITE_045,2N137E,65.24122210456088,far_from_nominal
47668,19,1998-05-11,2.42,137.41,SITE_045,2N137E,65.24122210456088,far_from_nominal
47669,19,1998-05-12,2.42,137.41,SITE_045,2N137E,65.24122210456088,far_from_nominal
47670,19,1998-05-13,2.42,137.4,SITE_045,2N137E,64.47026632853088,far_from_nominal
47671,19,1998-05-14,2.41,137.41,SITE_045,2N137E,64.450037959097,far_from_nominal
47672,19,1998-05-15,2.42,137.4,SITE_045,2N137E,64.47026632853088,far_from_nominal
47673,19,1998-05-16,2.42,137.4,SITE_045,2N137E,64.47026632853088,far_from_nominal
47674,19,1998-05-17,2.42,137.41,SITE_045,2N137E,65.24122210456088,far_from_nominal
47675,19,1998-05-18,2.42,137.41,SITE_045,2N137E,65.24122210456088,far_from_nominal
47676,19,1998-05-19,2.42,137.41,SITE_045,2N137E,65.24122210456088,far_from_nominal
47677,19,1998-05-20,2.42,137.42,SITE_045,2N137E,66.02187564458538,far_from_nominal
47678,19,1998-05-21,2.42,137.43,SITE_045,2N137E,66.81188701319857,far_from_nominal
47679,19,1998-05-22,2.42,137.41,SITE_045,2N137E,65.24122210456088,far_from_nominal
47680,19,1998-05-23,2.41,137.41,SITE_045,2N137E,64.450037959097,far_from_nominal
47681,19,1998-05-24,2.42,137.41,SITE_045,2N137E,65.24122210456088,far_from_nominal
47682,19,1998-05-25,2.41,137.41,SITE_045,2N137E,64.450037959097,far_from_nominal
47683,19,1998-05-26,2.41,137.41,SITE_045,2N137E,64.450037959097,far_from_nominal
47684,19,1998-05-27,2.42,137.41,SITE_045,2N137E,65.24122210456088,far_from_nominal
47685,19,1998-05-28,2.41,137.41,SITE_045,2N137E,64.450037959097,far_from_nominal
47686,19,1998-05-29,2.41,137.41,SITE_045,2N137E,64.450037959097,far_from_nominal
47687,19,1998-05-30,2.42,137.42,SITE_045,2N137E,66.02187564458538,far_from_nominal
47688,19,1998-05-31,2.42,137.41,SITE_045,2N137E,65.24122210456088,far_from_nominal
47689,19,1998-06-01,2.42,137.41,SITE_045,2N137E,65.24122210456088,far_from_nominal
47690,19,1998-06-02,2.42,137.41,SITE_045,2N137E,65.24122210456088,far_from_nominal
47691,19,1998-06-03,2.42,137.41,SITE_045,2N137E,65.24122210456088,far_from_nominal
47692,19,1998-06-04,2.42,137.41,SITE_045,2N137E,65.24122210456088,far_from_nominal
47693,19,1998-06-05,2.42,137.41,SITE_045,2N137E,65.24122210456088,far_from_nominal
47694,19,1998-06-06,2.42,137.4,SITE_045,2N137E,64.47026632853088,far_from_nominal
47695,19,1998-06-07,2.42,137.41,SITE_045,2N137E,65.24122210456088,far_from_nominal
47696,19,1998-06-08,2.42,137.41,SITE_045,2N137E,65.24122210456088,far_from_nominal
47697,19,1998-06-09,2.42,137.41,SITE_045,2N137E,65.24122210456088,far_from_nominal
47698,19,1998-06-10,2.42,137.42,SITE_045,2N137E,66.02187564458538,far_from_nominal
47699,19,1998-06-11,2.42,137.41,SITE_045,2N137E,65.24122210456088,far_from_nominal
47700,19,1998-06-12,2.42,137.41,SITE_045,2N137E,65.24122210456088,far_from_nominal
47701,19,1998-06-13,2.42,137.41,SITE_045,2N137E,65.24122210456088,far_from_nominal
47702,19,1998-06-14,2.42,137.41,SITE_045,2N137E,65.24122210456088,far_from_nominal
47703,19,1998-06-15,2.43,137.41,SITE_045,2N137E,66.04165017229278,far_from_nominal
48264,20,1988-09-30,1.94,-140.37,,,,unassigned_drifting
48265,20,1988-10-01,1.95,-140.48,SITE_052,2N140W,53.63089051801579,far_from_nominal
49628,20,1992-08-16,2.02,-140.38,,,,unassigned_drifting
49629,20,1992-08-17,2.01,-140.49,,,,unassigned_drifting
49630,20,1992-08-18,2.0,-140.6,,,,unassigned_drifting
49631,20,1992-08-19,1.98,-140.7,SITE_052,2N140W,77.82139488563212,far_from_nominal
49632,20,1992-08-20,1.96,-140.77,SITE_052,2N140W,85.68460798034225,far_from_nominal
49633,20,1992-08-21,1.96,-140.78,SITE_052,2N140W,86.79441579100657,far_from_nominal
49634,20,1992-08-22,1.95,-140.82,SITE_052,2N140W,91.29524529958032,far_from_nominal
49635,20,1992-08-23,1.94,-140.83,SITE_052,2N140W,92.47833731093229,far_from_nominal
49636,20,1992-08-24,1.94,-140.83,SITE_052,2N140W,92.47833731093229,far_from_nominal
49637,20,1992-08-25,1.95,-140.84,SITE_052,2N140W,93.51379842644283,far_from_nominal
49638,20,1992-08-26,1.95,-140.83,SITE_052,2N140W,92.4044976687807,far_from_nominal
49639,20,1992-08-27,1.95,-140.83,SITE_052,2N140W,92.4044976687807,far_from_nominal
49640,20,1992-08-28,1.96,-140.82,SITE_052,2N140W,91.23400710076213,far_from_nominal
49641,20,1992-08-29,1.96,-140.82,SITE_052,2N140W,91.23400710076213,far_from_nominal
49642,20,1992-08-30,1.95,-140.83,SITE_052,2N140W,92.4044976687807,far_from_nominal
49643,20,1992-08-31,1.95,-140.82,SITE_052,2N140W,91.29524529958032,far_from_nominal
49644,20,1992-09-01,1.95,-140.84,SITE_052,2N140W,93.51379842644283,far_from_nominal
49645,20,1992-09-02,1.96,-140.82,SITE_052,2N140W,91.23400710076213,far_from_nominal
49646,20,1992-09-03,1.95,-140.83,SITE_052,2N140W,92.4044976687807,far_from_nominal
49647,20,1992-09-04,1.95,-140.83,SITE_052,2N140W,92.4044976687807,far_from_nominal
49648,20,1992-09-05,1.95,-140.83,SITE_052,2N140W,92.4044976687807,far_from_nominal
49649,20,1992-09-06,1.95,-140.83,SITE_052,2N140W,92.4044976687807,far_from_nominal
49650,20,1992-09-07,1.98,-140.83,SITE_052,2N140W,92.26306043438224,far_from_nominal
49651,20,1992-09-08,1.95,-140.83,SITE_052,2N140W,92.4044976687807,far_from_nominal
49652,20,1992-09-09,1.94,-140.84,SITE_052,2N140W,93.58676943072425,far_from_nominal
49653,20,1992-09-10,1.94,-140.83,SITE_052,2N140W,92.47833731093229,far_from_nominal
49654,20,1992-09-11,1.94,-140.83,SITE_052,2N140W,92.47833731093229,far_from_nominal
49655,20,1992-09-12,1.95,-140.83,SITE_052,2N140W,92.4044976687807,far_from_nominal
49656,20,1992-09-13,1.94,-140.83,SITE_052,2N140W,92.47833731093229,far_from_nominal
49657,20,1992-09-14,1.94,-140.82,SITE_052,2N140W,91.369974704501,far_from_nominal
49658,20,1992-09-15,1.95,-140.82,SITE_052,2N140W,91.29524529958032,far_from_nominal
49659,20,1992-09-16,1.95,-140.81,SITE_052,2N140W,90.18604310436464,far_from_nominal
49660,20,1992-09-17,1.95,-140.82,SITE_052,2N140W,91.29524529958032,far_from_nominal
49661,20,1992-09-18,1.95,-140.82,SITE_052,2N140W,91.29524529958032,far_from_nominal
49662,20,1992-09-19,1.95,-140.82,SITE_052,2N140W,91.29524529958032,far_from_nominal
49663,20,1992-09-20,1.95,-140.81,SITE_052,2N140W,90.18604310436464,far_from_nominal
49664,20,1992-09-21,1.95,-140.81,SITE_052,2N140W,90.18604310436464,far_from_nominal
49665,20,1992-09-22,1.94,-140.81,SITE_052,2N140W,90.26168417223151,far_from_nominal
49666,20,1992-09-23,1.94,-140.81,SITE_052,2N140W,90.26168417223151,far_from_nominal
49667,20,1992-09-24,1.95,-140.81,SITE_052,2N140W,90.18604310436464,far_from_nominal
49668,20,1992-09-25,1.95,-140.81,SITE_052,2N140W,90.18604310436464,far_from_nominal
49669,20,1992-09-26,1.94,-140.82,SITE_052,2N140W,91.369974704501,far_from_nominal
49670,20,1992-09-27,1.95,-140.81,SITE_052,2N140W,90.18604310436464,far_from_nominal
49671,20,1992-09-28,1.95,-140.82,SITE_052,2N140W,91.29524529958032,far_from_nominal
49672,20,1992-09-29,1.95,-140.82,SITE_052,2N140W,91.29524529958032,far_from_nominal
49673,20,1992-09-30,1.95,-140.82,SITE_052,2N140W,91.29524529958032,far_from_nominal
49674,20,1992-10-01,1.94,-140.81,SITE_052,2N140W,90.26168417223151,far_from_nominal
49675,20,1992-10-02,1.95,-140.83,SITE_052,2N140W,92.4044976687807,far_from_nominal
49676,20,1992-10-03,1.95,-140.83,SITE_052,2N140W,92.4044976687807,far_from_nominal
49677,20,1992-10-04,1.95,-140.83,SITE_052,2N140W,92.4044976687807,far_from_nominal
49678,20,1992-10-05,1.94,-140.82,SITE_052,2N140W,91.369974704501,far_from_nominal
49679,20,1992-10-06,1.95,-140.83,SITE_052,2N140W,92.4044976687807,far_from_nominal
49680,20,1992-10-07,1.95,-140.83,SITE_052,2N140W,92.4044976687807,far_from_nominal
49681,20,1992-10-08,1.95,-140.84,SITE_052,2N140W,93.51379842644283,far_from_nominal
49682,20,1992-10-09,1.96,-140.84,SITE_052,2N140W,93.45400083473604,far_from_nominal
49683,20,1992-10-10,1.95,-140.87,SITE_052,2N140W,96.84197440113252,far_from_nominal
49684,20,1992-10-11,1.96,-140.93,SITE_052,2N140W,103.44534374806769,far_from_nominal
49685,20,1992-10-12,1.98,-141.02,,,,unassigned_drifting
49686,20,1992-10-13,1.99,-141.11,SITE_052,2N140W,123.35673560773719,far_from_nominal
49687,20,1992-10-14,2.0,-141.14,SITE_052,2N140W,126.68516869707847,far_from_nominal
49688,20,1992-10-15,1.99,-141.15,SITE_052,2N140W,127.8016682829213,far_from_nominal
49689,20,1992-10-16,2.0,-141.14,SITE_052,2N140W,126.68516869707847,far_from_nominal
49690,20,1992-10-17,2.0,-141.14,SITE_052,2N140W,126.68516869707847,far_from_nominal
49691,20,1992-10-18,2.0,-141.14,SITE_052,2N140W,126.68516869707847,far_from_nominal
49692,20,1992-10-19,2.0,-141.13,SITE_052,2N140W,125.57389533152485,far_from_nominal
49693,20,1992-10-20,2.0,-141.14,SITE_052,2N140W,126.68516869707847,far_from_nominal
49694,20,1992-10-21,2.0,-141.14,SITE_052,2N140W,126.68516869707847,far_from_nominal
49695,20,1992-10-22,2.0,-141.13,SITE_052,2N140W,125.57389533152485,far_from_nominal
49696,20,1992-10-23,2.0,-141.13,SITE_052,2N140W,125.57389533152485,far_from_nominal
49697,20,1992-10-24,2.01,-141.13,SITE_052,2N140W,125.5784350595591,far_from_nominal
49698,20,1992-10-25,1.99,-141.13,SITE_052,2N140W,125.57920040513412,far_from_nominal
49699,20,1992-10-26,2.0,-141.13,SITE_052,2N140W,125.57389533152485,far_from_nominal
49700,20,1992-10-27,2.0,-141.14,SITE_052,2N140W,126.68516869707847,far_from_nominal
49701,20,1992-10-28,2.0,-141.13,SITE_052,2N140W,125.57389533152485,far_from_nominal
49702,20,1992-10-29,2.0,-141.14,SITE_052,2N140W,126.68516869707847,far_from_nominal
49703,20,1992-10-30,2.01,-141.13,SITE_052,2N140W,125.5784350595591,far_from_nominal
49704,20,1992-10-31,2.0,-141.13,SITE_052,2N140W,125.57389533152485,far_from_nominal
49705,20,1992-11-01,2.01,-141.13,SITE_052,2N140W,125.5784350595591,far_from_nominal
49706,20,1992-11-02,2.0,-141.12,SITE_052,2N140W,124.46262196480633,far_from_nominal
49707,20,1992-11-03,1.99,-141.13,SITE_052,2N140W,125.57920040513412,far_from_nominal
49708,20,1992-11-04,2.01,-141.13,SITE_052,2N140W,125.5784350595591,far_from_nominal
49709,20,1992-11-05,2.0,-141.14,SITE_052,2N140W,126.68516869707847,far_from_nominal
49710,20,1992-11-06,2.0,-141.15,SITE_052,2N140W,127.79644206145686,far_from_nominal
49711,20,1992-11-07,2.0,-141.14,SITE_052,2N140W,126.68516869707847,far_from_nominal
49712,20,1992-11-08,2.0,-141.15,SITE_052,2N140W,127.79644206145686,far_from_nominal
49713,20,1992-11-09,2.01,-141.15,SITE_052,2N140W,127.8008893894541,far_from_nominal
49714,20,1992-11-10,2.0,-141.15,SITE_052,2N140W,127.79644206145686,far_from_nominal
49715,20,1992-11-11,2.0,-141.15,SITE_052,2N140W,127.79644206145686,far_from_nominal
49815,20,1993-08-04,2.03,-140.19,,,,unassigned_drifting
49816,20,1993-08-05,2.05,-140.33,,,,unassigned_drifting
49817,20,1993-08-06,2.05,-140.5,,,,unassigned_drifting
49818,20,1993-08-07,2.06,-140.63,SITE_052,2N140W,70.32611410906055,far_from_nominal
49819,20,1993-08-08,2.07,-140.71,SITE_052,2N140W,79.28172412558419,far_from_nominal
49820,20,1993-08-09,2.07,-140.78,SITE_052,2N140W,87.02624152216359,far_from_nominal
49821,20,1993-08-10,2.06,-140.79,SITE_052,2N140W,88.04212898698793,far_from_nominal
49822,20,1993-08-11,2.04,-140.86,SITE_052,2N140W,95.67178692260725,far_from_nominal
49823,20,1993-08-12,2.02,-140.89,SITE_052,2N140W,98.9277292946913,far_from_nominal
49824,20,1993-08-13,1.99,-140.94,SITE_052,2N140W,104.46593703607348,far_from_nominal
49825,20,1993-08-14,1.99,-140.95,SITE_052,2N140W,105.57715151128008,far_from_nominal
49826,20,1993-08-15,2.0,-140.95,SITE_052,2N140W,105.57097456235053,far_from_nominal
49827,20,1993-08-16,2.01,-140.95,SITE_052,2N140W,105.57650809572743,far_from_nominal
49828,20,1993-08-17,2.0,-140.94,SITE_052,2N140W,104.45970117642983,far_from_nominal
49829,20,1993-08-18,2.01,-140.95,SITE_052,2N140W,105.57650809572743,far_from_nominal
49830,20,1993-08-19,2.0,-140.95,SITE_052,2N140W,105.57097456235053,far_from_nominal
49831,20,1993-08-20,2.0,-140.96,SITE_052,2N140W,106.68224794729754,far_from_nominal
49832,20,1993-08-21,2.0,-140.96,SITE_052,2N140W,106.68224794729754,far_from_nominal
49833,20,1993-08-22,2.0,-140.95,SITE_052,2N140W,105.57097456235053,far_from_nominal
49834,20,1993-08-23,2.0,-140.95,SITE_052,2N140W,105.57097456235053,far_from_nominal
49835,20,1993-08-24,2.0,-140.95,SITE_052,2N140W,105.57097456235053,far_from_nominal
49836,20,1993-08-25,2.0,-140.95,SITE_052,2N140W,105.57097456235053,far_from_nominal
49837,20,1993-08-26,2.0,-140.95,SITE_052,2N140W,105.57097456235053,far_from_nominal
49838,20,1993-08-27,1.99,-140.96,SITE_052,2N140W,106.688367283157,far_from_nominal
49839,20,1993-08-28,1.99,-140.96,SITE_052,2N140W,106.688367283157,far_from_nominal
49840,20,1993-08-29,1.99,-140.95,SITE_052,2N140W,105.57715151128008,far_from_nominal
49841,20,1993-08-30,2.0,-140.96,SITE_052,2N140W,106.68224794729754,far_from_nominal
49842,20,1993-08-31,1.99,-140.95,SITE_052,2N140W,105.57715151128008,far_from_nominal
49843,20,1993-09-01,2.0,-140.95,SITE_052,2N140W,105.57097456235053,far_from_nominal
49844,20,1993-09-02,1.99,-140.95,SITE_052,2N140W,105.57715151128008,far_from_nominal
49845,20,1993-09-03,1.99,-140.95,SITE_052,2N140W,105.57715151128008,far_from_nominal
49846,20,1993-09-04,1.99,-140.95,SITE_052,2N140W,105.57715151128008,far_from_nominal
49847,20,1993-09-05,1.99,-140.95,SITE_052,2N140W,105.57715151128008,far_from_nominal
49848,20,1993-09-06,1.99,-140.94,SITE_052,2N140W,104.46593703607348,far_from_nominal
49849,20,1993-09-07,1.99,-140.95,SITE_052,2N140W,105.57715151128008,far_from_nominal
49850,20,1993-09-08,2.0,-140.95,SITE_052,2N140W,105.57097456235053,far_from_nominal
49851,20,1993-09-09,2.0,-140.94,SITE_052,2N140W,104.45970117642983,far_from_nominal
49852,20,1993-09-10,2.0,-140.95,SITE_052,2N140W,105.57097456235053,far_from_nominal
49853,20,1993-09-11,2.0,-140.94,SITE_052,2N140W,104.45970117642983,far_from_nominal
49854,20,1993-09-12,1.99,-140.94,SITE_052,2N140W,104.46593703607348,far_from_nominal
49855,20,1993-09-13,2.0,-140.97,SITE_052,2N140W,107.79352133125217,far_from_nominal
49856,20,1993-09-14,2.0,-140.95,SITE_052,2N140W,105.57097456235053,far_from_nominal
49857,20,1993-09-15,2.0,-140.95,SITE_052,2N140W,105.57097456235053,far_from_nominal
49858,20,1993-09-16,2.0,-140.95,SITE_052,2N140W,105.57097456235053,far_from_nominal
49859,20,1993-09-17,2.01,-140.94,SITE_052,2N140W,104.4653003943763,far_from_nominal
49860,20,1993-09-18,2.0,-140.95,SITE_052,2N140W,105.57097456235053,far_from_nominal
49861,20,1993-09-19,2.0,-140.95,SITE_052,2N140W,105.57097456235053,far_from_nominal
49862,20,1993-09-20,1.99,-140.95,SITE_052,2N140W,105.57715151128008,far_from_nominal
49863,20,1993-09-21,1.99,-140.95,SITE_052,2N140W,105.57715151128008,far_from_nominal
49864,20,1993-09-22,2.0,-140.96,SITE_052,2N140W,106.68224794729754,far_from_nominal
49865,20,1993-09-23,2.0,-140.95,SITE_052,2N140W,105.57097456235053,far_from_nominal
49866,20,1993-09-24,1.99,-140.95,SITE_052,2N140W,105.57715151128008,far_from_nominal
49867,20,1993-09-25,2.0,-140.95,SITE_052,2N140W,105.57097456235053,far_from_nominal
49868,20,1993-09-26,1.99,-140.95,SITE_052,2N140W,105.57715151128008,far_from_nominal
49869,20,1993-09-27,2.0,-140.95,SITE_052,2N140W,105.57097456235053,far_from_nominal
49870,20,1993-09-28,1.99,-140.95,SITE_052,2N140W,105.57715151128008,far_from_nominal
49871,20,1993-09-29,2.0,-140.95,SITE_052,2N140W,105.57097456235053,far_from_nominal
49872,20,1993-09-30,2.0,-140.96,SITE_052,2N140W,106.68224794729754,far_from_nominal
49873,20,1993-10-01,2.01,-140.95,SITE_052,2N140W,105.57650809572743,far_from_nominal
49874,20,1993-10-02,1.99,-140.96,SITE_052,2N140W,106.688367283157,far_from_nominal
49875,20,1993-10-03,1.99,-140.95,SITE_052,2N140W,105.57715151128008,far_from_nominal
49876,20,1993-10-04,1.97,-140.99,SITE_052,2N140W,110.06763083106945,far_from_nominal
49877,20,1993-10-05,1.97,-140.99,SITE_052,2N140W,110.06763083106945,far_from_nominal
49878,20,1993-10-06,1.96,-140.99,SITE_052,2N140W,110.10727182760571,far_from_nominal
49879,20,1993-10-07,1.96,-140.99,SITE_052,2N140W,110.10727182760571,far_from_nominal
49880,20,1993-10-08,1.96,-140.99,SITE_052,2N140W,110.10727182760571,far_from_nominal
49881,20,1993-10-09,1.96,-140.99,SITE_052,2N140W,110.10727182760571,far_from_nominal
49882,20,1993-10-10,1.97,-141.0,SITE_052,2N140W,111.1784089307818,far_from_nominal
49883,20,1993-10-11,1.97,-140.99,SITE_052,2N140W,110.06763083106945,far_from_nominal
49884,20,1993-10-12,1.97,-140.99,SITE_052,2N140W,110.06763083106945,far_from_nominal
49885,20,1993-10-13,1.98,-140.99,SITE_052,2N140W,110.0392113184348,far_from_nominal
49886,20,1993-10-14,1.96,-141.0,SITE_052,2N140W,111.21766067198489,far_from_nominal
49961,20,1993-12-28,2.07,-140.18,,,,unassigned_drifting
49962,20,1993-12-29,2.09,-140.32,,,,unassigned_drifting
49963,20,1993-12-30,2.11,-140.44,,,,unassigned_drifting
49964,20,1993-12-31,2.13,-140.55,SITE_052,2N140W,62.80377495640082,far_from_nominal
49965,20,1994-01-01,2.13,-140.6,SITE_052,2N140W,68.22272803984585,far_from_nominal
49966,20,1994-01-02,2.14,-140.62,SITE_052,2N140W,70.63279910925966,far_from_nominal
49967,20,1994-01-03,2.14,-140.62,SITE_052,2N140W,70.63279910925966,far_from_nominal
49968,20,1994-01-04,2.14,-140.62,SITE_052,2N140W,70.63279910925966,far_from_nominal
49969,20,1994-01-05,2.14,-140.63,SITE_052,2N140W,71.71711725378185,far_from_nominal
49970,20,1994-01-06,2.14,-140.62,SITE_052,2N140W,70.63279910925966,far_from_nominal
49971,20,1994-01-07,2.14,-140.63,SITE_052,2N140W,71.71711725378185,far_from_nominal
49972,20,1994-01-08,2.14,-140.62,SITE_052,2N140W,70.63279910925966,far_from_nominal
49973,20,1994-01-09,2.14,-140.62,SITE_052,2N140W,70.63279910925966,far_from_nominal
49974,20,1994-01-10,2.14,-140.63,SITE_052,2N140W,71.71711725378185,far_from_nominal
49975,20,1994-01-11,2.14,-140.62,SITE_052,2N140W,70.63279910925966,far_from_nominal
49976,20,1994-01-12,2.14,-140.62,SITE_052,2N140W,70.63279910925966,far_from_nominal
49977,20,1994-01-13,2.14,-140.62,SITE_052,2N140W,70.63279910925966,far_from_nominal
49978,20,1994-01-14,2.14,-140.63,SITE_052,2N140W,71.71711725378185,far_from_nominal
49979,20,1994-01-15,2.15,-140.63,SITE_052,2N140W,71.96645185946181,far_from_nominal
49980,20,1994-01-16,2.14,-140.62,SITE_052,2N140W,70.63279910925966,far_from_nominal
49981,20,1994-01-17,2.14,-140.62,SITE_052,2N140W,70.63279910925966,far_from_nominal
49982,20,1994-01-18,2.15,-140.62,SITE_052,2N140W,70.88595476090603,far_from_nominal
49983,20,1994-01-19,2.14,-140.62,SITE_052,2N140W,70.63279910925966,far_from_nominal
49984,20,1994-01-20,2.14,-140.62,SITE_052,2N140W,70.63279910925966,far_from_nominal
49985,20,1994-01-21,2.14,-140.62,SITE_052,2N140W,70.63279910925966,far_from_nominal
49986,20,1994-01-22,2.14,-140.62,SITE_052,2N140W,70.63279910925966,far_from_nominal
49987,20,1994-01-23,2.14,-140.62,SITE_052,2N140W,70.63279910925966,far_from_nominal
49988,20,1994-01-24,2.14,-140.62,SITE_052,2N140W,70.63279910925966,far_from_nominal
49989,20,1994-01-25,2.14,-140.62,SITE_052,2N140W,70.63279910925966,far_from_nominal
49990,20,1994-01-26,2.15,-140.62,SITE_052,2N140W,70.88595476090603,far_from_nominal
49991,20,1994-01-27,2.15,-140.62,SITE_052,2N140W,70.88595476090603,far_from_nominal
49992,20,1994-01-28,2.14,-140.62,SITE_052,2N140W,70.63279910925966,far_from_nominal
50488,20,1995-10-03,2.04,-140.13,,,,unassigned_drifting
50528,20,1995-11-12,2.13,-140.48,,,,unassigned_drifting
50529,20,1995-11-13,2.16,-140.57,SITE_052,2N140W,65.7906427063003,far_from_nominal
50530,20,1995-11-14,2.17,-140.58,SITE_052,2N140W,67.16536956934662,far_from_nominal
50531,20,1995-11-15,2.17,-140.58,SITE_052,2N140W,67.16536956934662,far_from_nominal
50532,20,1995-11-16,2.16,-140.58,SITE_052,2N140W,66.86113400171497,far_from_nominal
50533,20,1995-11-17,2.16,-140.58,SITE_052,2N140W,66.86113400171497,far_from_nominal
50534,20,1995-11-18,2.16,-140.59,SITE_052,2N140W,67.93293326600039,far_from_nominal
50535,20,1995-11-19,2.16,-140.58,SITE_052,2N140W,66.86113400171497,far_from_nominal
50536,20,1995-11-20,2.15,-140.58,SITE_052,2N140W,66.5740820095301,far_from_nominal
50537,20,1995-11-21,2.14,-140.58,SITE_052,2N140W,66.30443677187834,far_from_nominal
50538,20,1995-11-22,2.15,-140.58,SITE_052,2N140W,66.5740820095301,far_from_nominal
50539,20,1995-11-23,2.14,-140.56,SITE_052,2N140W,64.14623291471287,far_from_nominal
50540,20,1995-11-24,2.14,-140.57,SITE_052,2N140W,65.22479548195038,far_from_nominal
50541,20,1995-11-25,2.15,-140.55,SITE_052,2N140W,63.352244038665326,far_from_nominal
50542,20,1995-11-26,2.17,-140.55,SITE_052,2N140W,63.973359095285204,far_from_nominal
50543,20,1995-11-27,2.16,-140.55,SITE_052,2N140W,63.65384790159629,far_from_nominal
50544,20,1995-11-28,2.18,-140.55,SITE_052,2N140W,64.31051071558088,far_from_nominal
50545,20,1995-11-29,2.18,-140.55,SITE_052,2N140W,64.31051071558088,far_from_nominal
50546,20,1995-11-30,2.17,-140.55,SITE_052,2N140W,63.973359095285204,far_from_nominal
50547,20,1995-12-01,2.17,-140.55,SITE_052,2N140W,63.973359095285204,far_from_nominal
50548,20,1995-12-02,2.18,-140.55,SITE_052,2N140W,64.31051071558088,far_from_nominal
50549,20,1995-12-03,2.18,-140.55,SITE_052,2N140W,64.31051071558088,far_from_nominal
50550,20,1995-12-04,2.18,-140.54,SITE_052,2N140W,63.25543280659694,far_from_nominal
50551,20,1995-12-05,2.18,-140.56,SITE_052,2N140W,65.36744889845002,far_from_nominal
50552,20,1995-12-06,2.18,-140.57,SITE_052,2N140W,66.42615855611565,far_from_nominal
50553,20,1995-12-07,2.17,-140.57,SITE_052,2N140W,66.09981248285894,far_from_nominal
50554,20,1995-12-08,2.17,-140.58,SITE_052,2N140W,67.16536956934662,far_from_nominal
50555,20,1995-12-09,2.17,-140.59,SITE_052,2N140W,68.23238323892346,far_from_nominal
50556,20,1995-12-10,2.17,-140.58,SITE_052,2N140W,67.16536956934662,far_from_nominal
50557,20,1995-12-11,2.16,-140.57,SITE_052,2N140W,65.7906427063003,far_from_nominal
50558,20,1995-12-12,2.16,-140.58,SITE_052,2N140W,66.86113400171497,far_from_nominal
50559,20,1995-12-13,2.16,-140.58,SITE_052,2N140W,66.86113400171497,far_from_nominal
50560,20,1995-12-14,2.18,-140.66,SITE_052,2N140W,76.02201021130514,far_from_nominal
50561,20,1995-12-15,2.23,-140.8,,,,unassigned_drifting
50562,20,1995-12-16,2.27,-140.89,SITE_052,2N140W,103.35157564460174,far_from_nominal
50563,20,1995-12-17,2.28,-140.94,SITE_052,2N140W,108.99194840933002,far_from_nominal
50564,20,1995-12-18,2.28,-140.93,SITE_052,2N140W,107.92754247458805,far_from_nominal
50565,20,1995-12-19,2.27,-140.93,SITE_052,2N140W,107.612367258511,far_from_nominal
50566,20,1995-12-20,2.27,-140.93,SITE_052,2N140W,107.612367258511,far_from_nominal
50567,20,1995-12-21,2.27,-140.93,SITE_052,2N140W,107.612367258511,far_from_nominal
50568,20,1995-12-22,2.26,-140.93,SITE_052,2N140W,107.30778816851726,far_from_nominal
50569,20,1995-12-23,2.27,-140.93,SITE_052,2N140W,107.612367258511,far_from_nominal
50570,20,1995-12-24,2.26,-140.92,SITE_052,2N140W,106.2381164568409,far_from_nominal
50571,20,1995-12-25,2.26,-140.93,SITE_052,2N140W,107.30778816851726,far_from_nominal
50572,20,1995-12-26,2.26,-140.93,SITE_052,2N140W,107.30778816851726,far_from_nominal
50573,20,1995-12-27,2.26,-140.91,SITE_052,2N140W,105.16930551960866,far_from_nominal
50574,20,1995-12-28,2.25,-140.91,SITE_052,2N140W,104.86940585841069,far_from_nominal
50575,20,1995-12-29,2.26,-140.92,SITE_052,2N140W,106.2381164568409,far_from_nominal
50576,20,1995-12-30,2.26,-140.9,SITE_052,2N140W,104.10138186963391,far_from_nominal
50577,20,1995-12-31,2.28,-140.89,SITE_052,2N140W,103.67973286803527,far_from_nominal
50578,20,1996-01-01,2.29,-140.91,SITE_052,2N140W,106.13383253029137,far_from_nominal
50579,20,1996-01-02,2.23,-140.88,SITE_052,2N140W,101.07407715931974,far_from_nominal
50580,20,1996-01-03,2.3,-140.89,SITE_052,2N140W,104.36849456554285,far_from_nominal
50581,20,1996-01-04,2.28,-140.89,SITE_052,2N140W,103.67973286803527,far_from_nominal
50582,20,1996-01-05,2.29,-140.9,SITE_052,2N140W,105.07573341601204,far_from_nominal
50583,20,1996-01-06,2.28,-140.9,SITE_052,2N140W,104.74015341930811,far_from_nominal
50584,20,1996-01-07,2.29,-140.89,SITE_052,2N140W,104.01874108771216,far_from_nominal
50585,20,1996-01-08,2.29,-140.92,SITE_052,2N140W,107.19300565535968,far_from_nominal
50586,20,1996-01-09,2.29,-140.91,SITE_052,2N140W,106.13383253029137,far_from_nominal
50587,20,1996-01-10,2.29,-140.91,SITE_052,2N140W,106.13383253029137,far_from_nominal
50588,20,1996-01-11,2.29,-140.91,SITE_052,2N140W,106.13383253029137,far_from_nominal
50589,20,1996-01-12,2.29,-140.91,SITE_052,2N140W,106.13383253029137,far_from_nominal
50590,20,1996-01-13,2.29,-140.91,SITE_052,2N140W,106.13383253029137,far_from_nominal
50591,20,1996-01-14,2.29,-140.91,SITE_052,2N140W,106.13383253029137,far_from_nominal
50592,20,1996-01-15,2.29,-140.91,SITE_052,2N140W,106.13383253029137,far_from_nominal
50593,20,1996-01-16,2.29,-140.92,SITE_052,2N140W,107.19300565535968,far_from_nominal
50594,20,1996-01-17,2.29,-140.92,SITE_052,2N140W,107.19300565535968,far_from_nominal
50595,20,1996-01-18,2.29,-140.93,SITE_052,2N140W,108.25322126610972,far_from_nominal
50596,20,1996-01-19,2.28,-140.91,SITE_052,2N140W,105.80161569991668,far_from_nominal
50597,20,1996-01-20,2.28,-140.91,SITE_052,2N140W,105.80161569991668,far_from_nominal
50598,20,1996-01-21,2.28,-140.93,SITE_052,2N140W,107.92754247458805,far_from_nominal
50599,20,1996-01-22,2.28,-140.92,SITE_052,2N140W,106.86408866788375,far_from_nominal
50600,20,1996-01-23,2.27,-140.92,SITE_052,2N140W,106.54576054027856,far_from_nominal
50601,20,1996-01-24,2.27,-140.94,SITE_052,2N140W,108.67986711880481,far_from_nominal
50602,20,1996-01-25,2.27,-140.93,SITE_052,2N140W,107.612367258511,far_from_nominal
50603,20,1996-01-26,2.27,-140.92,SITE_052,2N140W,106.54576054027856,far_from_nominal
50604,20,1996-01-27,2.27,-140.93,SITE_052,2N140W,107.612367258511,far_from_nominal
50605,20,1996-01-28,2.27,-140.92,SITE_052,2N140W,106.54576054027856,far_from_nominal
50606,20,1996-01-29,2.27,-140.92,SITE_052,2N140W,106.54576054027856,far_from_nominal
50607,20,1996-01-30,2.27,-140.92,SITE_052,2N140W,106.54576054027856,far_from_nominal
50608,20,1996-01-31,2.27,-140.92,SITE_052,2N140W,106.54576054027856,far_from_nominal
50609,20,1996-02-01,2.27,-140.93,SITE_052,2N140W,107.612367258511,far_from_nominal
50610,20,1996-02-02,2.27,-140.92,SITE_052,2N140W,106.54576054027856,far_from_nominal
50611,20,1996-02-03,2.27,-140.92,SITE_052,2N140W,106.54576054027856,far_from_nominal
50612,20,1996-02-04,2.27,-140.92,SITE_052,2N140W,106.54576054027856,far_from_nominal
50613,20,1996-02-05,2.27,-140.92,SITE_052,2N140W,106.54576054027856,far_from_nominal
50614,20,1996-02-06,2.28,-140.92,SITE_052,2N140W,106.86408866788375,far_from_nominal
50615,20,1996-02-07,2.28,-140.92,SITE_052,2N140W,106.86408866788375,far_from_nominal
50616,20,1996-02-08,2.28,-140.91,SITE_052,2N140W,105.80161569991668,far_from_nominal
50617,20,1996-02-09,2.29,-140.92,SITE_052,2N140W,107.19300565535968,far_from_nominal
50618,20,1996-02-10,2.28,-140.92,SITE_052,2N140W,106.86408866788375,far_from_nominal
50619,20,1996-02-11,2.29,-140.92,SITE_052,2N140W,107.19300565535968,far_from_nominal
50620,20,1996-02-12,2.29,-140.92,SITE_052,2N140W,107.19300565535968,far_from_nominal
50621,20,1996-02-13,2.28,-140.93,SITE_052,2N140W,107.92754247458805,far_from_nominal
50622,20,1996-02-14,2.28,-140.93,SITE_052,2N140W,107.92754247458805,far_from_nominal
50623,20,1996-02-15,2.29,-140.92,SITE_052,2N140W,107.19300565535968,far_from_nominal
50624,20,1996-02-16,2.27,-140.92,SITE_052,2N140W,106.54576054027856,far_from_nominal
50625,20,1996-02-17,2.29,-140.92,SITE_052,2N140W,107.19300565535968,far_from_nominal
50626,20,1996-02-18,2.29,-140.93,SITE_052,2N140W,108.25322126610972,far_from_nominal
50627,20,1996-02-19,2.58,-141.32,,,,unassigned_noise
52001,21,1994-03-03,3.49,147.75,,,,unassigned_noise
52002,21,1994-03-04,3.49,147.75,,,,unassigned_noise
54493,22,1997-04-28,1.85,-154.71,,,,unassigned_drifting
54494,22,1997-04-29,2.0,-154.61,,,,unassigned_drifting
54495,22,1997-04-30,2.11,-154.5,,,,unassigned_drifting
54496,22,1997-05-01,2.32,-154.34,,,,unassigned_drifting
54497,22,1997-05-02,2.54,-154.05,,,,unassigned_drifting
54498,22,1997-05-03,2.61,-153.93,,,,unassigned_drifting
54499,22,1997-05-04,2.68,-153.67,,,,unassigned_drifting
54500,22,1997-05-05,2.69,-153.44,,,,unassigned_drifting
54501,22,1997-05-06,2.65,-153.21,,,,unassigned_drifting
54502,22,1997-05-07,2.64,-153.09,,,,unassigned_drifting
54503,22,1997-05-08,2.6,-152.81,,,,unassigned_drifting
54504,22,1997-05-09,2.61,-152.6,,,,unassigned_noise
54505,22,1997-05-10,2.61,-152.53,,,,unassigned_noise
54506,22,1997-05-11,2.62,-152.41,,,,unassigned_drifting
55590,23,1994-02-17,2.07,155.77,,,,unassigned_drifting
55591,23,1994-02-18,2.28,154.91,,,,unassigned_drifting
55592,23,1994-02-19,2.39,154.62,,,,unassigned_drifting
55593,23,1994-02-20,2.26,154.46,,,,unassigned_drifting
55594,23,1994-02-21,2.02,154.43,,,,unassigned_drifting
55595,23,1994-02-22,1.64,154.52,,,,unassigned_drifting
55596,23,1994-02-23,1.19,154.53,,,,unassigned_drifting
55597,23,1994-02-24,0.76,154.46,,,,unassigned_drifting
55598,23,1994-02-25,0.58,154.42,,,,unassigned_drifting
55599,23,1994-02-26,0.86,154.37,,,,unassigned_drifting
55600,23,1994-02-27,1.2,154.24,,,,unassigned_drifting
55601,23,1994-02-28,1.51,153.89,,,,unassigned_drifting
55602,23,1994-03-01,1.8,153.4,,,,unassigned_drifting
55603,23,1994-03-02,2.11,152.88,,,,unassigned_drifting
55604,23,1994-03-03,2.44,152.4,,,,unassigned_drifting
55605,23,1994-03-04,2.68,152.07,,,,unassigned_drifting
55606,23,1994-03-05,2.75,151.82,,,,unassigned_drifting
55607,23,1994-03-06,2.81,151.55,,,,unassigned_drifting
55608,23,1994-03-07,2.88,151.21,,,,unassigned_drifting
56131,23,1996-03-10,2.03,155.93,,,,unassigned_drifting
56136,23,1996-03-15,2.31,155.73,,,,unassigned_noise
56137,23,1996-03-16,2.33,155.72,,,,unassigned_noise
56138,23,1996-03-17,2.35,155.67,,,,unassigned_noise
56139,23,1996-03-18,2.34,155.62,,,,unassigned_noise
56140,23,1996-03-19,2.36,155.52,,,,unassigned_drifting
56141,23,1996-03-20,2.46,155.46,,,,unassigned_drifting
56142,23,1996-03-21,2.56,155.4,,,,unassigned_drifting
56143,23,1996-03-22,2.66,155.39,,,,unassigned_drifting
56144,23,1996-03-23,2.79,155.4,,,,unassigned_drifting
56145,23,1996-03-24,2.87,155.45,,,,unassigned_noise
56146,23,1996-03-25,2.89,155.48,,,,unassigned_noise
56147,23,1996-03-26,2.92,155.52,,,,unassigned_noise
56148,23,1996-03-27,2.93,155.52,,,,unassigned_noise
56149,23,1996-03-28,2.98,155.5,,,,unassigned_noise
56374,23,1997-03-12,2.0,156.19,,,,unassigned_drifting
56375,23,1997-03-13,1.95,156.54,,,,unassigned_drifting
56376,23,1997-03-14,2.02,157.0,,,,unassigned_drifting
56377,23,1997-03-15,1.97,157.43,,,,unassigned_drifting
56378,23,1997-03-16,1.83,157.96,,,,unassigned_drifting
56379,23,1997-03-17,1.81,158.12,,,,unassigned_noise
56380,23,1997-03-18,1.81,158.18,,,,unassigned_noise
56381,23,1997-03-19,1.8,158.22,,,,unassigned_noise
56382,23,1997-03-20,1.79,158.26,,,,unassigned_noise
56383,23,1997-03-21,1.79,158.34,,,,unassigned_noise
56384,23,1997-03-22,1.79,158.42,,,,unassigned_noise
56385,23,1997-03-23,1.78,158.45,,,,unassigned_noise
56386,23,1997-03-24,1.78,158.65,,,,unassigned_drifting
56387,23,1997-03-25,1.76,158.76,,,,unassigned_drifting
56388,23,1997-03-26,1.74,158.9,,,,unassigned_drifting
56389,23,1997-03-27,1.73,159.04,,,,unassigned_noise
56390,23,1997-03-28,1.73,158.96,,,,unassigned_noise
56391,23,1997-03-29,1.75,159.07,,,,unassigned_drifting
56392,23,1997-03-30,1.75,159.19,,,,unassigned_drifting
56393,23,1997-03-31,1.78,159.4,,,,unassigned_drifting
56394,23,1997-04-01,1.75,159.64,,,,unassigned_drifting
56395,23,1997-04-02,1.76,159.87,,,,unassigned_drifting
56396,23,1997-04-03,1.75,159.99,,,,unassigned_drifting
56397,23,1997-04-04,1.74,160.14,,,,unassigned_drifting
56398,23,1997-04-05,1.71,160.26,,,,unassigned_noise
56399,23,1997-04-06,1.73,160.3,,,,unassigned_noise
56400,23,1997-04-07,1.76,160.37,,,,unassigned_noise
56401,23,1997-04-08,1.78,160.43,,,,unassigned_noise
56402,23,1997-04-09,1.81,160.54,,,,unassigned_noise
56403,23,1997-04-10,1.82,160.6,,,,unassigned_noise
56404,23,1997-04-11,1.88,160.76,,,,unassigned_drifting
56405,23,1997-04-12,1.9,160.87,,,,unassigned_drifting
56406,23,1997-04-13,1.83,161.05,,,,unassigned_noise
56407,23,1997-04-14,1.83,161.05,,,,unassigned_noise
59530,25,1989-06-21,2.02,164.97,,,,unassigned_drifting
59531,25,1989-06-22,2.04,165.15,,,,unassigned_drifting
59532,25,1989-06-23,2.05,165.36,,,,unassigned_drifting
59533,25,1989-06-24,2.13,165.55,,,,unassigned_drifting
59534,25,1989-06-25,2.01,165.82,,,,unassigned_drifting
59535,25,1989-06-26,1.77,165.96,,,,unassigned_noise
59536,25,1989-06-27,1.77,166.0,,,,unassigned_noise
59537,25,1989-06-28,1.77,166.04,,,,unassigned_noise
59538,25,1989-06-29,1.59,166.15,,,,unassigned_drifting
59539,25,1989-06-30,1.41,166.13,,,,unassigned_drifting
59540,25,1989-07-01,1.46,166.02,,,,unassigned_drifting
59541,25,1989-07-02,1.53,165.83,,,,unassigned_drifting
59542,25,1989-07-03,1.57,165.51,,,,unassigned_drifting
59543,25,1989-07-04,1.68,165.17,,,,unassigned_drifting
59544,25,1989-07-05,1.8,164.87,,,,unassigned_drifting
59545,25,1989-07-06,1.86,164.61,,,,unassigned_drifting
59546,25,1989-07-07,2.0,164.39,,,,unassigned_drifting
59547,25,1989-07-08,2.13,164.22,,,,unassigned_noise
63758,26,1995-10-22,2.0,-170.26,,,,unassigned_drifting
63759,26,1995-10-23,2.05,-170.69,,,,unassigned_drifting
63760,26,1995-10-24,2.11,-171.14,,,,unassigned_drifting
63761,26,1995-10-25,2.19,-171.57,,,,unassigned_drifting
63762,26,1995-10-26,2.25,-172.01,,,,unassigned_drifting
63763,26,1995-10-27,2.34,-172.41,,,,unassigned_drifting
63764,26,1995-10-28,2.39,-172.79,,,,unassigned_drifting
63765,26,1995-10-29,2.47,-173.2,,,,unassigned_drifting
63766,26,1995-10-30,2.62,-173.6,,,,unassigned_drifting
63767,26,1995-10-31,2.78,-173.98,,,,unassigned_drifting
63768,26,1995-11-01,2.91,-174.3,,,,unassigned_drifting
64935,27,1993-11-30,2.0,-180.0,,,,unassigned_drifting
66566,28,1993-02-22,2.16,-95.46,SITE_055,2N95W,54.12369743096815,far_from_nominal
66567,28,1993-02-23,2.16,-95.47,SITE_055,2N95W,55.1743734652579,far_from_nominal
66568,28,1993-02-24,2.16,-95.47,SITE_055,2N95W,55.1743734652579,far_from_nominal
66569,28,1993-02-25,2.16,-95.46,SITE_055,2N95W,54.12369743096815,far_from_nominal
66570,28,1993-02-26,2.16,-95.45,SITE_055,2N95W,53.07548746659868,far_from_nominal
66571,28,1993-02-27,2.15,-95.45,SITE_055,2N95W,52.71331830172165,far_from_nominal
66572,28,1993-02-28,2.14,-95.46,SITE_055,2N95W,53.43427732687425,far_from_nominal
66573,28,1993-03-01,2.13,-95.46,SITE_055,2N95W,53.12113423608836,far_from_nominal
66574,28,1993-03-02,2.13,-95.46,SITE_055,2N95W,53.12113423608836,far_from_nominal
67050,28,1995-02-09,1.96,-95.33,,,,unassigned_drifting
67051,28,1995-02-10,2.06,-95.56,,,,unassigned_drifting
67052,28,1995-02-11,2.2,-95.81,,,,unassigned_drifting
67053,28,1995-02-12,2.31,-96.0,,,,unassigned_drifting
67054,28,1995-02-13,2.42,-96.19,,,,unassigned_drifting
67361,28,1996-05-21,2.24,-95.73,,,,unassigned_drifting
67362,28,1996-05-22,2.36,-95.99,,,,unassigned_drifting
67363,28,1996-05-23,2.45,-96.22,,,,unassigned_drifting
67364,28,1996-05-24,2.47,-96.45,,,,unassigned_drifting
67365,28,1996-05-25,2.47,-96.71,,,,unassigned_drifting
67366,28,1996-05-26,2.46,-97.0,,,,unassigned_drifting
67367,28,1996-05-27,2.52,-97.31,,,,unassigned_drifting
67368,28,1996-05-28,2.62,-97.59,,,,unassigned_drifting
67369,28,1996-05-29,2.74,-97.83,,,,unassigned_drifting
67370,28,1996-05-30,2.83,-98.06,,,,unassigned_drifting
67371,28,1996-05-31,2.93,-98.29,,,,unassigned_noise
67532,28,1997-03-31,1.85,-94.82,,,,unassigned_drifting
67533,28,1997-04-01,1.88,-94.99,,,,unassigned_drifting
67534,28,1997-04-02,1.93,-95.2,,,,unassigned_drifting
67535,28,1997-04-03,2.01,-95.44,,,,unassigned_drifting
67536,28,1997-04-04,2.09,-95.65,,,,unassigned_drifting
67537,28,1997-04-05,2.15,-95.78,,,,unassigned_drifting
67538,28,1997-04-06,2.2,-95.89,,,,unassigned_drifting
67539,28,1997-04-07,2.26,-95.97,,,,unassigned_noise
67540,28,1997-04-08,2.29,-96.02,,,,unassigned_noise
67541,28,1997-04-09,2.3,-96.04,,,,unassigned_noise
67542,28,1997-04-10,2.36,-96.13,,,,unassigned_drifting
67543,28,1997-04-11,2.43,-96.21,,,,unassigned_noise
67544,28,1997-04-12,2.42,-96.25,,,,unassigned_noise
67545,28,1997-04-13,2.43,-96.25,,,,unassigned_noise
67546,28,1997-04-14,2.42,-96.31,,,,unassigned_noise
67547,28,1997-04-15,2.42,-96.31,,,,unassigned_noise
67548,28,1997-04-16,2.42,-96.32,,,,unassigned_noise
67549,28,1997-04-17,2.43,-96.31,,,,unassigned_noise
67550,28,1997-04-18,2.43,-96.3,,,,unassigned_noise
67551,28,1997-04-19,2.44,-96.29,,,,unassigned_noise
67552,28,1997-04-20,2.43,-96.29,,,,unassigned_noise
67553,28,1997-04-21,2.43,-96.29,,,,unassigned_noise
67554,28,1997-04-22,2.42,-96.29,,,,unassigned_noise
67555,28,1997-04-23,2.42,-96.29,,,,unassigned_noise
67556,28,1997-04-24,2.43,-96.3,,,,unassigned_noise
67557,28,1997-04-25,2.43,-96.3,,,,unassigned_noise
67558,28,1997-04-26,2.42,-96.3,,,,unassigned_noise
67559,28,1997-04-27,2.42,-96.29,,,,unassigned_noise
67560,28,1997-04-28,2.44,-96.3,,,,unassigned_noise
67561,28,1997-04-29,2.44,-96.3,,,,unassigned_noise
67562,28,1997-04-30,2.43,-96.29,,,,unassigned_noise
67563,28,1997-05-01,2.43,-96.3,,,,unassigned_noise
67564,28,1997-05-02,2.43,-96.31,,,,unassigned_noise
67565,28,1997-05-03,2.43,-96.31,,,,unassigned_noise
67566,28,1997-05-04,2.44,-96.33,,,,unassigned_noise
67567,28,1997-05-05,2.47,-96.39,,,,unassigned_noise
67568,28,1997-05-06,2.53,-96.45,,,,unassigned_noise
69141,29,1989-11-26,-1.96,-110.46,SITE_023,2S110W,51.31233010964658,far_from_nominal
69142,29,1989-11-27,-1.94,-110.47,SITE_023,2S110W,52.65517785919033,far_from_nominal
69143,29,1989-11-28,-1.92,-110.49,SITE_023,2S110W,55.17552087546651,far_from_nominal
69144,29,1989-11-29,-1.88,-110.5,SITE_023,2S110W,57.14533616538009,far_from_nominal
69145,29,1989-11-30,-1.86,-110.54,SITE_023,2S110W,61.997525489631094,far_from_nominal
69146,29,1989-12-01,-1.86,-110.56,SITE_023,2S110W,64.15138427563467,far_from_nominal
69147,29,1989-12-02,-1.87,-110.58,SITE_023,2S110W,66.05739458368063,far_from_nominal
69148,29,1989-12-03,-1.87,-110.6,SITE_023,2S110W,68.2278911017543,far_from_nominal
69149,29,1989-12-04,-1.88,-110.63,SITE_023,2S110W,71.27292341381182,far_from_nominal
69150,29,1989-12-05,-1.9,-110.65,SITE_023,2S110W,73.08576882189493,far_from_nominal
69151,29,1989-12-06,-1.93,-110.65,SITE_023,2S110W,72.65245171846607,far_from_nominal
69152,29,1989-12-07,-1.96,-110.64,SITE_023,2S110W,71.26130154269708,far_from_nominal
69153,29,1989-12-08,-2.03,-110.64,SITE_023,2S110W,71.19903516188046,far_from_nominal
69154,29,1989-12-09,-2.06,-110.62,SITE_023,2S110W,69.21995341578759,far_from_nominal
69155,29,1989-12-10,-2.1,-110.6,SITE_023,2S110W,67.59519981712012,far_from_nominal
69156,29,1989-12-11,-2.12,-110.59,SITE_023,2S110W,66.90674434986653,far_from_nominal
69157,29,1989-12-12,-2.14,-110.58,SITE_023,2S110W,66.30443677187698,far_from_nominal
69158,29,1989-12-13,-2.16,-110.61,SITE_023,2S110W,70.0802155809804,far_from_nominal
69159,29,1989-12-14,-2.19,-110.64,SITE_023,2S110W,74.18905734734136,far_from_nominal
69160,29,1989-12-15,-2.22,-110.68,SITE_023,2S110W,79.42260727535007,far_from_nominal
69161,29,1989-12-16,-2.26,-110.71,SITE_023,2S110W,84.02425677244334,far_from_nominal
69162,29,1989-12-17,-2.27,-110.71,SITE_023,2S110W,84.41306454926878,far_from_nominal
69163,29,1989-12-18,-2.28,-110.72,SITE_023,2S110W,85.84923526963372,far_from_nominal
69164,29,1989-12-19,-2.28,-110.72,SITE_023,2S110W,85.84923526963372,far_from_nominal
69165,29,1989-12-20,-2.29,-110.69,SITE_023,2S110W,83.17600157363168,far_from_nominal
69166,29,1989-12-21,-2.28,-110.72,SITE_023,2S110W,85.84923526963372,far_from_nominal
69167,29,1989-12-22,-2.28,-110.72,SITE_023,2S110W,85.84923526963372,far_from_nominal
69168,29,1989-12-23,-2.28,-110.71,SITE_023,2S110W,84.8146682466302,far_from_nominal
69169,29,1989-12-24,-2.27,-110.71,SITE_023,2S110W,84.41306454926878,far_from_nominal
69170,29,1989-12-25,-2.23,-110.71,SITE_023,2S110W,82.93637899827874,far_from_nominal
69171,29,1989-12-26,-2.21,-110.74,SITE_023,2S110W,85.48006166858184,far_from_nominal
69172,29,1989-12-27,-2.23,-110.75,SITE_023,2S110W,87.17531926355494,far_from_nominal
69173,29,1989-12-28,-2.25,-110.73,SITE_023,2S110W,85.74766302908435,far_from_nominal
69174,29,1989-12-29,-2.27,-110.69,SITE_023,2S110W,82.33981370132499,far_from_nominal
69175,29,1989-12-30,-2.32,-110.66,SITE_023,2S110W,81.51290082071199,far_from_nominal
69176,29,1989-12-31,-2.31,-110.58,SITE_023,2S110W,73.08685302901736,far_from_nominal
69177,29,1990-01-01,-2.28,-110.51,SITE_023,2S110W,64.65941816900673,far_from_nominal
69178,29,1990-01-02,-2.29,-110.44,SITE_023,2S110W,58.568082821068266,far_from_nominal
69179,29,1990-01-03,-2.33,-110.4,SITE_023,2S110W,57.63630645287157,far_from_nominal
69180,29,1990-01-04,-2.34,-110.3,SITE_023,2S110W,50.403479969660424,far_from_nominal
69214,29,1990-02-07,-2.17,-110.45,SITE_023,2S110W,53.458335473940664,far_from_nominal
69215,29,1990-02-08,-2.15,-110.49,SITE_023,2S110W,56.9471999059182,far_from_nominal
69216,29,1990-02-09,-2.14,-110.52,SITE_023,2S110W,59.84393551392997,far_from_nominal
69217,29,1990-02-10,-2.15,-110.58,SITE_023,2S110W,66.57408200952874,far_from_nominal
69218,29,1990-02-11,-2.14,-110.63,SITE_023,2S110W,71.71711725378046,far_from_nominal
69219,29,1990-02-12,-2.15,-110.68,SITE_023,2S110W,77.38199165261629,far_from_nominal
69220,29,1990-02-13,-2.2,-110.75,SITE_023,2S110W,86.25643361749243,far_from_nominal
69221,29,1990-02-14,-2.24,-110.79,SITE_023,2S110W,91.75076756480782,far_from_nominal
69222,29,1990-02-15,-2.29,-110.84,SITE_023,2S110W,98.75162382887098,far_from_nominal
69223,29,1990-02-16,-2.34,-110.88,SITE_023,2S110W,104.83564045212323,far_from_nominal
69224,29,1990-02-17,-2.36,-110.96,SITE_023,2S110W,113.93363968316223,far_from_nominal
69225,29,1990-02-18,-2.38,-110.98,SITE_023,2S110W,116.80216184684758,far_from_nominal
69226,29,1990-02-19,-2.4,-111.03,SITE_023,2S110W,122.78536516552226,far_from_nominal
69227,29,1990-02-20,-2.45,-111.07,SITE_023,2S110W,128.98956906840598,far_from_nominal
69228,29,1990-02-21,-2.47,-111.06,SITE_023,2S110W,128.85129257156981,far_from_nominal
69229,29,1990-02-22,-2.51,-111.12,SITE_023,2S110W,136.75410851772511,far_from_nominal
69230,29,1990-02-23,-2.55,-111.14,SITE_023,2S110W,140.6537362681277,far_from_nominal
69231,29,1990-02-24,-2.57,-111.14,SITE_023,2S110W,141.6340450919688,far_from_nominal
69232,29,1990-02-25,-2.57,-111.14,SITE_023,2S110W,141.6340450919688,far_from_nominal
69233,29,1990-02-26,-2.57,-111.17,SITE_023,2S110W,144.6225523230368,far_from_nominal
69234,29,1990-02-27,-2.58,-111.17,SITE_023,2S110W,145.1128865435815,far_from_nominal
69235,29,1990-02-28,-2.57,-111.15,SITE_023,2S110W,142.62851672295187,far_from_nominal
69236,29,1990-03-01,-2.53,-111.15,SITE_023,2S110W,140.71010520956955,far_from_nominal
69237,29,1990-03-02,-2.51,-111.16,SITE_023,2S110W,140.810373112179,far_from_nominal
69238,29,1990-03-03,-2.45,-111.18,SITE_023,2S110W,140.33479927598881,far_from_nominal
69239,29,1990-03-04,-2.43,-111.19,SITE_023,2S110W,140.60255900396123,far_from_nominal
69240,29,1990-03-05,-2.42,-111.22,SITE_023,2S110W,143.37612459346192,far_from_nominal
69241,29,1990-03-06,-2.34,-111.23,SITE_023,2S110W,141.8043082503601,far_from_nominal
69242,29,1990-03-07,-2.37,-111.26,SITE_023,2S110W,145.92364820626517,far_from_nominal
69243,29,1990-03-08,-2.39,-111.27,SITE_023,2S110W,147.6270223359596,far_from_nominal
69244,29,1990-03-09,-2.41,-111.26,SITE_023,2S110W,147.23769418914898,far_from_nominal
69245,29,1990-03-10,-2.42,-111.23,SITE_023,2S110W,144.42710174112855,far_from_nominal
69246,29,1990-03-11,-2.4,-111.19,SITE_023,2S110W,139.5047360125086,far_from_nominal
69247,29,1990-03-12,-2.39,-111.16,SITE_023,2S110W,135.9912109108677,far_from_nominal
69248,29,1990-03-13,-2.38,-111.15,SITE_023,2S110W,134.58573483422902,far_from_nominal
69249,29,1990-03-14,-2.37,-111.14,SITE_023,2S110W,133.1839648066249,far_from_nominal
69250,29,1990-03-15,-2.38,-111.13,SITE_023,2S110W,132.47766337756417,far_from_nominal
69251,29,1990-03-16,-2.35,-111.11,SITE_023,2S110W,129.33194670684077,far_from_nominal
69252,29,1990-03-17,-2.34,-111.09,SITE_023,2S110W,126.87904584779564,far_from_nominal
69253,29,1990-03-18,-2.32,-111.09,SITE_023,2S110W,126.23502457678575,far_from_nominal
69254,29,1990-03-19,-2.32,-111.07,SITE_023,2S110W,124.10439918801802,far_from_nominal
69255,29,1990-03-20,-2.31,-111.08,SITE_023,2S110W,124.85815399298683,far_from_nominal
69256,29,1990-03-21,-2.32,-111.08,SITE_023,2S110W,125.16931328894147,far_from_nominal
69257,29,1990-03-22,-2.35,-111.06,SITE_023,2S110W,124.0449816446763,far_from_nominal
69258,29,1990-03-23,-2.34,-111.06,SITE_023,2S110W,123.7010015265487,far_from_nominal
69259,29,1990-03-24,-2.35,-111.07,SITE_023,2S110W,125.10051105674243,far_from_nominal
69260,29,1990-03-25,-2.34,-111.07,SITE_023,2S110W,124.7594483863845,far_from_nominal
69261,29,1990-03-26,-2.36,-111.06,SITE_023,2S110W,124.3979491437199,far_from_nominal
69262,29,1990-03-27,-2.36,-111.04,SITE_023,2S110W,122.29595411495461,far_from_nominal
69263,29,1990-03-28,-2.35,-111.03,SITE_023,2S110W,120.88437483597586,far_from_nominal
69264,29,1990-03-29,-2.37,-111.06,SITE_023,2S110W,124.75982774305714,far_from_nominal
69265,29,1990-03-30,-2.4,-111.07,SITE_023,2S110W,126.93823743110744,far_from_nominal
69266,29,1990-03-31,-2.43,-111.05,SITE_023,2S110W,126.08501662667966,far_from_nominal
69267,29,1990-04-01,-2.44,-111.01,SITE_023,2S110W,122.42392735213863,far_from_nominal
69268,29,1990-04-02,-2.38,-110.99,SITE_023,2S110W,117.8387288842369,far_from_nominal
69269,29,1990-04-03,-2.41,-110.99,SITE_023,2S110W,119.07455892098754,far_from_nominal
69270,29,1990-04-04,-2.39,-111.01,SITE_023,2S110W,120.31182247988293,far_from_nominal
69271,29,1990-04-05,-2.42,-111.0,SITE_023,2S110W,120.52789781928719,far_from_nominal
69272,29,1990-04-06,-2.42,-110.97,SITE_023,2S110W,117.46204186613095,far_from_nominal
69273,29,1990-04-07,-2.44,-111.0,SITE_023,2S110W,121.40621399296907,far_from_nominal
69274,29,1990-04-08,-2.44,-110.99,SITE_023,2S110W,120.3901522123291,far_from_nominal
69275,29,1990-04-09,-2.44,-110.96,SITE_023,2S110W,117.35230498598457,far_from_nominal
69276,29,1990-04-10,-2.45,-110.98,SITE_023,2S110W,119.83546019878396,far_from_nominal
69277,29,1990-04-11,-2.43,-110.98,SITE_023,2S110W,118.92472747720588,far_from_nominal
69278,29,1990-04-12,-2.4,-110.98,SITE_023,2S110W,117.62425534108527,far_from_nominal
69279,29,1990-04-13,-2.37,-111.01,SITE_023,2S110W,119.52894870207027,far_from_nominal
69280,29,1990-04-14,-2.35,-111.04,SITE_023,2S110W,121.9368876822363,far_from_nominal
69281,29,1990-04-15,-2.35,-111.09,SITE_023,2S110W,127.21441174144887,far_from_nominal
69282,29,1990-04-16,-2.35,-111.12,SITE_023,2S110W,130.3920217254637,far_from_nominal
69283,29,1990-04-17,-2.34,-111.12,SITE_023,2S110W,130.0648707927691,far_from_nominal
69284,29,1990-04-18,-2.34,-111.14,SITE_023,2S110W,132.19279891917634,far_from_nominal
69285,29,1990-04-19,-2.35,-111.14,SITE_023,2S110W,132.51468223568355,far_from_nominal
69286,29,1990-04-20,-2.32,-111.14,SITE_023,2S110W,131.5748603340385,far_from_nominal
69287,29,1990-04-21,-2.27,-111.13,SITE_023,2S110W,129.1024874789606,far_from_nominal
69288,29,1990-04-22,-2.22,-111.15,SITE_023,2S110W,130.1080117417704,far_from_nominal
69289,29,1990-04-23,-2.19,-111.15,SITE_023,2S110W,129.52348163172127,far_from_nominal
69290,29,1990-04-24,-2.12,-111.18,SITE_023,2S110W,131.8025395335021,far_from_nominal
69291,29,1990-04-25,-2.09,-111.21,SITE_023,2S110W,134.832243619301,far_from_nominal
69292,29,1990-04-26,-2.06,-111.24,SITE_023,2S110W,137.9567764579155,far_from_nominal
69293,29,1990-04-27,-2.06,-111.26,SITE_023,2S110W,140.1767228313753,far_from_nominal
69294,29,1990-04-28,-2.03,-111.27,SITE_023,2S110W,141.16984427723318,far_from_nominal
69295,29,1990-04-29,-2.09,-111.3,SITE_023,2S110W,144.80774190207103,far_from_nominal
69296,29,1990-04-30,-2.09,-111.31,SITE_023,2S110W,145.91634764215104,far_from_nominal
69297,29,1990-05-01,-2.07,-111.3,SITE_023,2S110W,144.671964809858,far_from_nominal
69298,29,1990-05-02,-2.04,-111.29,SITE_023,2S110W,143.42149433815808,far_from_nominal
69299,29,1990-05-03,-2.03,-111.3,SITE_023,2S110W,144.50272426575341,far_from_nominal
69300,29,1990-05-04,-2.01,-111.3,SITE_023,2S110W,144.46938067056553,far_from_nominal
69301,29,1990-05-05,-1.98,-111.31,SITE_023,2S110W,145.5946856701244,far_from_nominal
69302,29,1990-05-06,-1.96,-111.32,SITE_023,2S110W,146.7572810237625,far_from_nominal
69303,29,1990-05-07,-1.96,-111.33,SITE_023,2S110W,147.86806116777575,far_from_nominal
69304,29,1990-05-08,-1.97,-111.35,SITE_023,2S110W,150.06035652422577,far_from_nominal
69305,29,1990-05-09,-1.97,-111.35,SITE_023,2S110W,150.06035652422577,far_from_nominal
69306,29,1990-05-10,-1.97,-111.35,SITE_023,2S110W,150.06035652422577,far_from_nominal
69307,29,1990-05-11,-1.97,-111.35,SITE_023,2S110W,150.06035652422577,far_from_nominal
69308,29,1990-05-12,-1.98,-111.37,SITE_023,2S110W,152.26162240075612,far_from_nominal
69309,29,1990-05-13,-1.98,-111.37,SITE_023,2S110W,152.26162240075612,far_from_nominal
69312,29,1990-05-16,-2.0,-111.39,SITE_023,2S110W,154.46700242716523,far_from_nominal
69313,29,1990-05-17,-2.0,-111.39,SITE_023,2S110W,154.46700242716523,far_from_nominal
69314,29,1990-05-18,-2.0,-111.39,SITE_023,2S110W,154.46700242716523,far_from_nominal
69315,29,1990-05-19,-2.0,-111.38,SITE_023,2S110W,153.35572909408415,far_from_nominal
69316,29,1990-05-20,-2.0,-111.38,SITE_023,2S110W,153.35572909408415,far_from_nominal
69317,29,1990-05-21,-2.0,-111.38,SITE_023,2S110W,153.35572909408415,far_from_nominal
69318,29,1990-05-22,-1.99,-111.39,SITE_023,2S110W,154.4714745870527,far_from_nominal
69319,29,1990-05-23,-2.0,-111.39,SITE_023,2S110W,154.46700242716523,far_from_nominal
69320,29,1990-05-24,-2.01,-111.39,SITE_023,2S110W,154.47053311611924,far_from_nominal
69321,29,1990-05-25,-2.03,-111.38,SITE_023,2S110W,153.39059740861927,far_from_nominal
69322,29,1990-05-26,-2.04,-111.36,SITE_023,2S110W,151.1967631679553,far_from_nominal
69323,29,1990-05-27,-2.04,-111.35,SITE_023,2S110W,150.08598796330313,far_from_nominal
69324,29,1990-05-28,-2.02,-111.35,SITE_023,2S110W,150.03747421968487,far_from_nominal
69325,29,1990-05-29,-2.01,-111.34,SITE_023,2S110W,148.91433273230342,far_from_nominal
69326,29,1990-05-30,-1.99,-111.34,SITE_023,2S110W,148.91524033244903,far_from_nominal
69327,29,1990-05-31,-1.99,-111.35,SITE_023,2S110W,150.0264863012666,far_from_nominal
69328,29,1990-06-01,-2.0,-111.35,SITE_023,2S110W,150.02190908635015,far_from_nominal
69329,29,1990-06-02,-2.02,-111.35,SITE_023,2S110W,150.03747421968487,far_from_nominal
69330,29,1990-06-03,-2.04,-111.35,SITE_023,2S110W,150.08598796330313,far_from_nominal
69331,29,1990-06-04,-2.06,-111.34,SITE_023,2S110W,149.0572710318568,far_from_nominal
69332,29,1990-06-05,-2.09,-111.31,SITE_023,2S110W,145.91634764215104,far_from_nominal
69333,29,1990-06-06,-2.08,-111.28,SITE_023,2S110W,142.51737406225269,far_from_nominal
69334,29,1990-06-07,-2.08,-111.26,SITE_023,2S110W,140.2992844649494,far_from_nominal
69335,29,1990-06-08,-2.07,-111.25,SITE_023,2S110W,139.12408672877675,far_from_nominal
69336,29,1990-06-09,-2.04,-111.24,SITE_023,2S110W,137.86797599297896,far_from_nominal
69337,29,1990-06-10,-2.0,-111.24,SITE_023,2S110W,137.79790228627658,far_from_nominal
69338,29,1990-06-11,-1.93,-111.24,SITE_023,2S110W,138.0204617580052,far_from_nominal
69339,29,1990-06-12,-1.88,-111.25,SITE_023,2S110W,139.55353363335365,far_from_nominal
69340,29,1990-06-13,-1.84,-111.26,SITE_023,2S110W,141.15280513220893,far_from_nominal
69341,29,1990-06-14,-1.82,-111.26,SITE_023,2S110W,141.4511131365775,far_from_nominal
69342,29,1990-06-15,-1.81,-111.26,SITE_023,2S110W,141.61312657919123,far_from_nominal
69343,29,1990-06-16,-1.8,-111.25,SITE_023,2S110W,140.6861994512341,far_from_nominal
69344,29,1990-06-17,-1.78,-111.25,SITE_023,2S110W,141.05561307760482,far_from_nominal
69345,29,1990-06-18,-1.77,-111.24,SITE_023,2S110W,140.1602499645579,far_from_nominal
69346,29,1990-06-19,-1.78,-111.25,SITE_023,2S110W,141.05561307760482,far_from_nominal
69347,29,1990-06-20,-1.83,-111.28,SITE_023,2S110W,143.5006498872501,far_from_nominal
69348,29,1990-06-21,-1.89,-111.32,SITE_023,2S110W,147.2019710364472,far_from_nominal
69349,29,1990-06-22,-1.95,-111.36,SITE_023,2S110W,151.23769369790793,far_from_nominal
69350,29,1990-06-23,-2.0,-111.37,SITE_023,2S110W,152.2444557595832,far_from_nominal
69351,29,1990-06-24,-2.0,-111.37,SITE_023,2S110W,152.2444557595832,far_from_nominal
69352,29,1990-06-25,-1.96,-111.41,SITE_023,2S110W,156.75456082516232,far_from_nominal
69353,29,1990-06-26,-1.91,-111.44,SITE_023,2S110W,160.34030534981568,far_from_nominal
69354,29,1990-06-27,-1.89,-111.47,SITE_023,2S110W,163.81982843471275,far_from_nominal
69355,29,1990-06-28,-1.89,-111.48,SITE_023,2S110W,164.92805724751898,far_from_nominal
69356,29,1990-06-29,-1.87,-111.51,SITE_023,2S110W,168.43024136086927,far_from_nominal
69357,29,1990-06-30,-1.86,-111.52,SITE_023,2S110W,169.636400446509,far_from_nominal
69358,29,1990-07-01,-1.87,-111.55,SITE_023,2S110W,172.8595262824579,far_from_nominal
69359,29,1990-07-02,-1.86,-111.58,SITE_023,2S110W,176.2772439457457,far_from_nominal
69360,29,1990-07-03,-1.87,-111.6,SITE_023,2S110W,178.39725033478456,far_from_nominal
69361,29,1990-07-04,-1.88,-111.61,SITE_023,2S110W,179.4182929356685,far_from_nominal
69362,29,1990-07-05,-1.87,-111.62,SITE_023,2S110W,180.6126642866983,far_from_nominal
69363,29,1990-07-06,-1.86,-111.64,SITE_023,2S110W,182.92005724755543,far_from_nominal
69364,29,1990-07-07,-1.9,-111.73,,,,unassigned_drifting
69365,29,1990-07-08,-1.94,-111.84,,,,unassigned_drifting
69366,29,1990-07-09,-2.01,-111.9,,,,unassigned_noise
69367,29,1990-07-10,-2.06,-111.92,,,,unassigned_noise
69368,29,1990-07-11,-2.09,-111.91,,,,unassigned_noise
69369,29,1990-07-12,-2.11,-111.91,,,,unassigned_noise
69370,29,1990-07-13,-2.15,-111.88,,,,unassigned_noise
69371,29,1990-07-14,-2.18,-111.85,,,,unassigned_noise
69372,29,1990-07-15,-2.2,-111.81,,,,unassigned_noise
69373,29,1990-07-16,-2.24,-111.78,,,,unassigned_noise
69374,29,1990-07-17,-2.27,-111.74,,,,unassigned_noise
69375,29,1990-07-18,-2.28,-111.69,,,,unassigned_noise
69376,29,1990-07-19,-2.28,-111.64,SITE_023,2S110W,184.8731176016083,far_from_nominal
69377,29,1990-07-20,-2.26,-111.59,SITE_023,2S110W,179.027641301395,far_from_nominal
69378,29,1990-07-21,-2.2,-111.53,SITE_023,2S110W,171.46245893314384,far_from_nominal
69379,29,1990-07-22,-2.15,-111.48,SITE_023,2S110W,165.30437982793737,far_from_nominal
69380,29,1990-07-23,-2.11,-111.45,SITE_023,2S110W,161.59272520474093,far_from_nominal
69381,29,1990-07-24,-2.06,-111.4,SITE_023,2S110W,155.71839167046016,far_from_nominal
69382,29,1990-07-25,-2.01,-111.36,SITE_023,2S110W,151.13681157248078,far_from_nominal
69383,29,1990-07-26,-1.97,-111.33,SITE_023,2S110W,147.83834711889537,far_from_nominal
69384,29,1990-07-27,-1.96,-111.28,SITE_023,2S110W,142.31423954261905,far_from_nominal
69385,29,1990-07-28,-1.96,-111.23,SITE_023,2S110W,136.76063011188788,far_from_nominal
69386,29,1990-07-29,-1.96,-111.14,SITE_023,2S110W,126.76475690497861,far_from_nominal
69387,29,1990-07-30,-1.94,-111.07,SITE_023,2S110W,119.09542826759959,far_from_nominal
69388,29,1990-07-31,-1.93,-111.01,SITE_023,2S110W,112.51054689608343,far_from_nominal
69389,29,1990-08-01,-1.93,-110.95,SITE_023,2S110W,105.85974649459125,far_from_nominal
69390,29,1990-08-02,-1.94,-110.89,SITE_023,2S110W,99.12989111020927,far_from_nominal
69391,29,1990-08-03,-1.96,-110.84,SITE_023,2S110W,93.45400083473322,far_from_nominal
69392,29,1990-08-04,-1.99,-110.8,SITE_023,2S110W,88.90909778533832,far_from_nominal
69393,29,1990-08-05,-2.05,-110.77,SITE_023,2S110W,85.74717284020763,far_from_nominal
69394,29,1990-08-06,-2.1,-110.7,SITE_023,2S110W,78.57746973436247,far_from_nominal
69395,29,1990-08-07,-2.15,-110.67,SITE_023,2S110W,76.29726661618774,far_from_nominal
69396,29,1990-08-08,-2.21,-110.63,SITE_023,2S110W,73.79735816315872,far_from_nominal
69397,29,1990-08-09,-2.26,-110.6,SITE_023,2S110W,72.66937331622046,far_from_nominal
69398,29,1990-08-10,-2.32,-110.56,SITE_023,2S110W,71.6801897733588,far_from_nominal
69399,29,1990-08-11,-2.46,-110.5,,,,unassigned_drifting
69400,29,1990-08-12,-2.62,-110.46,,,,unassigned_drifting
69401,29,1990-08-13,-2.72,-110.45,,,,unassigned_noise
69402,29,1990-08-14,-2.8,-110.43,,,,unassigned_noise
69403,29,1990-08-15,-2.84,-110.43,,,,unassigned_noise
69404,29,1990-08-16,-2.85,-110.43,,,,unassigned_noise
69405,29,1990-08-17,-2.85,-110.46,,,,unassigned_noise
69406,29,1990-08-18,-2.83,-110.5,,,,unassigned_noise
69407,29,1990-08-19,-2.8,-110.54,,,,unassigned_noise
69408,29,1990-08-20,-2.79,-110.59,,,,unassigned_noise
69409,29,1990-08-21,-2.76,-110.62,,,,unassigned_noise
69410,29,1990-08-22,-2.74,-110.66,,,,unassigned_noise
69411,29,1990-08-23,-2.72,-110.69,,,,unassigned_noise
69412,29,1990-08-24,-2.7,-110.72,,,,unassigned_noise
69413,29,1990-08-25,-2.68,-110.77,,,,unassigned_noise
69414,29,1990-08-26,-2.66,-110.82,SITE_023,2S110W,116.9865868806243,far_from_nominal
69415,29,1990-08-27,-2.66,-110.87,SITE_023,2S110W,121.36272174988282,far_from_nominal
69416,29,1990-08-28,-2.67,-110.92,SITE_023,2S110W,126.4833814338851,far_from_nominal
69417,29,1990-08-29,-2.67,-110.95,SITE_023,2S110W,129.19181944546244,far_from_nominal
69418,29,1990-08-30,-2.67,-110.98,SITE_023,2S110W,131.9288644094932,far_from_nominal
69419,29,1990-08-31,-2.66,-111.01,SITE_023,2S110W,134.0812847925316,far_from_nominal
69420,29,1990-09-01,-2.66,-111.05,SITE_023,2S110W,137.82205085428606,far_from_nominal
69421,29,1990-09-02,-2.68,-111.08,SITE_023,2S110W,141.82677595320146,far_from_nominal
69422,29,1990-09-03,-2.7,-111.11,SITE_023,2S110W,145.831532530706,far_from_nominal
69423,29,1990-09-04,-2.71,-111.12,SITE_023,2S110W,147.36456298690575,far_from_nominal
69424,29,1990-09-05,-2.7,-111.14,SITE_023,2S110W,148.660739648475,far_from_nominal
69425,29,1990-09-06,-2.69,-111.16,SITE_023,2S110W,149.9869071943626,far_from_nominal
69426,29,1990-09-07,-2.68,-111.17,SITE_023,2S110W,150.38088564824048,far_from_nominal
69427,29,1990-09-08,-2.67,-111.19,SITE_023,2S110W,151.75717435084084,far_from_nominal
69428,29,1990-09-09,-2.64,-111.21,SITE_023,2S110W,152.1092388154335,far_from_nominal
69429,29,1990-09-10,-2.62,-111.22,SITE_023,2S110W,152.07191785810056,far_from_nominal
69430,29,1990-09-11,-2.59,-111.25,SITE_023,2S110W,153.59741826386878,far_from_nominal
69431,29,1990-09-12,-2.57,-111.28,SITE_023,2S110W,155.70018919922813,far_from_nominal
69432,29,1990-09-13,-2.56,-111.32,SITE_023,2S110W,159.3324345774614,far_from_nominal
69433,29,1990-09-14,-2.59,-111.36,SITE_023,2S110W,164.73082977185584,far_from_nominal
69434,29,1990-09-15,-2.59,-111.38,SITE_023,2S110W,166.7714597776469,far_from_nominal
69435,29,1990-09-16,-2.59,-111.39,SITE_023,2S110W,167.79350367914796,far_from_nominal
69436,29,1990-09-17,-2.61,-111.4,SITE_023,2S110W,169.69224817424464,far_from_nominal
69437,29,1990-09-18,-2.62,-111.41,SITE_023,2S110W,171.155581270481,far_from_nominal
69438,29,1990-09-19,-2.61,-111.42,SITE_023,2S110W,171.73139918600344,far_from_nominal
69439,29,1990-09-20,-2.59,-111.45,SITE_023,2S110W,173.94869029023502,far_from_nominal
69440,29,1990-09-21,-2.57,-111.49,SITE_023,2S110W,177.26645226819954,far_from_nominal
69441,29,1990-09-22,-2.56,-111.52,SITE_023,2S110W,179.99611329467913,far_from_nominal
69442,29,1990-09-23,-2.57,-111.52,SITE_023,2S110W,180.38323443151123,far_from_nominal
69443,29,1990-09-24,-2.55,-111.53,SITE_023,2S110W,180.66011724844765,far_from_nominal
69444,29,1990-09-25,-2.52,-111.54,SITE_023,2S110W,180.61228572744255,far_from_nominal
69445,29,1990-09-26,-2.47,-111.55,SITE_023,2S110W,179.97576899547082,far_from_nominal
69446,29,1990-09-27,-2.45,-111.58,,,,unassigned_noise
69447,29,1990-09-28,-2.44,-111.63,,,,unassigned_noise
69448,29,1990-09-29,-2.38,-111.66,,,,unassigned_noise
69449,29,1990-09-30,-2.35,-111.68,,,,unassigned_noise
69450,29,1990-10-01,-2.32,-111.71,,,,unassigned_noise
69451,29,1990-10-02,-2.3,-111.73,,,,unassigned_noise
69452,29,1990-10-03,-2.29,-111.75,,,,unassigned_noise
69453,29,1990-10-04,-2.28,-111.77,,,,unassigned_noise
69454,29,1990-10-05,-2.26,-111.8,,,,unassigned_noise
69455,29,1990-10-06,-2.23,-111.82,,,,unassigned_noise
69456,29,1990-10-07,-2.21,-111.86,,,,unassigned_noise
69457,29,1990-10-08,-2.21,-111.94,,,,unassigned_noise
69458,29,1990-10-09,-2.26,-112.02,,,,unassigned_noise
69459,29,1990-10-10,-2.3,-112.08,,,,unassigned_noise
69460,29,1990-10-11,-2.34,-112.11,,,,unassigned_noise
69461,29,1990-10-12,-2.36,-112.19,,,,unassigned_noise
69462,29,1990-10-13,-2.41,-112.23,,,,unassigned_noise
69463,29,1990-10-14,-2.46,-112.26,,,,unassigned_noise
69464,29,1990-10-15,-2.51,-112.25,,,,unassigned_noise
69465,29,1990-10-16,-2.53,-112.23,,,,unassigned_noise
69466,29,1990-10-17,-2.53,-112.21,,,,unassigned_noise
69467,29,1990-10-18,-2.51,-112.2,,,,unassigned_noise
69468,29,1990-10-19,-2.49,-112.18,,,,unassigned_noise
69469,29,1990-10-20,-2.46,-112.15,,,,unassigned_noise
69470,29,1990-10-21,-2.42,-112.11,,,,unassigned_noise
69471,29,1990-10-22,-2.39,-112.08,,,,unassigned_noise
69472,29,1990-10-23,-2.35,-112.04,,,,unassigned_noise
69473,29,1990-10-24,-2.26,-112.0,,,,unassigned_noise
69474,29,1990-10-25,-2.2,-111.97,,,,unassigned_noise
69475,29,1990-10-26,-2.15,-111.93,,,,unassigned_noise
69476,29,1990-10-27,-2.07,-111.88,,,,unassigned_drifting
69477,29,1990-10-28,-1.92,-111.79,,,,unassigned_drifting
69478,29,1990-10-29,-1.84,-111.72,SITE_023,2S110W,191.97427122987634,far_from_nominal
69479,29,1990-10-30,-1.77,-111.67,SITE_023,2S110W,187.3489767208458,far_from_nominal
69480,29,1990-10-31,-1.73,-111.65,SITE_023,2S110W,185.81596914742713,far_from_nominal
69481,29,1990-11-01,-1.74,-111.64,SITE_023,2S110W,184.5413326766659,far_from_nominal
69482,29,1990-11-02,-1.75,-111.63,SITE_023,2S110W,183.27132748350976,far_from_nominal
69483,29,1990-11-03,-1.78,-111.63,SITE_023,2S110W,182.79356993583613,far_from_nominal
69484,29,1990-11-04,-1.81,-111.61,SITE_023,2S110W,180.16804764239527,far_from_nominal
69485,29,1990-11-05,-1.84,-111.58,SITE_023,2S110W,176.48855441891013,far_from_nominal
69486,29,1990-11-06,-1.87,-111.55,SITE_023,2S110W,172.8595262824579,far_from_nominal
69487,29,1990-11-07,-1.89,-111.54,SITE_023,2S110W,171.57826709091165,far_from_nominal
69488,29,1990-11-08,-1.92,-111.53,SITE_023,2S110W,170.26146099321133,far_from_nominal
69489,29,1990-11-09,-1.95,-111.53,SITE_023,2S110W,170.11827353942735,far_from_nominal
69490,29,1990-11-10,-1.97,-111.53,SITE_023,2S110W,170.05909658337526,far_from_nominal
69491,29,1990-11-11,-1.99,-111.52,SITE_023,2S110W,168.91772945580584,far_from_nominal
69492,29,1990-11-12,-2.0,-111.5,SITE_023,2S110W,166.69100899419286,far_from_nominal
69493,29,1990-11-13,-2.0,-111.49,SITE_023,2S110W,165.5797356774437,far_from_nominal
69494,29,1990-11-14,-1.98,-111.48,SITE_023,2S110W,164.48449622140095,far_from_nominal
69495,29,1990-11-15,-1.93,-111.44,SITE_023,2S110W,160.21592858138627,far_from_nominal
69496,29,1990-11-16,-1.89,-111.44,SITE_023,2S110W,160.49539764312442,far_from_nominal
69497,29,1990-11-17,-1.85,-111.43,SITE_023,2S110W,159.79206198475458,far_from_nominal
69498,29,1990-11-18,-1.78,-111.4,SITE_023,2S110W,157.49971724515132,far_from_nominal
69499,29,1990-11-19,-1.72,-111.37,SITE_023,2S110W,155.40756158681063,far_from_nominal
69500,29,1990-11-20,-1.64,-111.33,SITE_023,2S110W,153.13907570411385,far_from_nominal
69501,29,1990-11-21,-1.57,-111.29,SITE_023,2S110W,151.13442425910506,far_from_nominal
69502,29,1990-11-22,-1.51,-111.26,,,,unassigned_noise
69503,29,1990-11-23,-1.48,-111.22,,,,unassigned_noise
69504,29,1990-11-24,-1.47,-111.18,,,,unassigned_noise
69505,29,1990-11-25,-1.46,-111.14,,,,unassigned_noise
69506,29,1990-11-26,-1.46,-111.09,,,,unassigned_noise
69507,29,1990-11-27,-1.46,-111.09,,,,unassigned_noise
72829,30,1993-10-04,-2.0,-125.0,,,,unassigned_drifting
73169,30,1994-09-09,-2.0,-125.0,,,,unassigned_drifting
74295,30,1997-10-09,-1.59,-124.81,,,,unassigned_drifting
76280,31,1991-12-07,-1.67,-139.63,,,,unassigned_noise
76281,31,1991-12-08,-1.61,-139.6,,,,unassigned_noise
76282,31,1991-12-09,-1.56,-139.56,,,,unassigned_noise
76283,31,1991-12-10,-1.51,-139.53,,,,unassigned_noise
76284,31,1991-12-11,-1.48,-139.49,,,,unassigned_noise
76285,31,1991-12-12,-1.46,-139.45,,,,unassigned_noise
76286,31,1991-12-13,-1.44,-139.39,,,,unassigned_noise
76287,31,1991-12-14,-1.4,-139.34,,,,unassigned_noise
76288,31,1991-12-15,-1.36,-139.3,,,,unassigned_noise
76289,31,1991-12-16,-1.31,-139.26,,,,unassigned_noise
76290,31,1991-12-17,-1.31,-139.23,,,,unassigned_noise
76291,31,1991-12-18,-1.34,-139.19,,,,unassigned_noise
76292,31,1991-12-19,-1.37,-139.16,,,,unassigned_noise
76293,31,1991-12-20,-1.39,-139.12,,,,unassigned_noise
76294,31,1991-12-21,-1.41,-139.09,,,,unassigned_noise
76295,31,1991-12-22,-1.42,-139.05,,,,unassigned_noise
76296,31,1991-12-23,-1.42,-139.0,,,,unassigned_noise
76297,31,1991-12-24,-1.44,-138.93,,,,unassigned_noise
76298,31,1991-12-25,-1.51,-138.89,,,,unassigned_noise
76299,31,1991-12-26,-1.56,-138.85,,,,unassigned_noise
76300,31,1991-12-27,-1.59,-138.81,,,,unassigned_noise
76301,31,1991-12-28,-1.6,-138.79,,,,unassigned_noise
76302,31,1991-12-29,-1.61,-138.75,,,,unassigned_noise
76303,31,1991-12-30,-1.6,-138.73,,,,unassigned_noise
76304,31,1991-12-31,-1.57,-138.7,,,,unassigned_noise
76305,31,1992-01-01,-1.55,-138.69,,,,unassigned_noise
76306,31,1992-01-02,-1.55,-138.69,,,,unassigned_noise
76307,31,1992-01-03,-1.55,-138.69,,,,unassigned_noise
76308,31,1992-01-04,-1.55,-138.68,,,,unassigned_noise
76309,31,1992-01-05,-1.56,-138.69,,,,unassigned_noise
76310,31,1992-01-06,-1.6,-138.74,,,,unassigned_noise
76311,31,1992-01-07,-1.63,-138.79,,,,unassigned_noise
76312,31,1992-01-08,-1.69,-138.92,,,,unassigned_drifting
76313,31,1992-01-09,-1.72,-139.04,,,,unassigned_drifting
76314,31,1992-01-10,-1.75,-139.15,,,,unassigned_drifting
76315,31,1992-01-11,-1.76,-139.35,,,,unassigned_drifting
76316,31,1992-01-12,-1.75,-139.58,,,,unassigned_drifting
76317,31,1992-01-13,-1.76,-139.79,,,,unassigned_drifting
76318,31,1992-01-14,-1.79,-139.99,,,,unassigned_drifting
76319,31,1992-01-15,-1.81,-140.18,,,,unassigned_drifting
76320,31,1992-01-16,-1.79,-140.4,,,,unassigned_drifting
76321,31,1992-01-17,-1.8,-140.56,,,,unassigned_drifting
76322,31,1992-01-18,-1.83,-140.76,,,,unassigned_drifting
76323,31,1992-01-19,-1.81,-140.91,,,,unassigned_drifting
76324,31,1992-01-20,-1.77,-141.01,,,,unassigned_noise
76325,31,1992-01-21,-1.74,-141.02,,,,unassigned_noise
76326,31,1992-01-22,-1.67,-140.98,,,,unassigned_noise
76327,31,1992-01-23,-1.6,-140.87,,,,unassigned_drifting
76328,31,1992-01-24,-1.46,-140.68,,,,unassigned_drifting
76329,31,1992-01-25,-1.36,-140.48,,,,unassigned_drifting
76330,31,1992-01-26,-1.27,-140.27,,,,unassigned_drifting
76331,31,1992-01-27,-1.25,-140.08,,,,unassigned_drifting
76332,31,1992-01-28,-1.26,-139.85,,,,unassigned_drifting
76333,31,1992-01-29,-1.25,-139.64,,,,unassigned_drifting
76334,31,1992-01-30,-1.25,-139.46,,,,unassigned_drifting
76335,31,1992-01-31,-1.26,-139.27,,,,unassigned_drifting
76336,31,1992-02-01,-1.29,-139.06,,,,unassigned_drifting
76337,31,1992-02-02,-1.36,-138.86,,,,unassigned_drifting
76338,31,1992-02-03,-1.48,-138.68,,,,unassigned_drifting
76339,31,1992-02-04,-1.5,-138.47,,,,unassigned_drifting
76340,31,1992-02-05,-1.39,-138.31,,,,unassigned_drifting
76341,31,1992-02-06,-1.32,-138.2,,,,unassigned_drifting
76342,31,1992-02-07,-1.37,-138.11,,,,unassigned_drifting
76343,31,1992-02-08,-1.47,-138.02,,,,unassigned_drifting
76344,31,1992-02-09,-1.55,-137.95,,,,unassigned_noise
76345,31,1992-02-10,-1.58,-137.89,,,,unassigned_noise
76346,31,1992-02-11,-1.65,-137.88,,,,unassigned_noise
76347,31,1992-02-12,-1.72,-137.86,,,,unassigned_noise
76348,31,1992-02-13,-1.76,-137.86,,,,unassigned_noise
76349,31,1992-02-14,-1.81,-137.85,,,,unassigned_noise
76350,31,1992-02-15,-1.84,-137.88,,,,unassigned_noise
76351,31,1992-02-16,-1.89,-137.89,,,,unassigned_noise
76352,31,1992-02-17,-1.93,-137.89,,,,unassigned_noise
76353,31,1992-02-18,-2.0,-137.89,,,,unassigned_noise
76354,31,1992-02-19,-2.03,-137.89,,,,unassigned_noise
76355,31,1992-02-20,-2.02,-137.9,,,,unassigned_noise
76356,31,1992-02-21,-1.99,-137.92,,,,unassigned_noise
76357,31,1992-02-22,-1.95,-138.02,,,,unassigned_noise
76358,31,1992-02-23,-1.92,-138.09,,,,unassigned_noise
76359,31,1992-02-24,-1.91,-138.14,,,,unassigned_noise
76360,31,1992-02-25,-1.89,-138.23,,,,unassigned_noise
76361,31,1992-02-26,-1.87,-138.3,,,,unassigned_noise
76362,31,1992-02-27,-1.9,-138.39,,,,unassigned_drifting
76363,31,1992-02-28,-1.92,-138.5,,,,unassigned_noise
76364,31,1992-02-29,-1.9,-138.58,,,,unassigned_noise
76365,31,1992-03-01,-1.88,-138.7,,,,unassigned_drifting
76366,31,1992-03-02,-1.85,-138.86,,,,unassigned_drifting
76367,31,1992-03-03,-1.82,-139.03,,,,unassigned_drifting
76368,31,1992-03-04,-1.83,-139.18,,,,unassigned_drifting
76369,31,1992-03-05,-1.87,-139.3,,,,unassigned_noise
76370,31,1992-03-06,-1.86,-139.37,,,,unassigned_noise
76371,31,1992-03-07,-1.82,-139.44,,,,unassigned_noise
76372,31,1992-03-08,-1.78,-139.54,,,,unassigned_drifting
76373,31,1992-03-09,-1.79,-139.66,,,,unassigned_drifting
76374,31,1992-03-10,-1.85,-139.77,,,,unassigned_drifting
76375,31,1992-03-11,-1.92,-139.87,,,,unassigned_drifting
76376,31,1992-03-12,-1.96,-139.99,,,,unassigned_drifting
76377,31,1992-03-13,-1.97,-140.09,,,,unassigned_drifting
76378,31,1992-03-14,-1.96,-140.19,,,,unassigned_drifting
76379,31,1992-03-15,-1.95,-140.28,,,,unassigned_drifting
76380,31,1992-03-16,-1.91,-140.4,,,,unassigned_drifting
76381,31,1992-03-17,-1.9,-140.51,,,,unassigned_drifting
76382,31,1992-03-18,-1.9,-140.64,,,,unassigned_drifting
76383,31,1992-03-19,-1.91,-140.79,,,,unassigned_drifting
76384,31,1992-03-20,-1.93,-140.94,,,,unassigned_drifting
76385,31,1992-03-21,-1.95,-141.07,,,,unassigned_drifting
76386,31,1992-03-22,-2.0,-141.18,,,,unassigned_drifting
76387,31,1992-03-23,-2.05,-141.26,,,,unassigned_noise
76388,31,1992-03-24,-2.08,-141.33,,,,unassigned_noise
76389,31,1992-03-25,-2.07,-141.4,,,,unassigned_noise
76390,31,1992-03-26,-2.06,-141.44,,,,unassigned_noise
76391,31,1992-03-27,-2.07,-141.51,,,,unassigned_noise
76392,31,1992-03-28,-2.08,-141.55,,,,unassigned_noise
76393,31,1992-03-29,-2.07,-141.57,,,,unassigned_noise
76394,31,1992-03-30,-2.08,-141.61,,,,unassigned_noise
76395,31,1992-03-31,-2.07,-141.63,,,,unassigned_noise
76396,31,1992-04-01,-2.06,-141.69,,,,unassigned_noise
76397,31,1992-04-02,-2.07,-141.74,,,,unassigned_noise
76398,31,1992-04-03,-2.08,-141.81,,,,unassigned_noise
76399,31,1992-04-04,-2.07,-141.89,,,,unassigned_noise
76400,31,1992-04-05,-2.09,-141.96,,,,unassigned_noise
76401,31,1992-04-06,-2.11,-142.05,,,,unassigned_noise
76402,31,1992-04-07,-2.13,-142.13,,,,unassigned_noise
76403,31,1992-04-08,-2.15,-142.2,,,,unassigned_noise
76404,31,1992-04-09,-2.15,-142.27,,,,unassigned_noise
76405,31,1992-04-10,-2.18,-142.35,,,,unassigned_noise
76406,31,1992-04-11,-2.19,-142.39,,,,unassigned_noise
76407,31,1992-04-12,-2.17,-142.4,,,,unassigned_noise
76408,31,1992-04-13,-2.17,-142.44,,,,unassigned_noise
76409,31,1992-04-14,-2.13,-142.48,,,,unassigned_noise
76410,31,1992-04-15,-2.08,-142.54,,,,unassigned_noise
76411,31,1992-04-16,-2.06,-142.61,,,,unassigned_noise
76412,31,1992-04-17,-2.03,-142.7,,,,unassigned_drifting
76413,31,1992-04-18,-2.0,-142.83,,,,unassigned_drifting
76414,31,1992-04-19,-2.01,-142.99,,,,unassigned_drifting
76415,31,1992-04-20,-2.06,-143.16,,,,unassigned_drifting
76416,31,1992-04-21,-2.14,-143.32,,,,unassigned_drifting
76417,31,1992-04-22,-2.2,-143.45,,,,unassigned_noise
76418,31,1992-04-23,-2.22,-143.53,,,,unassigned_noise
76419,31,1992-04-24,-2.2,-143.59,,,,unassigned_noise
76420,31,1992-04-25,-2.17,-143.68,,,,unassigned_drifting
76421,31,1992-04-26,-2.12,-143.78,,,,unassigned_noise
76422,31,1992-04-27,-2.09,-143.86,,,,unassigned_noise
76423,31,1992-04-28,-2.07,-143.92,,,,unassigned_noise
76424,31,1992-04-29,-2.03,-143.99,,,,unassigned_noise
76425,31,1992-04-30,-2.01,-144.05,,,,unassigned_noise
76426,31,1992-05-01,-2.03,-144.13,,,,unassigned_noise
76427,31,1992-05-02,-2.02,-144.17,,,,unassigned_noise
76428,31,1992-05-03,-2.03,-144.21,,,,unassigned_noise
76429,31,1992-05-04,-2.02,-144.25,,,,unassigned_noise
76430,31,1992-05-05,-2.03,-144.25,,,,unassigned_noise
76431,31,1992-05-06,-2.01,-144.3,,,,unassigned_noise
76432,31,1992-05-07,-2.02,-144.36,,,,unassigned_noise
76433,31,1992-05-08,-2.03,-144.41,,,,unassigned_noise
76434,31,1992-05-09,-2.03,-144.49,,,,unassigned_noise
76435,31,1992-05-10,-2.06,-144.57,,,,unassigned_noise
76436,31,1992-05-11,-2.09,-144.63,,,,unassigned_noise
76437,31,1992-05-12,-2.15,-144.72,,,,unassigned_noise
76438,31,1992-05-13,-2.18,-144.77,,,,unassigned_noise
76439,31,1992-05-14,-2.2,-144.84,,,,unassigned_noise
76440,31,1992-05-15,-2.25,-144.92,,,,unassigned_noise
81370,33,1994-02-10,-2.02,155.8,,,,unassigned_drifting
81371,33,1994-02-11,-2.11,155.13,,,,unassigned_drifting
81372,33,1994-02-12,-2.31,154.51,,,,unassigned_drifting
81373,33,1994-02-13,-2.58,154.04,,,,unassigned_drifting
81374,33,1994-02-14,-2.89,153.73,,,,unassigned_noise
82888,34,1985-07-05,-2.0,165.0,SITE_025,1.94S164.46E,60.37958181230221,far_from_nominal
82889,34,1985-07-06,-2.0,165.0,SITE_025,1.94S164.46E,60.37958181230221,far_from_nominal
82890,34,1985-07-07,-2.0,165.0,SITE_025,1.94S164.46E,60.37958181230221,far_from_nominal
82908,34,1985-07-25,-1.78,164.92,,,,unassigned_drifting
83071,34,1986-07-05,-2.01,165.03,SITE_025,1.94S164.46E,63.8199766185493,far_from_nominal
83072,34,1986-07-06,-2.01,165.03,SITE_025,1.94S164.46E,63.8199766185493,far_from_nominal
83073,34,1986-07-07,-2.01,165.04,SITE_025,1.94S164.46E,64.9231121367978,far_from_nominal
83074,34,1986-07-08,-2.02,165.04,SITE_025,1.94S164.46E,65.06559623963497,far_from_nominal
83075,34,1986-07-09,-2.02,165.03,SITE_025,1.94S164.46E,63.9649247742162,far_from_nominal
83076,34,1986-07-10,-2.02,165.04,SITE_025,1.94S164.46E,65.06559623963497,far_from_nominal
83077,34,1986-07-11,-2.02,165.04,SITE_025,1.94S164.46E,65.06559623963497,far_from_nominal
83078,34,1986-07-12,-2.02,165.04,SITE_025,1.94S164.46E,65.06559623963497,far_from_nominal
83079,34,1986-07-13,-2.02,165.04,SITE_025,1.94S164.46E,65.06559623963497,far_from_nominal
83080,34,1986-07-14,-2.02,165.04,SITE_025,1.94S164.46E,65.06559623963497,far_from_nominal
83081,34,1986-07-15,-2.02,165.03,SITE_025,1.94S164.46E,63.9649247742162,far_from_nominal
83082,34,1986-07-16,-2.02,165.04,SITE_025,1.94S164.46E,65.06559623963497,far_from_nominal
83083,34,1986-07-17,-2.01,165.04,SITE_025,1.94S164.46E,64.9231121367978,far_from_nominal
83084,34,1986-07-18,-2.02,165.04,SITE_025,1.94S164.46E,65.06559623963497,far_from_nominal
83085,34,1986-07-19,-2.02,165.04,SITE_025,1.94S164.46E,65.06559623963497,far_from_nominal
83086,34,1986-07-20,-2.02,165.04,SITE_025,1.94S164.46E,65.06559623963497,far_from_nominal
83087,34,1986-07-21,-2.02,165.03,SITE_025,1.94S164.46E,63.9649247742162,far_from_nominal
83088,34,1986-07-22,-2.01,165.03,SITE_025,1.94S164.46E,63.8199766185493,far_from_nominal
83089,34,1986-07-23,-2.01,165.03,SITE_025,1.94S164.46E,63.8199766185493,far_from_nominal
83090,34,1986-07-24,-2.01,165.04,SITE_025,1.94S164.46E,64.9231121367978,far_from_nominal
83091,34,1986-07-25,-2.01,165.03,SITE_025,1.94S164.46E,63.8199766185493,far_from_nominal
83092,34,1986-07-26,-2.02,165.04,SITE_025,1.94S164.46E,65.06559623963497,far_from_nominal
83093,34,1986-07-27,-2.01,165.04,SITE_025,1.94S164.46E,64.9231121367978,far_from_nominal
83094,34,1986-07-28,-2.01,165.04,SITE_025,1.94S164.46E,64.9231121367978,far_from_nominal
83095,34,1986-07-29,-2.01,165.04,SITE_025,1.94S164.46E,64.9231121367978,far_from_nominal
83096,34,1986-07-30,-2.02,165.04,SITE_025,1.94S164.46E,65.06559623963497,far_from_nominal
83097,34,1986-07-31,-2.0,165.04,SITE_025,1.94S164.46E,64.79939775829217,far_from_nominal
83098,34,1986-08-01,-2.01,165.04,SITE_025,1.94S164.46E,64.9231121367978,far_from_nominal
83099,34,1986-08-02,-2.01,165.04,SITE_025,1.94S164.46E,64.9231121367978,far_from_nominal
83100,34,1986-08-03,-2.01,165.04,SITE_025,1.94S164.46E,64.9231121367978,far_from_nominal
83101,34,1986-08-04,-2.01,165.04,SITE_025,1.94S164.46E,64.9231121367978,far_from_nominal
83102,34,1986-08-05,-2.01,165.04,SITE_025,1.94S164.46E,64.9231121367978,far_from_nominal
83103,34,1986-08-06,-2.02,165.04,SITE_025,1.94S164.46E,65.06559623963497,far_from_nominal
83104,34,1986-08-07,-2.02,165.04,SITE_025,1.94S164.46E,65.06559623963497,far_from_nominal
83105,34,1986-08-08,-2.01,165.04,SITE_025,1.94S164.46E,64.9231121367978,far_from_nominal
83106,34,1986-08-09,-2.02,165.04,SITE_025,1.94S164.46E,65.06559623963497,far_from_nominal
83107,34,1986-08-10,-2.01,165.03,SITE_025,1.94S164.46E,63.8199766185493,far_from_nominal
83108,34,1986-08-11,-2.01,165.04,SITE_025,1.94S164.46E,64.9231121367978,far_from_nominal
83109,34,1986-08-12,-2.01,165.04,SITE_025,1.94S164.46E,64.9231121367978,far_from_nominal
83110,34,1986-08-13,-2.01,165.04,SITE_025,1.94S164.46E,64.9231121367978,far_from_nominal
83111,34,1986-08-14,-2.01,165.04,SITE_025,1.94S164.46E,64.9231121367978,far_from_nominal
83112,34,1986-08-15,-2.01,165.04,SITE_025,1.94S164.46E,64.9231121367978,far_from_nominal
83113,34,1986-08-16,-2.01,165.04,SITE_025,1.94S164.46E,64.9231121367978,far_from_nominal
83114,34,1986-08-17,-2.01,165.04,SITE_025,1.94S164.46E,64.9231121367978,far_from_nominal
83115,34,1986-08-18,-2.01,165.03,SITE_025,1.94S164.46E,63.8199766185493,far_from_nominal
83116,34,1986-08-19,-2.01,165.02,SITE_025,1.94S164.46E,62.717129026139695,far_from_nominal
83117,34,1986-08-20,-2.01,165.03,SITE_025,1.94S164.46E,63.8199766185493,far_from_nominal
83118,34,1986-08-21,-2.01,165.03,SITE_025,1.94S164.46E,63.8199766185493,far_from_nominal
83119,34,1986-08-22,-2.01,165.03,SITE_025,1.94S164.46E,63.8199766185493,far_from_nominal
83120,34,1986-08-23,-2.01,165.04,SITE_025,1.94S164.46E,64.9231121367978,far_from_nominal
83121,34,1986-08-24,-2.01,165.03,SITE_025,1.94S164.46E,63.8199766185493,far_from_nominal
83122,34,1986-08-25,-2.01,165.03,SITE_025,1.94S164.46E,63.8199766185493,far_from_nominal
83123,34,1986-08-26,-2.02,165.04,SITE_025,1.94S164.46E,65.06559623963497,far_from_nominal
83124,34,1986-08-27,-2.02,165.03,SITE_025,1.94S164.46E,63.9649247742162,far_from_nominal
83125,34,1986-08-28,-2.01,165.03,SITE_025,1.94S164.46E,63.8199766185493,far_from_nominal
83126,34,1986-08-29,-2.01,165.03,SITE_025,1.94S164.46E,63.8199766185493,far_from_nominal
83127,34,1986-08-30,-2.01,165.03,SITE_025,1.94S164.46E,63.8199766185493,far_from_nominal
83128,34,1986-08-31,-2.01,165.04,SITE_025,1.94S164.46E,64.9231121367978,far_from_nominal
83129,34,1986-09-01,-2.02,165.03,SITE_025,1.94S164.46E,63.9649247742162,far_from_nominal
83130,34,1986-09-02,-2.01,165.04,SITE_025,1.94S164.46E,64.9231121367978,far_from_nominal
83131,34,1986-09-03,-2.02,165.03,SITE_025,1.94S164.46E,63.9649247742162,far_from_nominal
83132,34,1986-09-04,-2.01,165.03,SITE_025,1.94S164.46E,63.8199766185493,far_from_nominal
83133,34,1986-09-05,-2.02,165.04,SITE_025,1.94S164.46E,65.06559623963497,far_from_nominal
83134,34,1986-09-06,-2.02,165.03,SITE_025,1.94S164.46E,63.9649247742162,far_from_nominal
83135,34,1986-09-07,-2.02,165.03,SITE_025,1.94S164.46E,63.9649247742162,far_from_nominal
83136,34,1986-09-08,-2.02,165.04,SITE_025,1.94S164.46E,65.06559623963497,far_from_nominal
83137,34,1986-09-09,-2.02,165.04,SITE_025,1.94S164.46E,65.06559623963497,far_from_nominal
83138,34,1986-09-10,-2.02,165.04,SITE_025,1.94S164.46E,65.06559623963497,far_from_nominal
83139,34,1986-09-11,-2.02,165.03,SITE_025,1.94S164.46E,63.9649247742162,far_from_nominal
83140,34,1986-09-12,-2.02,165.04,SITE_025,1.94S164.46E,65.06559623963497,far_from_nominal
83141,34,1986-09-13,-2.01,165.03,SITE_025,1.94S164.46E,63.8199766185493,far_from_nominal
83142,34,1986-09-14,-2.01,165.02,SITE_025,1.94S164.46E,62.717129026139695,far_from_nominal
83143,34,1986-09-15,-2.01,165.03,SITE_025,1.94S164.46E,63.8199766185493,far_from_nominal
83144,34,1986-09-16,-2.02,165.03,SITE_025,1.94S164.46E,63.9649247742162,far_from_nominal
83145,34,1986-09-17,-2.02,165.03,SITE_025,1.94S164.46E,63.9649247742162,far_from_nominal
83146,34,1986-09-18,-2.01,165.03,SITE_025,1.94S164.46E,63.8199766185493,far_from_nominal
83147,34,1986-09-19,-2.01,165.03,SITE_025,1.94S164.46E,63.8199766185493,far_from_nominal
83148,34,1986-09-20,-2.01,165.03,SITE_025,1.94S164.46E,63.8199766185493,far_from_nominal
83149,34,1986-09-21,-2.02,165.03,SITE_025,1.94S164.46E,63.9649247742162,far_from_nominal
83150,34,1986-09-22,-2.02,165.03,SITE_025,1.94S164.46E,63.9649247742162,far_from_nominal
83151,34,1986-09-23,-2.02,165.03,SITE_025,1.94S164.46E,63.9649247742162,far_from_nominal
83152,34,1986-09-24,-2.02,165.03,SITE_025,1.94S164.46E,63.9649247742162,far_from_nominal
83153,34,1986-09-25,-2.01,165.03,SITE_025,1.94S164.46E,63.8199766185493,far_from_nominal
83154,34,1986-09-26,-2.01,165.03,SITE_025,1.94S164.46E,63.8199766185493,far_from_nominal
83155,34,1986-09-27,-2.01,165.03,SITE_025,1.94S164.46E,63.8199766185493,far_from_nominal
83156,34,1986-09-28,-2.01,165.03,SITE_025,1.94S164.46E,63.8199766185493,far_from_nominal
83157,34,1986-09-29,-2.01,165.03,SITE_025,1.94S164.46E,63.8199766185493,far_from_nominal
83158,34,1986-09-30,-2.01,165.03,SITE_025,1.94S164.46E,63.8199766185493,far_from_nominal
83159,34,1986-10-01,-2.01,165.03,SITE_025,1.94S164.46E,63.8199766185493,far_from_nominal
83160,34,1986-10-02,-2.01,165.03,SITE_025,1.94S164.46E,63.8199766185493,far_from_nominal
83161,34,1986-10-03,-2.01,165.03,SITE_025,1.94S164.46E,63.8199766185493,far_from_nominal
83162,34,1986-10-04,-2.01,165.03,SITE_025,1.94S164.46E,63.8199766185493,far_from_nominal
83163,34,1986-10-05,-2.01,165.04,SITE_025,1.94S164.46E,64.9231121367978,far_from_nominal
83164,34,1986-10-06,-2.01,165.03,SITE_025,1.94S164.46E,63.8199766185493,far_from_nominal
83165,34,1986-10-07,-2.01,165.03,SITE_025,1.94S164.46E,63.8199766185493,far_from_nominal
83166,34,1986-10-08,-2.01,165.03,SITE_025,1.94S164.46E,63.8199766185493,far_from_nominal
83167,34,1986-10-09,-2.01,165.03,SITE_025,1.94S164.46E,63.8199766185493,far_from_nominal
83168,34,1986-10-10,-2.02,165.02,SITE_025,1.94S164.46E,62.86462682119412,far_from_nominal
83169,34,1986-10-11,-2.02,165.03,SITE_025,1.94S164.46E,63.9649247742162,far_from_nominal
83170,34,1986-10-12,-2.02,165.03,SITE_025,1.94S164.46E,63.9649247742162,far_from_nominal
83171,34,1986-10-13,-2.02,165.03,SITE_025,1.94S164.46E,63.9649247742162,far_from_nominal
83172,34,1986-10-14,-2.02,165.03,SITE_025,1.94S164.46E,63.9649247742162,far_from_nominal
83173,34,1986-10-15,-2.02,165.03,SITE_025,1.94S164.46E,63.9649247742162,far_from_nominal
83174,34,1986-10-16,-2.02,165.03,SITE_025,1.94S164.46E,63.9649247742162,far_from_nominal
83175,34,1986-10-17,-2.02,165.03,SITE_025,1.94S164.46E,63.9649247742162,far_from_nominal
83176,34,1986-10-18,-2.01,165.03,SITE_025,1.94S164.46E,63.8199766185493,far_from_nominal
83177,34,1986-10-19,-2.01,165.03,SITE_025,1.94S164.46E,63.8199766185493,far_from_nominal
83178,34,1986-10-20,-2.01,165.03,SITE_025,1.94S164.46E,63.8199766185493,far_from_nominal
83179,34,1986-10-21,-2.01,165.02,SITE_025,1.94S164.46E,62.717129026139695,far_from_nominal
83180,34,1986-10-22,-2.02,165.03,SITE_025,1.94S164.46E,63.9649247742162,far_from_nominal
83181,34,1986-10-23,-2.01,165.02,SITE_025,1.94S164.46E,62.717129026139695,far_from_nominal
83182,34,1986-10-24,-2.03,165.02,SITE_025,1.94S164.46E,63.03139795352066,far_from_nominal
83183,34,1986-10-25,-2.02,165.02,SITE_025,1.94S164.46E,62.86462682119412,far_from_nominal
83184,34,1986-10-26,-2.02,165.02,SITE_025,1.94S164.46E,62.86462682119412,far_from_nominal
83185,34,1986-10-27,-2.01,165.02,SITE_025,1.94S164.46E,62.717129026139695,far_from_nominal
83186,34,1986-10-28,-2.01,165.02,SITE_025,1.94S164.46E,62.717129026139695,far_from_nominal
83187,34,1986-10-29,-2.02,165.02,SITE_025,1.94S164.46E,62.86462682119412,far_from_nominal
83188,34,1986-10-30,-2.01,165.02,SITE_025,1.94S164.46E,62.717129026139695,far_from_nominal
83189,34,1986-10-31,-2.02,165.03,SITE_025,1.94S164.46E,63.9649247742162,far_from_nominal
83190,34,1986-11-01,-2.01,165.02,SITE_025,1.94S164.46E,62.717129026139695,far_from_nominal
83191,34,1986-11-02,-2.01,165.03,SITE_025,1.94S164.46E,63.8199766185493,far_from_nominal
83192,34,1986-11-03,-2.01,165.02,SITE_025,1.94S164.46E,62.717129026139695,far_from_nominal
83193,34,1986-11-04,-2.01,165.03,SITE_025,1.94S164.46E,63.8199766185493,far_from_nominal
83194,34,1986-11-05,-2.01,165.03,SITE_025,1.94S164.46E,63.8199766185493,far_from_nominal
83195,34,1986-11-06,-2.01,165.03,SITE_025,1.94S164.46E,63.8199766185493,far_from_nominal
83196,34,1986-11-07,-2.01,165.03,SITE_025,1.94S164.46E,63.8199766185493,far_from_nominal
83197,34,1986-11-08,-2.01,165.03,SITE_025,1.94S164.46E,63.8199766185493,far_from_nominal
83198,34,1986-11-09,-2.02,165.03,SITE_025,1.94S164.46E,63.9649247742162,far_from_nominal
83199,34,1986-11-10,-2.02,165.03,SITE_025,1.94S164.46E,63.9649247742162,far_from_nominal
83200,34,1986-11-11,-2.01,165.04,SITE_025,1.94S164.46E,64.9231121367978,far_from_nominal
83201,34,1986-11-12,-2.02,165.03,SITE_025,1.94S164.46E,63.9649247742162,far_from_nominal
83202,34,1986-11-13,-2.02,165.03,SITE_025,1.94S164.46E,63.9649247742162,far_from_nominal
83203,34,1986-11-14,-2.01,165.03,SITE_025,1.94S164.46E,63.8199766185493,far_from_nominal
83204,34,1986-11-15,-2.02,165.03,SITE_025,1.94S164.46E,63.9649247742162,far_from_nominal
83205,34,1986-11-16,-2.02,165.03,SITE_025,1.94S164.46E,63.9649247742162,far_from_nominal
83206,34,1986-11-17,-2.02,165.04,SITE_025,1.94S164.46E,65.06559623963497,far_from_nominal
83207,34,1986-11-18,-2.01,165.04,SITE_025,1.94S164.46E,64.9231121367978,far_from_nominal
83208,34,1986-11-19,-2.01,165.04,SITE_025,1.94S164.46E,64.9231121367978,far_from_nominal
83209,34,1986-11-20,-2.01,165.04,SITE_025,1.94S164.46E,64.9231121367978,far_from_nominal
83210,34,1986-11-21,-2.01,165.04,SITE_025,1.94S164.46E,64.9231121367978,far_from_nominal
83211,34,1986-11-22,-2.01,165.04,SITE_025,1.94S164.46E,64.9231121367978,far_from_nominal
83212,34,1986-11-23,-2.01,165.04,SITE_025,1.94S164.46E,64.9231121367978,far_from_nominal
83213,34,1986-11-24,-2.01,165.04,SITE_025,1.94S164.46E,64.9231121367978,far_from_nominal
83214,34,1986-11-25,-2.02,165.03,SITE_025,1.94S164.46E,63.9649247742162,far_from_nominal
83215,34,1986-11-26,-2.01,165.04,SITE_025,1.94S164.46E,64.9231121367978,far_from_nominal
83216,34,1986-11-27,-2.01,165.04,SITE_025,1.94S164.46E,64.9231121367978,far_from_nominal
83217,34,1986-11-28,-2.01,165.03,SITE_025,1.94S164.46E,63.8199766185493,far_from_nominal
83218,34,1986-11-29,-2.01,165.03,SITE_025,1.94S164.46E,63.8199766185493,far_from_nominal
83219,34,1986-11-30,-2.02,165.03,SITE_025,1.94S164.46E,63.9649247742162,far_from_nominal
83220,34,1986-12-01,-2.02,165.03,SITE_025,1.94S164.46E,63.9649247742162,far_from_nominal
83221,34,1986-12-02,-2.01,165.03,SITE_025,1.94S164.46E,63.8199766185493,far_from_nominal
83222,34,1986-12-03,-2.01,165.04,SITE_025,1.94S164.46E,64.9231121367978,far_from_nominal
83223,34,1986-12-04,-2.01,165.03,SITE_025,1.94S164.46E,63.8199766185493,far_from_nominal
83224,34,1986-12-05,-2.02,165.04,SITE_025,1.94S164.46E,65.06559623963497,far_from_nominal
83225,34,1986-12-06,-2.02,165.04,SITE_025,1.94S164.46E,65.06559623963497,far_from_nominal
83226,34,1986-12-07,-2.02,165.04,SITE_025,1.94S164.46E,65.06559623963497,far_from_nominal
83227,34,1986-12-08,-2.01,165.04,SITE_025,1.94S164.46E,64.9231121367978,far_from_nominal
83228,34,1986-12-09,-2.01,165.04,SITE_025,1.94S164.46E,64.9231121367978,far_from_nominal
83229,34,1986-12-10,-2.0,165.04,SITE_025,1.94S164.46E,64.79939775829217,far_from_nominal
83230,34,1986-12-11,-2.01,165.04,SITE_025,1.94S164.46E,64.9231121367978,far_from_nominal
83231,34,1986-12-12,-2.01,165.04,SITE_025,1.94S164.46E,64.9231121367978,far_from_nominal
83232,34,1986-12-13,-2.01,165.04,SITE_025,1.94S164.46E,64.9231121367978,far_from_nominal
83233,34,1986-12-14,-2.01,165.04,SITE_025,1.94S164.46E,64.9231121367978,far_from_nominal
83234,34,1986-12-15,-2.01,165.04,SITE_025,1.94S164.46E,64.9231121367978,far_from_nominal
83235,34,1986-12-16,-2.02,165.04,SITE_025,1.94S164.46E,65.06559623963497,far_from_nominal
83236,34,1986-12-17,-2.02,165.04,SITE_025,1.94S164.46E,65.06559623963497,far_from_nominal
83237,34,1986-12-18,-2.01,165.04,SITE_025,1.94S164.46E,64.9231121367978,far_from_nominal
83238,34,1986-12-19,-2.01,165.04,SITE_025,1.94S164.46E,64.9231121367978,far_from_nominal
83239,34,1986-12-20,-2.02,165.04,SITE_025,1.94S164.46E,65.06559623963497,far_from_nominal
83240,34,1986-12-21,-2.01,165.04,SITE_025,1.94S164.46E,64.9231121367978,far_from_nominal
83241,34,1986-12-22,-2.01,165.04,SITE_025,1.94S164.46E,64.9231121367978,far_from_nominal
83242,34,1986-12-23,-2.0,165.04,SITE_025,1.94S164.46E,64.79939775829217,far_from_nominal
83243,34,1986-12-24,-2.01,165.04,SITE_025,1.94S164.46E,64.9231121367978,far_from_nominal
83244,34,1986-12-25,-2.02,165.03,SITE_025,1.94S164.46E,63.9649247742162,far_from_nominal
83245,34,1986-12-26,-2.01,165.04,SITE_025,1.94S164.46E,64.9231121367978,far_from_nominal
83246,34,1986-12-27,-2.01,165.03,SITE_025,1.94S164.46E,63.8199766185493,far_from_nominal
83247,34,1986-12-28,-2.02,165.04,SITE_025,1.94S164.46E,65.06559623963497,far_from_nominal
83248,34,1986-12-29,-2.01,165.04,SITE_025,1.94S164.46E,64.9231121367978,far_from_nominal
83249,34,1986-12-30,-2.01,165.04,SITE_025,1.94S164.46E,64.9231121367978,far_from_nominal
83250,34,1986-12-31,-2.01,165.04,SITE_025,1.94S164.46E,64.9231121367978,far_from_nominal
83251,34,1987-01-01,-2.01,165.04,SITE_025,1.94S164.46E,64.9231121367978,far_from_nominal
83252,34,1987-01-02,-2.01,165.04,SITE_025,1.94S164.46E,64.9231121367978,far_from_nominal
83253,34,1987-01-03,-2.01,165.04,SITE_025,1.94S164.46E,64.9231121367978,far_from_nominal
83254,34,1987-01-04,-2.01,165.03,SITE_025,1.94S164.46E,63.8199766185493,far_from_nominal
83255,34,1987-01-05,-2.01,165.03,SITE_025,1.94S164.46E,63.8199766185493,far_from_nominal
83256,34,1987-01-06,-2.01,165.03,SITE_025,1.94S164.46E,63.8199766185493,far_from_nominal
83257,34,1987-01-07,-2.01,165.03,SITE_025,1.94S164.46E,63.8199766185493,far_from_nominal
83258,34,1987-01-08,-2.01,165.03,SITE_025,1.94S164.46E,63.8199766185493,far_from_nominal
83259,34,1987-01-09,-2.01,165.03,SITE_025,1.94S164.46E,63.8199766185493,far_from_nominal
83260,34,1987-01-10,-2.01,165.03,SITE_025,1.94S164.46E,63.8199766185493,far_from_nominal
83261,34,1987-01-11,-2.02,165.04,SITE_025,1.94S164.46E,65.06559623963497,far_from_nominal
83262,34,1987-01-12,-2.01,165.04,SITE_025,1.94S164.46E,64.9231121367978,far_from_nominal
83263,34,1987-01-13,-2.02,165.04,SITE_025,1.94S164.46E,65.06559623963497,far_from_nominal
83264,34,1987-01-14,-2.01,165.04,SITE_025,1.94S164.46E,64.9231121367978,far_from_nominal
83265,34,1987-01-15,-2.02,165.04,SITE_025,1.94S164.46E,65.06559623963497,far_from_nominal
83266,34,1987-01-16,-2.02,165.03,SITE_025,1.94S164.46E,63.9649247742162,far_from_nominal
83267,34,1987-01-17,-2.02,165.04,SITE_025,1.94S164.46E,65.06559623963497,far_from_nominal
83268,34,1987-01-18,-2.02,165.03,SITE_025,1.94S164.46E,63.9649247742162,far_from_nominal
83269,34,1987-01-19,-2.02,165.03,SITE_025,1.94S164.46E,63.9649247742162,far_from_nominal
83270,34,1987-01-20,-2.02,165.03,SITE_025,1.94S164.46E,63.9649247742162,far_from_nominal
83271,34,1987-01-21,-2.02,165.03,SITE_025,1.94S164.46E,63.9649247742162,far_from_nominal
83272,34,1987-01-22,-2.02,165.03,SITE_025,1.94S164.46E,63.9649247742162,far_from_nominal
83273,34,1987-01-23,-2.02,165.03,SITE_025,1.94S164.46E,63.9649247742162,far_from_nominal
83274,34,1987-01-24,-2.02,165.02,SITE_025,1.94S164.46E,62.86462682119412,far_from_nominal
83275,34,1987-01-25,-2.02,165.02,SITE_025,1.94S164.46E,62.86462682119412,far_from_nominal
83276,34,1987-01-26,-2.01,165.02,SITE_025,1.94S164.46E,62.717129026139695,far_from_nominal
83277,34,1987-01-27,-2.01,165.03,SITE_025,1.94S164.46E,63.8199766185493,far_from_nominal
83278,34,1987-01-28,-2.01,165.03,SITE_025,1.94S164.46E,63.8199766185493,far_from_nominal
83279,34,1987-01-29,-2.01,165.03,SITE_025,1.94S164.46E,63.8199766185493,far_from_nominal
83280,34,1987-01-30,-2.01,165.03,SITE_025,1.94S164.46E,63.8199766185493,far_from_nominal
83281,34,1987-01-31,-2.01,165.03,SITE_025,1.94S164.46E,63.8199766185493,far_from_nominal
83282,34,1987-02-01,-2.02,165.02,SITE_025,1.94S164.46E,62.86462682119412,far_from_nominal
83283,34,1987-02-02,-2.01,165.03,SITE_025,1.94S164.46E,63.8199766185493,far_from_nominal
83284,34,1987-02-03,-2.01,165.03,SITE_025,1.94S164.46E,63.8199766185493,far_from_nominal
83285,34,1987-02-04,-2.01,165.03,SITE_025,1.94S164.46E,63.8199766185493,far_from_nominal
83286,34,1987-02-05,-2.01,165.02,SITE_025,1.94S164.46E,62.717129026139695,far_from_nominal
83287,34,1987-02-06,-2.01,165.03,SITE_025,1.94S164.46E,63.8199766185493,far_from_nominal
83288,34,1987-02-07,-2.02,165.03,SITE_025,1.94S164.46E,63.9649247742162,far_from_nominal
83289,34,1987-02-08,-2.01,165.02,SITE_025,1.94S164.46E,62.717129026139695,far_from_nominal
83290,34,1987-02-09,-2.01,165.03,SITE_025,1.94S164.46E,63.8199766185493,far_from_nominal
83291,34,1987-02-10,-2.02,165.03,SITE_025,1.94S164.46E,63.9649247742162,far_from_nominal
83292,34,1987-02-11,-2.01,165.03,SITE_025,1.94S164.46E,63.8199766185493,far_from_nominal
83293,34,1987-02-12,-2.02,165.03,SITE_025,1.94S164.46E,63.9649247742162,far_from_nominal
83294,34,1987-02-13,-2.01,165.02,SITE_025,1.94S164.46E,62.717129026139695,far_from_nominal
83295,34,1987-02-14,-2.01,165.03,SITE_025,1.94S164.46E,63.8199766185493,far_from_nominal
83296,34,1987-02-15,-2.01,165.03,SITE_025,1.94S164.46E,63.8199766185493,far_from_nominal
83297,34,1987-02-16,-2.01,165.04,SITE_025,1.94S164.46E,64.9231121367978,far_from_nominal
83298,34,1987-02-17,-2.01,165.03,SITE_025,1.94S164.46E,63.8199766185493,far_from_nominal
83299,34,1987-02-18,-2.01,165.03,SITE_025,1.94S164.46E,63.8199766185493,far_from_nominal
83300,34,1987-02-19,-2.01,165.02,SITE_025,1.94S164.46E,62.717129026139695,far_from_nominal
83301,34,1987-02-20,-2.01,165.02,SITE_025,1.94S164.46E,62.717129026139695,far_from_nominal
83302,34,1987-02-21,-2.01,165.02,SITE_025,1.94S164.46E,62.717129026139695,far_from_nominal
83303,34,1987-02-22,-2.01,165.02,SITE_025,1.94S164.46E,62.717129026139695,far_from_nominal
83304,34,1987-02-23,-2.01,165.02,SITE_025,1.94S164.46E,62.717129026139695,far_from_nominal
83305,34,1987-02-24,-2.01,165.03,SITE_025,1.94S164.46E,63.8199766185493,far_from_nominal
83306,34,1987-02-25,-2.02,165.03,SITE_025,1.94S164.46E,63.9649247742162,far_from_nominal
83307,34,1987-02-26,-2.01,165.03,SITE_025,1.94S164.46E,63.8199766185493,far_from_nominal
83308,34,1987-02-27,-2.01,165.03,SITE_025,1.94S164.46E,63.8199766185493,far_from_nominal
83309,34,1987-02-28,-2.01,165.03,SITE_025,1.94S164.46E,63.8199766185493,far_from_nominal
83310,34,1987-03-01,-2.01,165.02,SITE_025,1.94S164.46E,62.717129026139695,far_from_nominal
83311,34,1987-03-02,-2.0,165.03,SITE_025,1.94S164.46E,63.69411289514629,far_from_nominal
83312,34,1987-03-03,-2.01,165.03,SITE_025,1.94S164.46E,63.8199766185493,far_from_nominal
83313,34,1987-03-04,-2.01,165.03,SITE_025,1.94S164.46E,63.8199766185493,far_from_nominal
83314,34,1987-03-05,-2.01,165.03,SITE_025,1.94S164.46E,63.8199766185493,far_from_nominal
83315,34,1987-03-06,-2.01,165.02,SITE_025,1.94S164.46E,62.717129026139695,far_from_nominal
83316,34,1987-03-07,-2.02,165.02,SITE_025,1.94S164.46E,62.86462682119412,far_from_nominal
83317,34,1987-03-08,-2.01,165.02,SITE_025,1.94S164.46E,62.717129026139695,far_from_nominal
83318,34,1987-03-09,-2.02,165.03,SITE_025,1.94S164.46E,63.9649247742162,far_from_nominal
83319,34,1987-03-10,-2.01,165.02,SITE_025,1.94S164.46E,62.717129026139695,far_from_nominal
83320,34,1987-03-11,-2.02,165.02,SITE_025,1.94S164.46E,62.86462682119412,far_from_nominal
83321,34,1987-03-12,-2.02,165.02,SITE_025,1.94S164.46E,62.86462682119412,far_from_nominal
83322,34,1987-03-13,-2.02,165.02,SITE_025,1.94S164.46E,62.86462682119412,far_from_nominal
83323,34,1987-03-14,-2.02,165.02,SITE_025,1.94S164.46E,62.86462682119412,far_from_nominal
83324,34,1987-03-15,-2.02,165.03,SITE_025,1.94S164.46E,63.9649247742162,far_from_nominal
83325,34,1987-03-16,-2.02,165.03,SITE_025,1.94S164.46E,63.9649247742162,far_from_nominal
83326,34,1987-03-17,-2.02,165.02,SITE_025,1.94S164.46E,62.86462682119412,far_from_nominal
83327,34,1987-03-18,-2.02,165.03,SITE_025,1.94S164.46E,63.9649247742162,far_from_nominal
83328,34,1987-03-19,-2.01,165.03,SITE_025,1.94S164.46E,63.8199766185493,far_from_nominal
83329,34,1987-03-20,-2.01,165.02,SITE_025,1.94S164.46E,62.717129026139695,far_from_nominal
83330,34,1987-03-21,-2.01,165.02,SITE_025,1.94S164.46E,62.717129026139695,far_from_nominal
83331,34,1987-03-22,-2.01,165.02,SITE_025,1.94S164.46E,62.717129026139695,far_from_nominal
83332,34,1987-03-23,-2.01,165.02,SITE_025,1.94S164.46E,62.717129026139695,far_from_nominal
83333,34,1987-03-24,-2.01,165.02,SITE_025,1.94S164.46E,62.717129026139695,far_from_nominal
83334,34,1987-03-25,-2.01,165.02,SITE_025,1.94S164.46E,62.717129026139695,far_from_nominal
83335,34,1987-03-26,-2.01,165.02,SITE_025,1.94S164.46E,62.717129026139695,far_from_nominal
83336,34,1987-03-27,-2.01,165.03,SITE_025,1.94S164.46E,63.8199766185493,far_from_nominal
83337,34,1987-03-28,-2.01,165.04,SITE_025,1.94S164.46E,64.9231121367978,far_from_nominal
83338,34,1987-03-29,-2.01,165.04,SITE_025,1.94S164.46E,64.9231121367978,far_from_nominal
83339,34,1987-03-30,-2.01,165.03,SITE_025,1.94S164.46E,63.8199766185493,far_from_nominal
83340,34,1987-03-31,-2.01,165.03,SITE_025,1.94S164.46E,63.8199766185493,far_from_nominal
83341,34,1987-04-01,-2.01,165.03,SITE_025,1.94S164.46E,63.8199766185493,far_from_nominal
83342,34,1987-04-02,-2.01,165.02,SITE_025,1.94S164.46E,62.717129026139695,far_from_nominal
83343,34,1987-04-03,-2.01,165.03,SITE_025,1.94S164.46E,63.8199766185493,far_from_nominal
83344,34,1987-04-04,-2.01,165.03,SITE_025,1.94S164.46E,63.8199766185493,far_from_nominal
83345,34,1987-04-05,-2.02,165.02,SITE_025,1.94S164.46E,62.86462682119412,far_from_nominal
83346,34,1987-04-06,-2.02,165.03,SITE_025,1.94S164.46E,63.9649247742162,far_from_nominal
83347,34,1987-04-07,-2.02,165.03,SITE_025,1.94S164.46E,63.9649247742162,far_from_nominal
83348,34,1987-04-08,-2.02,165.03,SITE_025,1.94S164.46E,63.9649247742162,far_from_nominal
83349,34,1987-04-09,-2.02,165.02,SITE_025,1.94S164.46E,62.86462682119412,far_from_nominal
83350,34,1987-04-10,-2.02,165.03,SITE_025,1.94S164.46E,63.9649247742162,far_from_nominal
83351,34,1987-04-11,-2.02,165.03,SITE_025,1.94S164.46E,63.9649247742162,far_from_nominal
83352,34,1987-04-12,-2.02,165.03,SITE_025,1.94S164.46E,63.9649247742162,far_from_nominal
83353,34,1987-04-13,-2.0,165.03,SITE_025,1.94S164.46E,63.69411289514629,far_from_nominal
83354,34,1987-04-14,-2.01,165.03,SITE_025,1.94S164.46E,63.8199766185493,far_from_nominal
83355,34,1987-04-15,-2.01,165.03,SITE_025,1.94S164.46E,63.8199766185493,far_from_nominal
83356,34,1987-04-16,-2.0,165.03,SITE_025,1.94S164.46E,63.69411289514629,far_from_nominal
83357,34,1987-04-17,-2.01,165.03,SITE_025,1.94S164.46E,63.8199766185493,far_from_nominal
83358,34,1987-04-18,-2.01,165.02,SITE_025,1.94S164.46E,62.717129026139695,far_from_nominal
83359,34,1987-04-19,-2.01,165.03,SITE_025,1.94S164.46E,63.8199766185493,far_from_nominal
83360,34,1987-04-20,-2.01,165.03,SITE_025,1.94S164.46E,63.8199766185493,far_from_nominal
83361,34,1987-04-21,-2.01,165.03,SITE_025,1.94S164.46E,63.8199766185493,far_from_nominal
83362,34,1987-04-22,-2.01,165.02,SITE_025,1.94S164.46E,62.717129026139695,far_from_nominal
83363,34,1987-04-23,-2.01,165.03,SITE_025,1.94S164.46E,63.8199766185493,far_from_nominal
83364,34,1987-04-24,-2.01,165.03,SITE_025,1.94S164.46E,63.8199766185493,far_from_nominal
83365,34,1987-04-25,-2.01,165.04,SITE_025,1.94S164.46E,64.9231121367978,far_from_nominal
83366,34,1987-04-26,-2.01,165.03,SITE_025,1.94S164.46E,63.8199766185493,far_from_nominal
83367,34,1987-04-27,-2.01,165.03,SITE_025,1.94S164.46E,63.8199766185493,far_from_nominal
83368,34,1987-04-28,-2.01,165.02,SITE_025,1.94S164.46E,62.717129026139695,far_from_nominal
83369,34,1987-04-29,-2.01,165.02,SITE_025,1.94S164.46E,62.717129026139695,far_from_nominal
83370,34,1987-04-30,-2.01,165.02,SITE_025,1.94S164.46E,62.717129026139695,far_from_nominal
83371,34,1987-05-01,-2.0,165.01,SITE_025,1.94S164.46E,61.48419302950857,far_from_nominal
83372,34,1987-05-02,-2.02,165.02,SITE_025,1.94S164.46E,62.86462682119412,far_from_nominal
83373,34,1987-05-03,-2.02,165.02,SITE_025,1.94S164.46E,62.86462682119412,far_from_nominal
83374,34,1987-05-04,-2.02,165.02,SITE_025,1.94S164.46E,62.86462682119412,far_from_nominal
83375,34,1987-05-05,-2.01,165.03,SITE_025,1.94S164.46E,63.8199766185493,far_from_nominal
83376,34,1987-05-06,-2.01,165.03,SITE_025,1.94S164.46E,63.8199766185493,far_from_nominal
83377,34,1987-05-07,-2.01,165.03,SITE_025,1.94S164.46E,63.8199766185493,far_from_nominal
83378,34,1987-05-08,-2.01,165.03,SITE_025,1.94S164.46E,63.8199766185493,far_from_nominal
83379,34,1987-05-09,-2.01,165.03,SITE_025,1.94S164.46E,63.8199766185493,far_from_nominal
83380,34,1987-05-10,-2.01,165.03,SITE_025,1.94S164.46E,63.8199766185493,far_from_nominal
83381,34,1987-05-11,-2.01,165.03,SITE_025,1.94S164.46E,63.8199766185493,far_from_nominal
83382,34,1987-05-12,-2.01,165.03,SITE_025,1.94S164.46E,63.8199766185493,far_from_nominal
83383,34,1987-05-13,-2.01,165.03,SITE_025,1.94S164.46E,63.8199766185493,far_from_nominal
83384,34,1987-05-14,-2.01,165.04,SITE_025,1.94S164.46E,64.9231121367978,far_from_nominal
83385,34,1987-05-15,-2.01,165.03,SITE_025,1.94S164.46E,63.8199766185493,far_from_nominal
83386,34,1987-05-16,-2.01,165.04,SITE_025,1.94S164.46E,64.9231121367978,far_from_nominal
83387,34,1987-05-17,-2.01,165.04,SITE_025,1.94S164.46E,64.9231121367978,far_from_nominal
83388,34,1987-05-18,-2.01,165.04,SITE_025,1.94S164.46E,64.9231121367978,far_from_nominal
83389,34,1987-05-19,-2.01,165.04,SITE_025,1.94S164.46E,64.9231121367978,far_from_nominal
83390,34,1987-05-20,-2.02,165.04,SITE_025,1.94S164.46E,65.06559623963497,far_from_nominal
83391,34,1987-05-21,-2.01,165.03,SITE_025,1.94S164.46E,63.8199766185493,far_from_nominal
83392,34,1987-05-22,-2.02,165.04,SITE_025,1.94S164.46E,65.06559623963497,far_from_nominal
83393,34,1987-05-23,-2.02,165.04,SITE_025,1.94S164.46E,65.06559623963497,far_from_nominal
83394,34,1987-05-24,-2.01,165.04,SITE_025,1.94S164.46E,64.9231121367978,far_from_nominal
83395,34,1987-07-22,-2.0,165.18,SITE_025,1.94S164.46E,80.29080512553183,far_from_nominal
83396,34,1987-07-23,-2.0,165.18,SITE_025,1.94S164.46E,80.29080512553183,far_from_nominal
83397,34,1987-07-24,-2.0,165.17,SITE_025,1.94S164.46E,79.18340864215311,far_from_nominal
83398,34,1987-07-25,-2.0,165.17,SITE_025,1.94S164.46E,79.18340864215311,far_from_nominal
83399,34,1987-07-26,-2.0,165.17,SITE_025,1.94S164.46E,79.18340864215311,far_from_nominal
83400,34,1987-07-27,-2.0,165.17,SITE_025,1.94S164.46E,79.18340864215311,far_from_nominal
83401,34,1987-07-28,-2.0,165.17,SITE_025,1.94S164.46E,79.18340864215311,far_from_nominal
83402,34,1987-07-29,-2.0,165.17,SITE_025,1.94S164.46E,79.18340864215311,far_from_nominal
83403,34,1987-07-30,-2.0,165.17,SITE_025,1.94S164.46E,79.18340864215311,far_from_nominal
83404,34,1987-07-31,-2.01,165.17,SITE_025,1.94S164.46E,79.28460270489568,far_from_nominal
83405,34,1987-08-01,-2.0,165.18,SITE_025,1.94S164.46E,80.29080512553183,far_from_nominal
83406,34,1987-08-02,-1.99,165.17,SITE_025,1.94S164.46E,79.09771757167601,far_from_nominal
83407,34,1987-08-03,-2.01,165.17,SITE_025,1.94S164.46E,79.28460270489568,far_from_nominal
83408,34,1987-08-04,-2.0,165.17,SITE_025,1.94S164.46E,79.18340864215311,far_from_nominal
83409,34,1987-08-05,-2.01,165.17,SITE_025,1.94S164.46E,79.28460270489568,far_from_nominal
83410,34,1987-08-06,-2.01,165.17,SITE_025,1.94S164.46E,79.28460270489568,far_from_nominal
83411,34,1987-08-07,-2.01,165.17,SITE_025,1.94S164.46E,79.28460270489568,far_from_nominal
83412,34,1987-08-08,-2.01,165.17,SITE_025,1.94S164.46E,79.28460270489568,far_from_nominal
83413,34,1987-08-09,-2.01,165.17,SITE_025,1.94S164.46E,79.28460270489568,far_from_nominal
83414,34,1987-08-10,-2.01,165.18,SITE_025,1.94S164.46E,80.39059859320791,far_from_nominal
83415,34,1987-08-11,-2.01,165.17,SITE_025,1.94S164.46E,79.28460270489568,far_from_nominal
83416,34,1987-08-12,-2.0,165.17,SITE_025,1.94S164.46E,79.18340864215311,far_from_nominal
83417,34,1987-08-13,-2.0,165.18,SITE_025,1.94S164.46E,80.29080512553183,far_from_nominal
83418,34,1987-08-14,-2.0,165.17,SITE_025,1.94S164.46E,79.18340864215311,far_from_nominal
83419,34,1987-08-15,-2.0,165.17,SITE_025,1.94S164.46E,79.18340864215311,far_from_nominal
83420,34,1987-08-16,-2.01,165.17,SITE_025,1.94S164.46E,79.28460270489568,far_from_nominal
83421,34,1987-08-17,-2.01,165.17,SITE_025,1.94S164.46E,79.28460270489568,far_from_nominal
83422,34,1987-08-18,-2.01,165.17,SITE_025,1.94S164.46E,79.28460270489568,far_from_nominal
83423,34,1987-08-19,-2.01,165.17,SITE_025,1.94S164.46E,79.28460270489568,far_from_nominal
83424,34,1987-08-20,-2.0,165.16,SITE_025,1.94S164.46E,78.07612290034265,far_from_nominal
83425,34,1987-08-21,-2.0,165.16,SITE_025,1.94S164.46E,78.07612290034265,far_from_nominal
83426,34,1987-08-22,-2.01,165.16,SITE_025,1.94S164.46E,78.17875697091577,far_from_nominal
83427,34,1987-08-23,-2.0,165.17,SITE_025,1.94S164.46E,79.18340864215311,far_from_nominal
83428,34,1987-08-24,-2.0,165.17,SITE_025,1.94S164.46E,79.18340864215311,far_from_nominal
83429,34,1987-08-25,-2.0,165.17,SITE_025,1.94S164.46E,79.18340864215311,far_from_nominal
83430,34,1987-08-26,-2.0,165.16,SITE_025,1.94S164.46E,78.07612290034265,far_from_nominal
83431,34,1987-08-27,-1.99,165.17,SITE_025,1.94S164.46E,79.09771757167601,far_from_nominal
83432,34,1987-08-28,-1.99,165.18,SITE_025,1.94S164.46E,80.20630381954246,far_from_nominal
83433,34,1987-08-29,-2.0,165.17,SITE_025,1.94S164.46E,79.18340864215311,far_from_nominal
83434,34,1987-08-30,-2.0,165.17,SITE_025,1.94S164.46E,79.18340864215311,far_from_nominal
83435,34,1987-08-31,-2.0,165.17,SITE_025,1.94S164.46E,79.18340864215311,far_from_nominal
83436,34,1987-09-01,-2.0,165.17,SITE_025,1.94S164.46E,79.18340864215311,far_from_nominal
83437,34,1987-09-02,-2.0,165.17,SITE_025,1.94S164.46E,79.18340864215311,far_from_nominal
83438,34,1987-09-03,-2.0,165.17,SITE_025,1.94S164.46E,79.18340864215311,far_from_nominal
83439,34,1987-09-04,-2.0,165.17,SITE_025,1.94S164.46E,79.18340864215311,far_from_nominal
83440,34,1987-09-05,-2.0,165.17,SITE_025,1.94S164.46E,79.18340864215311,far_from_nominal
83441,34,1987-09-06,-2.0,165.18,SITE_025,1.94S164.46E,80.29080512553183,far_from_nominal
83442,34,1987-09-07,-2.0,165.17,SITE_025,1.94S164.46E,79.18340864215311,far_from_nominal
83443,34,1987-09-08,-2.0,165.16,SITE_025,1.94S164.46E,78.07612290034265,far_from_nominal
83444,34,1987-09-09,-2.0,165.16,SITE_025,1.94S164.46E,78.07612290034265,far_from_nominal
83445,34,1987-09-10,-2.0,165.17,SITE_025,1.94S164.46E,79.18340864215311,far_from_nominal
83446,34,1987-09-11,-2.0,165.17,SITE_025,1.94S164.46E,79.18340864215311,far_from_nominal
83447,34,1987-09-12,-2.0,165.17,SITE_025,1.94S164.46E,79.18340864215311,far_from_nominal
83448,34,1987-09-13,-2.0,165.19,SITE_025,1.94S164.46E,81.39830783062685,far_from_nominal
83449,34,1987-09-14,-2.01,165.2,SITE_025,1.94S164.46E,82.6030167063154,far_from_nominal
83450,34,1987-09-15,-2.0,165.17,SITE_025,1.94S164.46E,79.18340864215311,far_from_nominal
83451,34,1987-09-16,-2.0,165.16,SITE_025,1.94S164.46E,78.07612290034265,far_from_nominal
83452,34,1987-09-17,-2.0,165.17,SITE_025,1.94S164.46E,79.18340864215311,far_from_nominal
83453,34,1987-09-18,-1.99,165.19,SITE_025,1.94S164.46E,81.31496406617792,far_from_nominal
83454,34,1987-09-19,-2.01,165.17,SITE_025,1.94S164.46E,79.28460270489568,far_from_nominal
83455,34,1987-09-20,-2.01,165.17,SITE_025,1.94S164.46E,79.28460270489568,far_from_nominal
83456,34,1987-09-21,-2.0,165.17,SITE_025,1.94S164.46E,79.18340864215311,far_from_nominal
83457,34,1987-09-22,-2.0,165.18,SITE_025,1.94S164.46E,80.29080512553183,far_from_nominal
83458,34,1987-09-23,-2.0,165.19,SITE_025,1.94S164.46E,81.39830783062685,far_from_nominal
83459,34,1987-09-24,-2.0,165.17,SITE_025,1.94S164.46E,79.18340864215311,far_from_nominal
83460,34,1987-09-25,-2.0,165.17,SITE_025,1.94S164.46E,79.18340864215311,far_from_nominal
83461,34,1987-09-26,-2.0,165.17,SITE_025,1.94S164.46E,79.18340864215311,far_from_nominal
83462,34,1987-09-27,-2.01,165.16,SITE_025,1.94S164.46E,78.17875697091577,far_from_nominal
83463,34,1987-09-28,-2.0,165.17,SITE_025,1.94S164.46E,79.18340864215311,far_from_nominal
83464,34,1987-09-29,-1.99,165.17,SITE_025,1.94S164.46E,79.09771757167601,far_from_nominal
83465,34,1987-09-30,-1.99,165.16,SITE_025,1.94S164.46E,77.98920847821893,far_from_nominal
83466,34,1987-10-01,-2.0,165.16,SITE_025,1.94S164.46E,78.07612290034265,far_from_nominal
83467,34,1987-10-02,-2.0,165.16,SITE_025,1.94S164.46E,78.07612290034265,far_from_nominal
83468,34,1987-10-03,-2.0,165.16,SITE_025,1.94S164.46E,78.07612290034265,far_from_nominal
83469,34,1987-10-04,-2.0,165.15,SITE_025,1.94S164.46E,76.96895267956212,far_from_nominal
83470,34,1987-10-05,-1.99,165.16,SITE_025,1.94S164.46E,77.98920847821893,far_from_nominal
83471,34,1987-10-06,-1.99,165.15,SITE_025,1.94S164.46E,76.88077987656644,far_from_nominal
83472,34,1987-10-07,-2.0,165.15,SITE_025,1.94S164.46E,76.96895267956212,far_from_nominal
83473,34,1987-10-08,-2.0,165.16,SITE_025,1.94S164.46E,78.07612290034265,far_from_nominal
83474,34,1987-10-09,-2.0,165.15,SITE_025,1.94S164.46E,76.96895267956212,far_from_nominal
83475,34,1987-10-10,-2.0,165.15,SITE_025,1.94S164.46E,76.96895267956212,far_from_nominal
83476,34,1987-10-11,-2.0,165.16,SITE_025,1.94S164.46E,78.07612290034265,far_from_nominal
83477,34,1987-10-12,-2.0,165.15,SITE_025,1.94S164.46E,76.96895267956212,far_from_nominal
83478,34,1987-10-13,-2.0,165.16,SITE_025,1.94S164.46E,78.07612290034265,far_from_nominal
83479,34,1987-10-14,-2.0,165.16,SITE_025,1.94S164.46E,78.07612290034265,far_from_nominal
83480,34,1987-10-15,-2.01,165.17,SITE_025,1.94S164.46E,79.28460270489568,far_from_nominal
83481,34,1987-10-16,-2.0,165.19,SITE_025,1.94S164.46E,81.39830783062685,far_from_nominal
83482,34,1987-10-17,-1.99,165.15,SITE_025,1.94S164.46E,76.88077987656644,far_from_nominal
83483,34,1987-10-18,-1.99,165.16,SITE_025,1.94S164.46E,77.98920847821893,far_from_nominal
83484,34,1987-10-19,-2.0,165.13,SITE_025,1.94S164.46E,74.75497933203741,far_from_nominal
83485,34,1987-10-20,-1.99,165.18,SITE_025,1.94S164.46E,80.20630381954246,far_from_nominal
83486,34,1987-10-21,-1.99,165.2,SITE_025,1.94S164.46E,82.42369532553019,far_from_nominal
83487,34,1987-10-22,-1.99,165.28,SITE_025,1.94S164.46E,91.29579135342334,far_from_nominal
83488,34,1987-10-23,-2.0,165.15,SITE_025,1.94S164.46E,76.96895267956212,far_from_nominal
83489,34,1987-10-24,-1.99,165.15,SITE_025,1.94S164.46E,76.88077987656644,far_from_nominal
83490,34,1987-10-25,-2.0,165.15,SITE_025,1.94S164.46E,76.96895267956212,far_from_nominal
83491,34,1987-10-26,-2.0,165.16,SITE_025,1.94S164.46E,78.07612290034265,far_from_nominal
83492,34,1987-10-27,-2.0,165.16,SITE_025,1.94S164.46E,78.07612290034265,far_from_nominal
83493,34,1987-10-28,-2.0,165.16,SITE_025,1.94S164.46E,78.07612290034265,far_from_nominal
83494,34,1987-10-29,-2.01,165.15,SITE_025,1.94S164.46E,77.07306785455171,far_from_nominal
83495,34,1987-10-30,-2.02,165.15,SITE_025,1.94S164.46E,77.19306089409866,far_from_nominal
83496,34,1987-10-31,-2.0,165.15,SITE_025,1.94S164.46E,76.96895267956212,far_from_nominal
83497,34,1987-11-01,-2.0,165.15,SITE_025,1.94S164.46E,76.96895267956212,far_from_nominal
83498,34,1987-11-02,-1.99,165.15,SITE_025,1.94S164.46E,76.88077987656644,far_from_nominal
83499,34,1987-11-03,-1.99,165.15,SITE_025,1.94S164.46E,76.88077987656644,far_from_nominal
83500,34,1987-11-04,-1.99,165.15,SITE_025,1.94S164.46E,76.88077987656644,far_from_nominal
83501,34,1987-11-05,-2.0,165.14,SITE_025,1.94S164.46E,75.86190303778433,far_from_nominal
83502,34,1987-11-06,-2.0,165.14,SITE_025,1.94S164.46E,75.86190303778433,far_from_nominal
83503,34,1987-11-07,-2.0,165.17,SITE_025,1.94S164.46E,79.18340864215311,far_from_nominal
83504,34,1987-11-08,-2.0,165.19,SITE_025,1.94S164.46E,81.39830783062685,far_from_nominal
83505,34,1987-11-09,-2.0,165.15,SITE_025,1.94S164.46E,76.96895267956212,far_from_nominal
83506,34,1987-11-10,-2.0,165.15,SITE_025,1.94S164.46E,76.96895267956212,far_from_nominal
83507,34,1987-11-11,-2.0,165.16,SITE_025,1.94S164.46E,78.07612290034265,far_from_nominal
83508,34,1987-11-12,-2.0,165.16,SITE_025,1.94S164.46E,78.07612290034265,far_from_nominal
83509,34,1987-11-13,-2.0,165.16,SITE_025,1.94S164.46E,78.07612290034265,far_from_nominal
83510,34,1987-11-14,-1.99,165.16,SITE_025,1.94S164.46E,77.98920847821893,far_from_nominal
83511,34,1987-11-15,-2.0,165.16,SITE_025,1.94S164.46E,78.07612290034265,far_from_nominal
83512,34,1987-11-16,-2.0,165.16,SITE_025,1.94S164.46E,78.07612290034265,far_from_nominal
83513,34,1987-11-17,-2.0,165.17,SITE_025,1.94S164.46E,79.18340864215311,far_from_nominal
83514,34,1987-11-18,-1.99,165.17,SITE_025,1.94S164.46E,79.09771757167601,far_from_nominal
83515,34,1987-11-19,-1.99,165.16,SITE_025,1.94S164.46E,77.98920847821893,far_from_nominal
83516,34,1987-11-20,-1.99,165.17,SITE_025,1.94S164.46E,79.09771757167601,far_from_nominal
83517,34,1987-11-21,-1.99,165.17,SITE_025,1.94S164.46E,79.09771757167601,far_from_nominal
83518,34,1987-11-22,-2.0,165.17,SITE_025,1.94S164.46E,79.18340864215311,far_from_nominal
83519,34,1987-11-23,-2.0,165.17,SITE_025,1.94S164.46E,79.18340864215311,far_from_nominal
83520,34,1987-11-24,-2.0,165.17,SITE_025,1.94S164.46E,79.18340864215311,far_from_nominal
83521,34,1987-11-25,-2.0,165.17,SITE_025,1.94S164.46E,79.18340864215311,far_from_nominal
83522,34,1987-11-26,-2.0,165.17,SITE_025,1.94S164.46E,79.18340864215311,far_from_nominal
83523,34,1987-11-27,-1.99,165.17,SITE_025,1.94S164.46E,79.09771757167601,far_from_nominal
83524,34,1987-11-28,-1.99,165.17,SITE_025,1.94S164.46E,79.09771757167601,far_from_nominal
83525,34,1987-11-29,-2.0,165.17,SITE_025,1.94S164.46E,79.18340864215311,far_from_nominal
83526,34,1987-11-30,-1.99,165.17,SITE_025,1.94S164.46E,79.09771757167601,far_from_nominal
83527,34,1987-12-01,-1.99,165.17,SITE_025,1.94S164.46E,79.09771757167601,far_from_nominal
83528,34,1987-12-02,-2.0,165.17,SITE_025,1.94S164.46E,79.18340864215311,far_from_nominal
83529,34,1987-12-03,-2.0,165.17,SITE_025,1.94S164.46E,79.18340864215311,far_from_nominal
83530,34,1987-12-04,-2.0,165.17,SITE_025,1.94S164.46E,79.18340864215311,far_from_nominal
83531,34,1987-12-05,-2.0,165.18,SITE_025,1.94S164.46E,80.29080512553183,far_from_nominal
83532,34,1987-12-06,-2.01,165.17,SITE_025,1.94S164.46E,79.28460270489568,far_from_nominal
83533,34,1987-12-07,-2.0,165.17,SITE_025,1.94S164.46E,79.18340864215311,far_from_nominal
83534,34,1987-12-08,-1.99,165.17,SITE_025,1.94S164.46E,79.09771757167601,far_from_nominal
83535,34,1987-12-09,-1.99,165.17,SITE_025,1.94S164.46E,79.09771757167601,far_from_nominal
83536,34,1987-12-10,-2.0,165.17,SITE_025,1.94S164.46E,79.18340864215311,far_from_nominal
83537,34,1987-12-11,-2.0,165.17,SITE_025,1.94S164.46E,79.18340864215311,far_from_nominal
83538,34,1987-12-12,-2.0,165.17,SITE_025,1.94S164.46E,79.18340864215311,far_from_nominal
83539,34,1987-12-13,-2.0,165.17,SITE_025,1.94S164.46E,79.18340864215311,far_from_nominal
83540,34,1987-12-14,-2.0,165.17,SITE_025,1.94S164.46E,79.18340864215311,far_from_nominal
83541,34,1987-12-15,-2.0,165.17,SITE_025,1.94S164.46E,79.18340864215311,far_from_nominal
83542,34,1987-12-16,-2.0,165.17,SITE_025,1.94S164.46E,79.18340864215311,far_from_nominal
83543,34,1987-12-17,-2.0,165.17,SITE_025,1.94S164.46E,79.18340864215311,far_from_nominal
83544,34,1987-12-18,-1.99,165.17,SITE_025,1.94S164.46E,79.09771757167601,far_from_nominal
83545,34,1987-12-19,-2.0,165.17,SITE_025,1.94S164.46E,79.18340864215311,far_from_nominal
83546,34,1987-12-20,-2.01,165.17,SITE_025,1.94S164.46E,79.28460270489568,far_from_nominal
83547,34,1987-12-21,-2.0,165.17,SITE_025,1.94S164.46E,79.18340864215311,far_from_nominal
83548,34,1987-12-22,-2.0,165.17,SITE_025,1.94S164.46E,79.18340864215311,far_from_nominal
83549,34,1987-12-23,-2.0,165.17,SITE_025,1.94S164.46E,79.18340864215311,far_from_nominal
83550,34,1987-12-24,-1.99,165.16,SITE_025,1.94S164.46E,77.98920847821893,far_from_nominal
83551,34,1987-12-25,-1.99,165.16,SITE_025,1.94S164.46E,77.98920847821893,far_from_nominal
83552,34,1987-12-26,-1.99,165.18,SITE_025,1.94S164.46E,80.20630381954246,far_from_nominal
83553,34,1987-12-27,-2.0,165.17,SITE_025,1.94S164.46E,79.18340864215311,far_from_nominal
83554,34,1987-12-28,-2.0,165.17,SITE_025,1.94S164.46E,79.18340864215311,far_from_nominal
83555,34,1987-12-29,-2.0,165.17,SITE_025,1.94S164.46E,79.18340864215311,far_from_nominal
83556,34,1987-12-30,-2.0,165.17,SITE_025,1.94S164.46E,79.18340864215311,far_from_nominal
83557,34,1987-12-31,-2.0,165.17,SITE_025,1.94S164.46E,79.18340864215311,far_from_nominal
83558,34,1988-02-06,-1.99,164.91,SITE_025,1.94S164.46E,50.316467939966884,far_from_nominal
83559,34,1988-02-07,-2.0,164.91,SITE_025,1.94S164.46E,50.451289993619746,far_from_nominal
83560,34,1988-02-08,-1.99,164.92,SITE_025,1.94S164.46E,51.421106525473476,far_from_nominal
83561,34,1988-02-09,-2.0,164.91,SITE_025,1.94S164.46E,50.451289993619746,far_from_nominal
83562,34,1988-02-10,-2.0,164.92,SITE_025,1.94S164.46E,51.55303323180414,far_from_nominal
83563,34,1988-02-11,-2.0,164.91,SITE_025,1.94S164.46E,50.451289993619746,far_from_nominal
83564,34,1988-02-12,-2.0,164.91,SITE_025,1.94S164.46E,50.451289993619746,far_from_nominal
83565,34,1988-02-13,-2.0,164.91,SITE_025,1.94S164.46E,50.451289993619746,far_from_nominal
83566,34,1988-02-14,-2.0,164.91,SITE_025,1.94S164.46E,50.451289993619746,far_from_nominal
83567,34,1988-02-15,-2.0,164.91,SITE_025,1.94S164.46E,50.451289993619746,far_from_nominal
83568,34,1988-02-16,-2.0,164.91,SITE_025,1.94S164.46E,50.451289993619746,far_from_nominal
83569,34,1988-02-17,-2.0,164.91,SITE_025,1.94S164.46E,50.451289993619746,far_from_nominal
83570,34,1988-02-18,-2.0,164.91,SITE_025,1.94S164.46E,50.451289993619746,far_from_nominal
83571,34,1988-02-19,-1.99,164.92,SITE_025,1.94S164.46E,51.421106525473476,far_from_nominal
83572,34,1988-02-20,-1.99,164.92,SITE_025,1.94S164.46E,51.421106525473476,far_from_nominal
83573,34,1988-02-21,-1.99,164.92,SITE_025,1.94S164.46E,51.421106525473476,far_from_nominal
83574,34,1988-02-22,-1.99,164.92,SITE_025,1.94S164.46E,51.421106525473476,far_from_nominal
83575,34,1988-02-23,-1.99,164.92,SITE_025,1.94S164.46E,51.421106525473476,far_from_nominal
83576,34,1988-02-24,-1.99,164.92,SITE_025,1.94S164.46E,51.421106525473476,far_from_nominal
83577,34,1988-02-25,-1.99,164.91,SITE_025,1.94S164.46E,50.316467939966884,far_from_nominal
83578,34,1988-02-26,-1.99,164.91,SITE_025,1.94S164.46E,50.316467939966884,far_from_nominal
83579,34,1988-02-27,-2.0,164.92,SITE_025,1.94S164.46E,51.55303323180414,far_from_nominal
83580,34,1988-02-28,-2.0,164.91,SITE_025,1.94S164.46E,50.451289993619746,far_from_nominal
83581,34,1988-02-29,-2.0,164.92,SITE_025,1.94S164.46E,51.55303323180414,far_from_nominal
83582,34,1988-03-01,-2.0,164.91,SITE_025,1.94S164.46E,50.451289993619746,far_from_nominal
83583,34,1988-03-02,-2.0,164.91,SITE_025,1.94S164.46E,50.451289993619746,far_from_nominal
83584,34,1988-03-03,-2.01,164.91,SITE_025,1.94S164.46E,50.61018866268184,far_from_nominal
83585,34,1988-03-04,-2.0,164.91,SITE_025,1.94S164.46E,50.451289993619746,far_from_nominal
83586,34,1988-03-05,-2.0,164.91,SITE_025,1.94S164.46E,50.451289993619746,far_from_nominal
83587,34,1988-03-06,-2.0,164.91,SITE_025,1.94S164.46E,50.451289993619746,far_from_nominal
83588,34,1988-03-07,-2.0,164.91,SITE_025,1.94S164.46E,50.451289993619746,far_from_nominal
83589,34,1988-03-08,-2.0,164.91,SITE_025,1.94S164.46E,50.451289993619746,far_from_nominal
83590,34,1988-03-09,-2.0,164.91,SITE_025,1.94S164.46E,50.451289993619746,far_from_nominal
83592,34,1988-03-11,-1.99,164.91,SITE_025,1.94S164.46E,50.316467939966884,far_from_nominal
83593,34,1988-03-12,-2.0,164.91,SITE_025,1.94S164.46E,50.451289993619746,far_from_nominal
83594,34,1988-03-13,-2.0,164.91,SITE_025,1.94S164.46E,50.451289993619746,far_from_nominal
83595,34,1988-03-14,-2.0,164.91,SITE_025,1.94S164.46E,50.451289993619746,far_from_nominal
83596,34,1988-03-15,-2.0,164.91,SITE_025,1.94S164.46E,50.451289993619746,far_from_nominal
83597,34,1988-03-16,-2.0,164.91,SITE_025,1.94S164.46E,50.451289993619746,far_from_nominal
83598,34,1988-03-17,-1.99,164.91,SITE_025,1.94S164.46E,50.316467939966884,far_from_nominal
83599,34,1988-03-18,-2.0,164.91,SITE_025,1.94S164.46E,50.451289993619746,far_from_nominal
83600,34,1988-03-19,-2.0,164.91,SITE_025,1.94S164.46E,50.451289993619746,far_from_nominal
83601,34,1988-03-20,-2.0,164.91,SITE_025,1.94S164.46E,50.451289993619746,far_from_nominal
83602,34,1988-03-21,-2.0,164.91,SITE_025,1.94S164.46E,50.451289993619746,far_from_nominal
83603,34,1988-03-22,-2.0,164.91,SITE_025,1.94S164.46E,50.451289993619746,far_from_nominal
83604,34,1988-03-23,-2.0,164.91,SITE_025,1.94S164.46E,50.451289993619746,far_from_nominal
83605,34,1988-03-24,-1.99,164.91,SITE_025,1.94S164.46E,50.316467939966884,far_from_nominal
83606,34,1988-03-25,-1.99,164.91,SITE_025,1.94S164.46E,50.316467939966884,far_from_nominal
83607,34,1988-03-26,-1.99,164.91,SITE_025,1.94S164.46E,50.316467939966884,far_from_nominal
83608,34,1988-03-27,-1.99,164.91,SITE_025,1.94S164.46E,50.316467939966884,far_from_nominal
83609,34,1988-03-28,-1.99,164.91,SITE_025,1.94S164.46E,50.316467939966884,far_from_nominal
83611,34,1988-03-30,-1.99,164.91,SITE_025,1.94S164.46E,50.316467939966884,far_from_nominal
83612,34,1988-03-31,-1.99,164.92,SITE_025,1.94S164.46E,51.421106525473476,far_from_nominal
83613,34,1988-04-01,-2.0,164.92,SITE_025,1.94S164.46E,51.55303323180414,far_from_nominal
83614,34,1988-04-02,-2.0,164.92,SITE_025,1.94S164.46E,51.55303323180414,far_from_nominal
83615,34,1988-04-03,-2.0,164.92,SITE_025,1.94S164.46E,51.55303323180414,far_from_nominal
83616,34,1988-04-04,-2.0,164.91,SITE_025,1.94S164.46E,50.451289993619746,far_from_nominal
83617,34,1988-04-05,-1.99,164.92,SITE_025,1.94S164.46E,51.421106525473476,far_from_nominal
83618,34,1988-04-06,-2.0,164.91,SITE_025,1.94S164.46E,50.451289993619746,far_from_nominal
83620,34,1988-04-08,-1.99,164.91,SITE_025,1.94S164.46E,50.316467939966884,far_from_nominal
83621,34,1988-04-09,-1.99,164.91,SITE_025,1.94S164.46E,50.316467939966884,far_from_nominal
83622,34,1988-04-10,-1.99,164.91,SITE_025,1.94S164.46E,50.316467939966884,far_from_nominal
83623,34,1988-04-11,-1.99,164.91,SITE_025,1.94S164.46E,50.316467939966884,far_from_nominal
83624,34,1988-04-12,-1.99,164.91,SITE_025,1.94S164.46E,50.316467939966884,far_from_nominal
83625,34,1988-04-13,-1.99,164.91,SITE_025,1.94S164.46E,50.316467939966884,far_from_nominal
83626,34,1988-04-14,-2.0,164.91,SITE_025,1.94S164.46E,50.451289993619746,far_from_nominal
83627,34,1988-04-15,-2.01,164.92,SITE_025,1.94S164.46E,51.70853982272077,far_from_nominal
83628,34,1988-04-16,-2.0,164.91,SITE_025,1.94S164.46E,50.451289993619746,far_from_nominal
83629,34,1988-04-17,-1.99,164.91,SITE_025,1.94S164.46E,50.316467939966884,far_from_nominal
83630,34,1988-04-18,-1.99,164.91,SITE_025,1.94S164.46E,50.316467939966884,far_from_nominal
83631,34,1988-04-19,-1.99,164.91,SITE_025,1.94S164.46E,50.316467939966884,far_from_nominal
83632,34,1988-04-20,-2.0,164.91,SITE_025,1.94S164.46E,50.451289993619746,far_from_nominal
83633,34,1988-04-21,-2.0,164.91,SITE_025,1.94S164.46E,50.451289993619746,far_from_nominal
83634,34,1988-04-22,-2.0,164.91,SITE_025,1.94S164.46E,50.451289993619746,far_from_nominal
83635,34,1988-04-23,-1.99,164.91,SITE_025,1.94S164.46E,50.316467939966884,far_from_nominal
83636,34,1988-04-24,-2.0,164.91,SITE_025,1.94S164.46E,50.451289993619746,far_from_nominal
83637,34,1988-04-25,-1.99,164.91,SITE_025,1.94S164.46E,50.316467939966884,far_from_nominal
83638,34,1988-04-26,-1.99,164.91,SITE_025,1.94S164.46E,50.316467939966884,far_from_nominal
83639,34,1988-04-27,-1.99,164.92,SITE_025,1.94S164.46E,51.421106525473476,far_from_nominal
83640,34,1988-04-28,-1.99,164.92,SITE_025,1.94S164.46E,51.421106525473476,far_from_nominal
83641,34,1988-04-29,-1.99,164.93,SITE_025,1.94S164.46E,52.52602600747414,far_from_nominal
83642,34,1988-04-30,-1.99,164.93,SITE_025,1.94S164.46E,52.52602600747414,far_from_nominal
83643,34,1988-05-01,-2.0,164.93,SITE_025,1.94S164.46E,52.655177859193124,far_from_nominal
83644,34,1988-05-02,-2.0,164.93,SITE_025,1.94S164.46E,52.655177859193124,far_from_nominal
83645,34,1988-05-03,-2.0,164.93,SITE_025,1.94S164.46E,52.655177859193124,far_from_nominal
83646,34,1988-05-04,-2.0,164.93,SITE_025,1.94S164.46E,52.655177859193124,far_from_nominal
83647,34,1988-05-05,-2.0,164.93,SITE_025,1.94S164.46E,52.655177859193124,far_from_nominal
83648,34,1988-05-06,-2.0,164.93,SITE_025,1.94S164.46E,52.655177859193124,far_from_nominal
83649,34,1988-05-07,-2.0,164.93,SITE_025,1.94S164.46E,52.655177859193124,far_from_nominal
83650,34,1988-05-08,-2.0,164.93,SITE_025,1.94S164.46E,52.655177859193124,far_from_nominal
83651,34,1988-05-09,-2.0,164.93,SITE_025,1.94S164.46E,52.655177859193124,far_from_nominal
83652,34,1988-05-10,-2.0,164.93,SITE_025,1.94S164.46E,52.655177859193124,far_from_nominal
83653,34,1988-05-11,-2.0,164.93,SITE_025,1.94S164.46E,52.655177859193124,far_from_nominal
83654,34,1988-05-12,-2.0,164.92,SITE_025,1.94S164.46E,51.55303323180414,far_from_nominal
83655,34,1988-05-13,-2.0,164.92,SITE_025,1.94S164.46E,51.55303323180414,far_from_nominal
83656,34,1988-05-14,-1.98,164.92,SITE_025,1.94S164.46E,51.31294157726367,far_from_nominal
83657,34,1988-05-15,-1.99,164.93,SITE_025,1.94S164.46E,52.52602600747414,far_from_nominal
83658,34,1988-05-16,-1.99,164.93,SITE_025,1.94S164.46E,52.52602600747414,far_from_nominal
83659,34,1988-05-17,-2.0,164.93,SITE_025,1.94S164.46E,52.655177859193124,far_from_nominal
83660,34,1988-05-18,-2.0,164.93,SITE_025,1.94S164.46E,52.655177859193124,far_from_nominal
83661,34,1988-05-19,-2.0,164.93,SITE_025,1.94S164.46E,52.655177859193124,far_from_nominal
83662,34,1988-05-20,-2.0,164.92,SITE_025,1.94S164.46E,51.55303323180414,far_from_nominal
83663,34,1988-05-21,-2.01,164.92,SITE_025,1.94S164.46E,51.70853982272077,far_from_nominal
83664,34,1988-05-22,-2.01,164.93,SITE_025,1.94S164.46E,52.807432397335425,far_from_nominal
83665,34,1988-05-23,-2.01,164.92,SITE_025,1.94S164.46E,51.70853982272077,far_from_nominal
83666,34,1988-05-24,-2.0,164.92,SITE_025,1.94S164.46E,51.55303323180414,far_from_nominal
83667,34,1988-05-25,-2.01,164.93,SITE_025,1.94S164.46E,52.807432397335425,far_from_nominal
83668,34,1988-05-26,-2.0,164.93,SITE_025,1.94S164.46E,52.655177859193124,far_from_nominal
83669,34,1988-05-27,-2.01,164.92,SITE_025,1.94S164.46E,51.70853982272077,far_from_nominal
83670,34,1988-05-28,-2.0,164.92,SITE_025,1.94S164.46E,51.55303323180414,far_from_nominal
83671,34,1988-05-29,-1.99,164.91,SITE_025,1.94S164.46E,50.316467939966884,far_from_nominal
83672,34,1988-05-30,-1.99,164.92,SITE_025,1.94S164.46E,51.421106525473476,far_from_nominal
83673,34,1988-05-31,-1.99,164.91,SITE_025,1.94S164.46E,50.316467939966884,far_from_nominal
83674,34,1988-06-01,-1.98,164.91,SITE_025,1.94S164.46E,50.205916466811516,far_from_nominal
83675,34,1988-06-02,-1.98,164.92,SITE_025,1.94S164.46E,51.31294157726367,far_from_nominal
83676,34,1988-06-03,-1.99,164.92,SITE_025,1.94S164.46E,51.421106525473476,far_from_nominal
83677,34,1988-06-04,-1.99,164.92,SITE_025,1.94S164.46E,51.421106525473476,far_from_nominal
83678,34,1988-06-05,-1.99,164.92,SITE_025,1.94S164.46E,51.421106525473476,far_from_nominal
83679,34,1988-06-06,-2.0,164.93,SITE_025,1.94S164.46E,52.655177859193124,far_from_nominal
83680,34,1988-06-07,-2.0,164.93,SITE_025,1.94S164.46E,52.655177859193124,far_from_nominal
83681,34,1988-06-08,-2.0,164.93,SITE_025,1.94S164.46E,52.655177859193124,far_from_nominal
83682,34,1988-06-09,-2.0,164.93,SITE_025,1.94S164.46E,52.655177859193124,far_from_nominal
83683,34,1988-06-10,-2.01,164.93,SITE_025,1.94S164.46E,52.807432397335425,far_from_nominal
83684,34,1988-06-11,-2.0,164.92,SITE_025,1.94S164.46E,51.55303323180414,far_from_nominal
83685,34,1988-06-12,-2.0,164.93,SITE_025,1.94S164.46E,52.655177859193124,far_from_nominal
83686,34,1988-06-13,-2.0,164.93,SITE_025,1.94S164.46E,52.655177859193124,far_from_nominal
83687,34,1988-06-14,-2.01,164.92,SITE_025,1.94S164.46E,51.70853982272077,far_from_nominal
83688,34,1988-06-15,-2.01,164.92,SITE_025,1.94S164.46E,51.70853982272077,far_from_nominal
83689,34,1988-06-16,-2.0,164.92,SITE_025,1.94S164.46E,51.55303323180414,far_from_nominal
83690,34,1988-06-17,-2.01,164.91,SITE_025,1.94S164.46E,50.61018866268184,far_from_nominal
83691,34,1988-06-18,-2.0,164.92,SITE_025,1.94S164.46E,51.55303323180414,far_from_nominal
83692,34,1988-06-19,-2.0,164.92,SITE_025,1.94S164.46E,51.55303323180414,far_from_nominal
83693,34,1988-07-06,-2.01,164.93,SITE_025,1.94S164.46E,52.807432397335425,far_from_nominal
83694,34,1988-07-07,-2.0,164.92,SITE_025,1.94S164.46E,51.55303323180414,far_from_nominal
83695,34,1988-07-08,-1.99,164.93,SITE_025,1.94S164.46E,52.52602600747414,far_from_nominal
83696,34,1988-07-09,-2.0,164.93,SITE_025,1.94S164.46E,52.655177859193124,far_from_nominal
83697,34,1988-07-10,-1.99,164.92,SITE_025,1.94S164.46E,51.421106525473476,far_from_nominal
83698,34,1988-07-11,-2.0,164.91,SITE_025,1.94S164.46E,50.451289993619746,far_from_nominal
83699,34,1988-07-12,-2.0,164.92,SITE_025,1.94S164.46E,51.55303323180414,far_from_nominal
83700,34,1988-07-13,-2.0,164.93,SITE_025,1.94S164.46E,52.655177859193124,far_from_nominal
83701,34,1988-07-14,-1.99,164.93,SITE_025,1.94S164.46E,52.52602600747414,far_from_nominal
83702,34,1988-07-15,-1.99,164.93,SITE_025,1.94S164.46E,52.52602600747414,far_from_nominal
83703,34,1988-07-16,-1.99,164.92,SITE_025,1.94S164.46E,51.421106525473476,far_from_nominal
83704,34,1988-07-17,-2.0,164.93,SITE_025,1.94S164.46E,52.655177859193124,far_from_nominal
83705,34,1988-07-18,-1.99,164.92,SITE_025,1.94S164.46E,51.421106525473476,far_from_nominal
83706,34,1988-07-19,-1.99,164.92,SITE_025,1.94S164.46E,51.421106525473476,far_from_nominal
83707,34,1988-07-20,-1.99,164.92,SITE_025,1.94S164.46E,51.421106525473476,far_from_nominal
83708,34,1988-07-21,-1.99,164.91,SITE_025,1.94S164.46E,50.316467939966884,far_from_nominal
83709,34,1988-07-22,-2.0,164.92,SITE_025,1.94S164.46E,51.55303323180414,far_from_nominal
83710,34,1988-07-23,-1.99,164.92,SITE_025,1.94S164.46E,51.421106525473476,far_from_nominal
83711,34,1988-07-24,-1.99,164.92,SITE_025,1.94S164.46E,51.421106525473476,far_from_nominal
83713,34,1988-07-26,-2.0,164.91,SITE_025,1.94S164.46E,50.451289993619746,far_from_nominal
83714,34,1988-07-27,-1.99,164.92,SITE_025,1.94S164.46E,51.421106525473476,far_from_nominal
83715,34,1988-07-28,-2.0,164.92,SITE_025,1.94S164.46E,51.55303323180414,far_from_nominal
83716,34,1988-07-29,-1.98,164.91,SITE_025,1.94S164.46E,50.205916466811516,far_from_nominal
83717,34,1988-07-30,-2.0,164.91,SITE_025,1.94S164.46E,50.451289993619746,far_from_nominal
83718,34,1988-07-31,-2.0,164.91,SITE_025,1.94S164.46E,50.451289993619746,far_from_nominal
83719,34,1988-08-01,-2.0,164.92,SITE_025,1.94S164.46E,51.55303323180414,far_from_nominal
83720,34,1988-08-02,-2.01,164.92,SITE_025,1.94S164.46E,51.70853982272077,far_from_nominal
83721,34,1988-08-03,-2.0,164.92,SITE_025,1.94S164.46E,51.55303323180414,far_from_nominal
83722,34,1988-08-04,-2.0,164.92,SITE_025,1.94S164.46E,51.55303323180414,far_from_nominal
83723,34,1988-08-05,-2.0,164.93,SITE_025,1.94S164.46E,52.655177859193124,far_from_nominal
83724,34,1988-08-06,-1.99,164.92,SITE_025,1.94S164.46E,51.421106525473476,far_from_nominal
83725,34,1988-08-07,-1.99,164.92,SITE_025,1.94S164.46E,51.421106525473476,far_from_nominal
83726,34,1988-08-08,-2.0,164.91,SITE_025,1.94S164.46E,50.451289993619746,far_from_nominal
83727,34,1988-08-09,-2.0,164.91,SITE_025,1.94S164.46E,50.451289993619746,far_from_nominal
83728,34,1988-08-10,-2.0,164.91,SITE_025,1.94S164.46E,50.451289993619746,far_from_nominal
83729,34,1988-08-11,-2.0,164.91,SITE_025,1.94S164.46E,50.451289993619746,far_from_nominal
83730,34,1988-08-12,-2.0,164.91,SITE_025,1.94S164.46E,50.451289993619746,far_from_nominal
83731,34,1988-08-13,-1.99,164.91,SITE_025,1.94S164.46E,50.316467939966884,far_from_nominal
83732,34,1988-08-14,-2.0,164.92,SITE_025,1.94S164.46E,51.55303323180414,far_from_nominal
83733,34,1988-08-15,-1.99,164.93,SITE_025,1.94S164.46E,52.52602600747414,far_from_nominal
83734,34,1988-08-16,-2.0,164.92,SITE_025,1.94S164.46E,51.55303323180414,far_from_nominal
83735,34,1988-08-17,-1.99,164.91,SITE_025,1.94S164.46E,50.316467939966884,far_from_nominal
83736,34,1988-08-18,-1.99,164.91,SITE_025,1.94S164.46E,50.316467939966884,far_from_nominal
83737,34,1988-08-19,-2.0,164.92,SITE_025,1.94S164.46E,51.55303323180414,far_from_nominal
83738,34,1988-08-20,-2.0,164.92,SITE_025,1.94S164.46E,51.55303323180414,far_from_nominal
83739,34,1988-08-21,-2.0,164.92,SITE_025,1.94S164.46E,51.55303323180414,far_from_nominal
83740,34,1988-08-22,-1.99,164.91,SITE_025,1.94S164.46E,50.316467939966884,far_from_nominal
83741,34,1988-08-23,-2.0,164.92,SITE_025,1.94S164.46E,51.55303323180414,far_from_nominal
83742,34,1988-08-24,-2.01,164.92,SITE_025,1.94S164.46E,51.70853982272077,far_from_nominal
83743,34,1988-08-25,-2.01,164.92,SITE_025,1.94S164.46E,51.70853982272077,far_from_nominal
83745,34,1988-08-27,-2.0,164.91,SITE_025,1.94S164.46E,50.451289993619746,far_from_nominal
83746,34,1988-08-28,-2.0,164.91,SITE_025,1.94S164.46E,50.451289993619746,far_from_nominal
83747,34,1988-08-29,-2.0,164.92,SITE_025,1.94S164.46E,51.55303323180414,far_from_nominal
83748,34,1988-08-30,-1.99,164.92,SITE_025,1.94S164.46E,51.421106525473476,far_from_nominal
83749,34,1988-08-31,-2.0,164.91,SITE_025,1.94S164.46E,50.451289993619746,far_from_nominal
83750,34,1988-09-01,-2.0,164.92,SITE_025,1.94S164.46E,51.55303323180414,far_from_nominal
83751,34,1988-09-02,-2.0,164.93,SITE_025,1.94S164.46E,52.655177859193124,far_from_nominal
83752,34,1988-09-03,-2.0,164.93,SITE_025,1.94S164.46E,52.655177859193124,far_from_nominal
83753,34,1988-09-04,-2.0,164.93,SITE_025,1.94S164.46E,52.655177859193124,far_from_nominal
83754,34,1988-09-05,-2.0,164.92,SITE_025,1.94S164.46E,51.55303323180414,far_from_nominal
83755,34,1988-09-06,-2.0,164.93,SITE_025,1.94S164.46E,52.655177859193124,far_from_nominal
83756,34,1988-09-07,-2.0,164.92,SITE_025,1.94S164.46E,51.55303323180414,far_from_nominal
83757,34,1988-09-08,-2.0,164.93,SITE_025,1.94S164.46E,52.655177859193124,far_from_nominal
83758,34,1988-09-09,-2.0,164.92,SITE_025,1.94S164.46E,51.55303323180414,far_from_nominal
83759,34,1988-09-10,-2.0,164.93,SITE_025,1.94S164.46E,52.655177859193124,far_from_nominal
83760,34,1988-09-11,-2.0,164.92,SITE_025,1.94S164.46E,51.55303323180414,far_from_nominal
83761,34,1988-09-12,-2.01,164.92,SITE_025,1.94S164.46E,51.70853982272077,far_from_nominal
83762,34,1988-09-13,-2.0,164.92,SITE_025,1.94S164.46E,51.55303323180414,far_from_nominal
83763,34,1988-09-14,-2.0,164.91,SITE_025,1.94S164.46E,50.451289993619746,far_from_nominal
83764,34,1988-09-15,-2.0,164.91,SITE_025,1.94S164.46E,50.451289993619746,far_from_nominal
83765,34,1988-09-16,-2.0,164.92,SITE_025,1.94S164.46E,51.55303323180414,far_from_nominal
83766,34,1988-09-17,-2.0,164.92,SITE_025,1.94S164.46E,51.55303323180414,far_from_nominal
83767,34,1988-09-18,-1.99,164.91,SITE_025,1.94S164.46E,50.316467939966884,far_from_nominal
83768,34,1988-09-19,-2.0,164.91,SITE_025,1.94S164.46E,50.451289993619746,far_from_nominal
83769,34,1988-09-20,-2.0,164.91,SITE_025,1.94S164.46E,50.451289993619746,far_from_nominal
83770,34,1988-09-21,-1.99,164.91,SITE_025,1.94S164.46E,50.316467939966884,far_from_nominal
83771,34,1988-09-22,-2.0,164.91,SITE_025,1.94S164.46E,50.451289993619746,far_from_nominal
83772,34,1988-09-23,-2.0,164.91,SITE_025,1.94S164.46E,50.451289993619746,far_from_nominal
83773,34,1988-09-24,-2.0,164.91,SITE_025,1.94S164.46E,50.451289993619746,far_from_nominal
83774,34,1988-09-25,-2.0,164.91,SITE_025,1.94S164.46E,50.451289993619746,far_from_nominal
83775,34,1988-09-26,-1.99,164.91,SITE_025,1.94S164.46E,50.316467939966884,far_from_nominal
83776,34,1988-09-27,-1.98,164.91,SITE_025,1.94S164.46E,50.205916466811516,far_from_nominal
83777,34,1988-09-28,-1.99,164.91,SITE_025,1.94S164.46E,50.316467939966884,far_from_nominal
83778,34,1988-09-29,-2.0,164.91,SITE_025,1.94S164.46E,50.451289993619746,far_from_nominal
83779,34,1988-09-30,-2.01,164.91,SITE_025,1.94S164.46E,50.61018866268184,far_from_nominal
83780,34,1988-10-01,-2.01,164.91,SITE_025,1.94S164.46E,50.61018866268184,far_from_nominal
83782,34,1988-10-03,-2.01,164.91,SITE_025,1.94S164.46E,50.61018866268184,far_from_nominal
83783,34,1988-10-04,-1.99,164.91,SITE_025,1.94S164.46E,50.316467939966884,far_from_nominal
83784,34,1988-10-05,-1.99,164.91,SITE_025,1.94S164.46E,50.316467939966884,far_from_nominal
83785,34,1988-10-06,-1.99,164.91,SITE_025,1.94S164.46E,50.316467939966884,far_from_nominal
83786,34,1988-10-07,-1.99,164.91,SITE_025,1.94S164.46E,50.316467939966884,far_from_nominal
83787,34,1988-10-08,-1.99,164.92,SITE_025,1.94S164.46E,51.421106525473476,far_from_nominal
83788,34,1988-10-09,-1.99,164.93,SITE_025,1.94S164.46E,52.52602600747414,far_from_nominal
83789,34,1988-10-10,-2.0,164.93,SITE_025,1.94S164.46E,52.655177859193124,far_from_nominal
83790,34,1988-10-11,-2.01,164.92,SITE_025,1.94S164.46E,51.70853982272077,far_from_nominal
83791,34,1988-10-12,-2.0,164.93,SITE_025,1.94S164.46E,52.655177859193124,far_from_nominal
83792,34,1988-10-13,-2.0,164.92,SITE_025,1.94S164.46E,51.55303323180414,far_from_nominal
83793,34,1988-10-14,-2.0,164.91,SITE_025,1.94S164.46E,50.451289993619746,far_from_nominal
83794,34,1988-10-15,-2.0,164.92,SITE_025,1.94S164.46E,51.55303323180414,far_from_nominal
83795,34,1988-10-16,-1.99,164.91,SITE_025,1.94S164.46E,50.316467939966884,far_from_nominal
83796,34,1988-10-17,-2.0,164.92,SITE_025,1.94S164.46E,51.55303323180414,far_from_nominal
83797,34,1988-10-18,-1.99,164.92,SITE_025,1.94S164.46E,51.421106525473476,far_from_nominal
83798,34,1988-10-19,-1.99,164.92,SITE_025,1.94S164.46E,51.421106525473476,far_from_nominal
83799,34,1988-10-20,-1.99,164.91,SITE_025,1.94S164.46E,50.316467939966884,far_from_nominal
83800,34,1988-10-21,-2.0,164.92,SITE_025,1.94S164.46E,51.55303323180414,far_from_nominal
83801,34,1988-10-22,-2.0,164.93,SITE_025,1.94S164.46E,52.655177859193124,far_from_nominal
83802,34,1988-10-23,-1.99,164.93,SITE_025,1.94S164.46E,52.52602600747414,far_from_nominal
83803,34,1988-10-24,-1.99,164.91,SITE_025,1.94S164.46E,50.316467939966884,far_from_nominal
83804,34,1988-10-25,-2.0,164.92,SITE_025,1.94S164.46E,51.55303323180414,far_from_nominal
83805,34,1988-10-26,-2.0,164.93,SITE_025,1.94S164.46E,52.655177859193124,far_from_nominal
83806,34,1988-10-27,-2.01,164.93,SITE_025,1.94S164.46E,52.807432397335425,far_from_nominal
83807,34,1988-10-28,-2.01,164.92,SITE_025,1.94S164.46E,51.70853982272077,far_from_nominal
83808,34,1988-10-29,-2.01,164.92,SITE_025,1.94S164.46E,51.70853982272077,far_from_nominal
83809,34,1988-10-30,-2.01,164.92,SITE_025,1.94S164.46E,51.70853982272077,far_from_nominal
83810,34,1988-10-31,-2.0,164.92,SITE_025,1.94S164.46E,51.55303323180414,far_from_nominal
83811,34,1988-11-01,-2.01,164.92,SITE_025,1.94S164.46E,51.70853982272077,far_from_nominal
83812,34,1988-11-02,-2.0,164.93,SITE_025,1.94S164.46E,52.655177859193124,far_from_nominal
83813,34,1988-11-03,-2.0,164.91,SITE_025,1.94S164.46E,50.451289993619746,far_from_nominal
83814,34,1988-11-04,-2.01,164.92,SITE_025,1.94S164.46E,51.70853982272077,far_from_nominal
83815,34,1988-11-05,-2.01,164.92,SITE_025,1.94S164.46E,51.70853982272077,far_from_nominal
83816,34,1988-11-06,-2.01,164.91,SITE_025,1.94S164.46E,50.61018866268184,far_from_nominal
83817,34,1988-11-07,-2.0,164.91,SITE_025,1.94S164.46E,50.451289993619746,far_from_nominal
83818,34,1988-11-08,-2.01,164.91,SITE_025,1.94S164.46E,50.61018866268184,far_from_nominal
83819,34,1988-11-09,-2.0,164.91,SITE_025,1.94S164.46E,50.451289993619746,far_from_nominal
83820,34,1988-11-10,-2.0,164.91,SITE_025,1.94S164.46E,50.451289993619746,far_from_nominal
83821,34,1988-11-11,-2.0,164.91,SITE_025,1.94S164.46E,50.451289993619746,far_from_nominal
83822,34,1988-11-12,-2.0,164.91,SITE_025,1.94S164.46E,50.451289993619746,far_from_nominal
83823,34,1988-11-13,-1.99,164.92,SITE_025,1.94S164.46E,51.421106525473476,far_from_nominal
83824,34,1988-11-14,-1.99,164.91,SITE_025,1.94S164.46E,50.316467939966884,far_from_nominal
83825,34,1988-11-15,-1.99,164.91,SITE_025,1.94S164.46E,50.316467939966884,far_from_nominal
83826,34,1988-11-16,-1.99,164.91,SITE_025,1.94S164.46E,50.316467939966884,far_from_nominal
83827,34,1988-11-17,-1.99,164.91,SITE_025,1.94S164.46E,50.316467939966884,far_from_nominal
83828,34,1988-11-18,-2.0,164.91,SITE_025,1.94S164.46E,50.451289993619746,far_from_nominal
83829,34,1988-11-19,-2.0,164.91,SITE_025,1.94S164.46E,50.451289993619746,far_from_nominal
83830,34,1988-11-20,-2.0,164.91,SITE_025,1.94S164.46E,50.451289993619746,far_from_nominal
83831,34,1988-11-21,-2.0,164.91,SITE_025,1.94S164.46E,50.451289993619746,far_from_nominal
83832,34,1988-11-22,-2.01,164.92,SITE_025,1.94S164.46E,51.70853982272077,far_from_nominal
83833,34,1988-11-23,-2.01,164.92,SITE_025,1.94S164.46E,51.70853982272077,far_from_nominal
83834,34,1988-11-24,-2.01,164.91,SITE_025,1.94S164.46E,50.61018866268184,far_from_nominal
83835,34,1988-11-25,-2.0,164.91,SITE_025,1.94S164.46E,50.451289993619746,far_from_nominal
83836,34,1988-11-26,-2.0,164.91,SITE_025,1.94S164.46E,50.451289993619746,far_from_nominal
83837,34,1988-11-27,-1.99,164.91,SITE_025,1.94S164.46E,50.316467939966884,far_from_nominal
83838,34,1988-11-28,-1.99,164.92,SITE_025,1.94S164.46E,51.421106525473476,far_from_nominal
83839,34,1988-11-29,-1.99,164.92,SITE_025,1.94S164.46E,51.421106525473476,far_from_nominal
83840,34,1988-11-30,-1.99,164.92,SITE_025,1.94S164.46E,51.421106525473476,far_from_nominal
83841,34,1988-12-01,-1.99,164.92,SITE_025,1.94S164.46E,51.421106525473476,far_from_nominal
83842,34,1988-12-02,-1.99,164.92,SITE_025,1.94S164.46E,51.421106525473476,far_from_nominal
83843,34,1988-12-03,-1.99,164.92,SITE_025,1.94S164.46E,51.421106525473476,far_from_nominal
83844,34,1988-12-04,-1.99,164.93,SITE_025,1.94S164.46E,52.52602600747414,far_from_nominal
83845,34,1988-12-05,-1.99,164.92,SITE_025,1.94S164.46E,51.421106525473476,far_from_nominal
83846,34,1988-12-06,-1.99,164.92,SITE_025,1.94S164.46E,51.421106525473476,far_from_nominal
83847,34,1988-12-07,-2.0,164.93,SITE_025,1.94S164.46E,52.655177859193124,far_from_nominal
83848,34,1988-12-08,-2.0,164.93,SITE_025,1.94S164.46E,52.655177859193124,far_from_nominal
83849,34,1988-12-09,-2.0,164.92,SITE_025,1.94S164.46E,51.55303323180414,far_from_nominal
83850,34,1988-12-10,-2.0,164.93,SITE_025,1.94S164.46E,52.655177859193124,far_from_nominal
83851,34,1988-12-11,-2.0,164.93,SITE_025,1.94S164.46E,52.655177859193124,far_from_nominal
83852,34,1988-12-12,-2.0,164.93,SITE_025,1.94S164.46E,52.655177859193124,far_from_nominal
83853,34,1988-12-13,-1.99,164.93,SITE_025,1.94S164.46E,52.52602600747414,far_from_nominal
83854,34,1988-12-14,-1.99,164.93,SITE_025,1.94S164.46E,52.52602600747414,far_from_nominal
83855,34,1988-12-15,-2.0,164.93,SITE_025,1.94S164.46E,52.655177859193124,far_from_nominal
83856,34,1988-12-16,-2.0,164.93,SITE_025,1.94S164.46E,52.655177859193124,far_from_nominal
83857,34,1988-12-17,-2.0,164.93,SITE_025,1.94S164.46E,52.655177859193124,far_from_nominal
83858,34,1988-12-18,-1.99,164.93,SITE_025,1.94S164.46E,52.52602600747414,far_from_nominal
83859,34,1989-01-28,-2.0,165.0,SITE_025,1.94S164.46E,60.37958181230221,far_from_nominal
83860,34,1989-01-29,-2.12,164.92,SITE_025,1.94S164.46E,54.89640571635015,far_from_nominal
83861,34,1989-01-30,-2.12,164.92,SITE_025,1.94S164.46E,54.89640571635015,far_from_nominal
83862,34,1989-01-31,-2.12,164.92,SITE_025,1.94S164.46E,54.89640571635015,far_from_nominal
83863,34,1989-02-01,-2.12,164.93,SITE_025,1.94S164.46E,55.932632661282405,far_from_nominal
83864,34,1989-02-02,-2.12,164.93,SITE_025,1.94S164.46E,55.932632661282405,far_from_nominal
83865,34,1989-02-03,-2.12,164.93,SITE_025,1.94S164.46E,55.932632661282405,far_from_nominal
83866,34,1989-02-04,-2.13,164.94,SITE_025,1.94S164.46E,57.37162525994569,far_from_nominal
83867,34,1989-02-05,-2.13,164.94,SITE_025,1.94S164.46E,57.37162525994569,far_from_nominal
83868,34,1989-02-06,-2.12,164.94,SITE_025,1.94S164.46E,56.97168767388512,far_from_nominal
83869,34,1989-02-07,-2.12,164.94,SITE_025,1.94S164.46E,56.97168767388512,far_from_nominal
83870,34,1989-02-08,-2.13,164.94,SITE_025,1.94S164.46E,57.37162525994569,far_from_nominal
83871,34,1989-02-09,-2.12,164.94,SITE_025,1.94S164.46E,56.97168767388512,far_from_nominal
83872,34,1989-02-10,-2.12,164.94,SITE_025,1.94S164.46E,56.97168767388512,far_from_nominal
83873,34,1989-02-11,-2.12,164.93,SITE_025,1.94S164.46E,55.932632661282405,far_from_nominal
83874,34,1989-02-12,-2.12,164.93,SITE_025,1.94S164.46E,55.932632661282405,far_from_nominal
83875,34,1989-02-13,-2.12,164.93,SITE_025,1.94S164.46E,55.932632661282405,far_from_nominal
83876,34,1989-02-14,-2.12,164.93,SITE_025,1.94S164.46E,55.932632661282405,far_from_nominal
83877,34,1989-02-15,-2.11,164.93,SITE_025,1.94S164.46E,55.54458825062702,far_from_nominal
83878,34,1989-02-16,-2.11,164.93,SITE_025,1.94S164.46E,55.54458825062702,far_from_nominal
83879,34,1989-02-17,-2.12,164.93,SITE_025,1.94S164.46E,55.932632661282405,far_from_nominal
83880,34,1989-02-18,-2.11,164.93,SITE_025,1.94S164.46E,55.54458825062702,far_from_nominal
83881,34,1989-02-19,-2.11,164.93,SITE_025,1.94S164.46E,55.54458825062702,far_from_nominal
83882,34,1989-02-20,-2.13,164.93,SITE_025,1.94S164.46E,56.33995316542693,far_from_nominal
83883,34,1989-02-21,-2.12,164.93,SITE_025,1.94S164.46E,55.932632661282405,far_from_nominal
83884,34,1989-02-22,-2.13,164.93,SITE_025,1.94S164.46E,56.33995316542693,far_from_nominal
83885,34,1989-02-23,-2.13,164.93,SITE_025,1.94S164.46E,56.33995316542693,far_from_nominal
83886,34,1989-02-24,-2.13,164.93,SITE_025,1.94S164.46E,56.33995316542693,far_from_nominal
83887,34,1989-02-25,-2.13,164.93,SITE_025,1.94S164.46E,56.33995316542693,far_from_nominal
83888,34,1989-02-26,-2.13,164.92,SITE_025,1.94S164.46E,55.31136419405457,far_from_nominal
83889,34,1989-02-27,-2.12,164.92,SITE_025,1.94S164.46E,54.89640571635015,far_from_nominal
83890,34,1989-02-28,-2.12,164.93,SITE_025,1.94S164.46E,55.932632661282405,far_from_nominal
83891,34,1989-03-01,-2.12,164.93,SITE_025,1.94S164.46E,55.932632661282405,far_from_nominal
83892,34,1989-03-02,-2.12,164.92,SITE_025,1.94S164.46E,54.89640571635015,far_from_nominal
83893,34,1989-03-03,-2.12,164.92,SITE_025,1.94S164.46E,54.89640571635015,far_from_nominal
83894,34,1989-03-04,-2.12,164.92,SITE_025,1.94S164.46E,54.89640571635015,far_from_nominal
83895,34,1989-03-05,-2.12,164.92,SITE_025,1.94S164.46E,54.89640571635015,far_from_nominal
83896,34,1989-03-06,-2.12,164.93,SITE_025,1.94S164.46E,55.932632661282405,far_from_nominal
83897,34,1989-03-07,-2.13,164.93,SITE_025,1.94S164.46E,56.33995316542693,far_from_nominal
83898,34,1989-03-08,-2.13,164.94,SITE_025,1.94S164.46E,57.37162525994569,far_from_nominal
83899,34,1989-03-09,-2.13,164.94,SITE_025,1.94S164.46E,57.37162525994569,far_from_nominal
83900,34,1989-03-10,-2.13,164.94,SITE_025,1.94S164.46E,57.37162525994569,far_from_nominal
83901,34,1989-03-11,-2.12,164.94,SITE_025,1.94S164.46E,56.97168767388512,far_from_nominal
83902,34,1989-03-12,-2.13,164.95,SITE_025,1.94S164.46E,58.4062170993734,far_from_nominal
83903,34,1989-03-13,-2.14,164.94,SITE_025,1.94S164.46E,57.790192809092986,far_from_nominal
83904,34,1989-03-14,-2.13,164.93,SITE_025,1.94S164.46E,56.33995316542693,far_from_nominal
83905,34,1989-03-15,-2.11,164.92,SITE_025,1.94S164.46E,54.50097731457391,far_from_nominal
83906,34,1989-03-16,-2.1,164.92,SITE_025,1.94S164.46E,54.125507037034815,far_from_nominal
83907,34,1989-03-17,-2.11,164.92,SITE_025,1.94S164.46E,54.50097731457391,far_from_nominal
83908,34,1989-03-18,-2.12,164.92,SITE_025,1.94S164.46E,54.89640571635015,far_from_nominal
83909,34,1989-03-19,-2.12,164.93,SITE_025,1.94S164.46E,55.932632661282405,far_from_nominal
83910,34,1989-03-20,-2.11,164.92,SITE_025,1.94S164.46E,54.50097731457391,far_from_nominal
83911,34,1989-03-21,-2.11,164.92,SITE_025,1.94S164.46E,54.50097731457391,far_from_nominal
83912,34,1989-03-22,-2.12,164.93,SITE_025,1.94S164.46E,55.932632661282405,far_from_nominal
83913,34,1989-03-23,-2.12,164.93,SITE_025,1.94S164.46E,55.932632661282405,far_from_nominal
83914,34,1989-03-24,-2.12,164.93,SITE_025,1.94S164.46E,55.932632661282405,far_from_nominal
83915,34,1989-03-25,-2.12,164.94,SITE_025,1.94S164.46E,56.97168767388512,far_from_nominal
83916,34,1989-03-26,-2.12,164.94,SITE_025,1.94S164.46E,56.97168767388512,far_from_nominal
83917,34,1989-03-27,-2.12,164.94,SITE_025,1.94S164.46E,56.97168767388512,far_from_nominal
83918,34,1989-03-28,-2.13,164.93,SITE_025,1.94S164.46E,56.33995316542693,far_from_nominal
83919,34,1989-03-29,-2.13,164.94,SITE_025,1.94S164.46E,57.37162525994569,far_from_nominal
83920,34,1989-03-30,-2.13,164.94,SITE_025,1.94S164.46E,57.37162525994569,far_from_nominal
83921,34,1989-03-31,-2.13,164.93,SITE_025,1.94S164.46E,56.33995316542693,far_from_nominal
83922,34,1989-04-01,-2.13,164.93,SITE_025,1.94S164.46E,56.33995316542693,far_from_nominal
83923,34,1989-04-02,-2.13,164.92,SITE_025,1.94S164.46E,55.31136419405457,far_from_nominal
83924,34,1989-04-03,-2.13,164.92,SITE_025,1.94S164.46E,55.31136419405457,far_from_nominal
83925,34,1989-04-04,-2.12,164.92,SITE_025,1.94S164.46E,54.89640571635015,far_from_nominal
83926,34,1989-04-05,-2.12,164.92,SITE_025,1.94S164.46E,54.89640571635015,far_from_nominal
83927,34,1989-04-06,-2.12,164.92,SITE_025,1.94S164.46E,54.89640571635015,far_from_nominal
83928,34,1989-04-07,-2.12,164.92,SITE_025,1.94S164.46E,54.89640571635015,far_from_nominal
83929,34,1989-04-08,-2.12,164.92,SITE_025,1.94S164.46E,54.89640571635015,far_from_nominal
83930,34,1989-04-09,-2.11,164.93,SITE_025,1.94S164.46E,55.54458825062702,far_from_nominal
83931,34,1989-04-10,-2.11,164.93,SITE_025,1.94S164.46E,55.54458825062702,far_from_nominal
83932,34,1989-04-11,-2.11,164.93,SITE_025,1.94S164.46E,55.54458825062702,far_from_nominal
83933,34,1989-04-12,-2.12,164.93,SITE_025,1.94S164.46E,55.932632661282405,far_from_nominal
83934,34,1989-04-13,-2.12,164.93,SITE_025,1.94S164.46E,55.932632661282405,far_from_nominal
83935,34,1989-04-14,-2.12,164.92,SITE_025,1.94S164.46E,54.89640571635015,far_from_nominal
83936,34,1989-04-15,-2.12,164.93,SITE_025,1.94S164.46E,55.932632661282405,far_from_nominal
83937,34,1989-04-16,-2.12,164.93,SITE_025,1.94S164.46E,55.932632661282405,far_from_nominal
83938,34,1989-04-17,-2.13,164.93,SITE_025,1.94S164.46E,56.33995316542693,far_from_nominal
83939,34,1989-04-18,-2.13,164.93,SITE_025,1.94S164.46E,56.33995316542693,far_from_nominal
83940,34,1989-04-19,-2.12,164.93,SITE_025,1.94S164.46E,55.932632661282405,far_from_nominal
83941,34,1989-04-20,-2.12,164.92,SITE_025,1.94S164.46E,54.89640571635015,far_from_nominal
83942,34,1989-04-21,-2.12,164.92,SITE_025,1.94S164.46E,54.89640571635015,far_from_nominal
83943,34,1989-04-22,-2.12,164.92,SITE_025,1.94S164.46E,54.89640571635015,far_from_nominal
83944,34,1989-04-23,-2.12,164.93,SITE_025,1.94S164.46E,55.932632661282405,far_from_nominal
83945,34,1989-04-24,-2.12,164.93,SITE_025,1.94S164.46E,55.932632661282405,far_from_nominal
83946,34,1989-04-25,-2.13,164.93,SITE_025,1.94S164.46E,56.33995316542693,far_from_nominal
83947,34,1989-04-26,-2.13,164.94,SITE_025,1.94S164.46E,57.37162525994569,far_from_nominal
83948,34,1989-04-27,-2.13,164.94,SITE_025,1.94S164.46E,57.37162525994569,far_from_nominal
83949,34,1989-04-28,-2.13,164.95,SITE_025,1.94S164.46E,58.4062170993734,far_from_nominal
83950,34,1989-04-29,-2.13,164.95,SITE_025,1.94S164.46E,58.4062170993734,far_from_nominal
83951,34,1989-04-30,-2.12,164.95,SITE_025,1.94S164.46E,58.013418797178254,far_from_nominal
83952,34,1989-05-01,-2.12,164.94,SITE_025,1.94S164.46E,56.97168767388512,far_from_nominal
83953,34,1989-05-02,-2.12,164.94,SITE_025,1.94S164.46E,56.97168767388512,far_from_nominal
83954,34,1989-05-03,-2.12,164.95,SITE_025,1.94S164.46E,58.013418797178254,far_from_nominal
83955,34,1989-05-04,-2.12,164.95,SITE_025,1.94S164.46E,58.013418797178254,far_from_nominal
83956,34,1989-05-05,-2.12,164.94,SITE_025,1.94S164.46E,56.97168767388512,far_from_nominal
83957,34,1989-05-06,-2.12,164.94,SITE_025,1.94S164.46E,56.97168767388512,far_from_nominal
83958,34,1989-05-07,-2.13,164.95,SITE_025,1.94S164.46E,58.4062170993734,far_from_nominal
83959,34,1989-05-08,-2.13,164.95,SITE_025,1.94S164.46E,58.4062170993734,far_from_nominal
83960,34,1989-05-09,-2.13,164.94,SITE_025,1.94S164.46E,57.37162525994569,far_from_nominal
83961,34,1989-05-10,-2.13,164.93,SITE_025,1.94S164.46E,56.33995316542693,far_from_nominal
83962,34,1989-05-11,-2.13,164.93,SITE_025,1.94S164.46E,56.33995316542693,far_from_nominal
83963,34,1989-05-12,-2.13,164.94,SITE_025,1.94S164.46E,57.37162525994569,far_from_nominal
83964,34,1989-05-13,-2.13,164.94,SITE_025,1.94S164.46E,57.37162525994569,far_from_nominal
83965,34,1989-05-14,-2.13,164.94,SITE_025,1.94S164.46E,57.37162525994569,far_from_nominal
83966,34,1989-05-15,-2.13,164.94,SITE_025,1.94S164.46E,57.37162525994569,far_from_nominal
83967,34,1989-05-16,-2.13,164.94,SITE_025,1.94S164.46E,57.37162525994569,far_from_nominal
83968,34,1989-05-17,-2.13,164.94,SITE_025,1.94S164.46E,57.37162525994569,far_from_nominal
83969,34,1989-05-18,-2.13,164.94,SITE_025,1.94S164.46E,57.37162525994569,far_from_nominal
83970,34,1989-05-19,-2.13,164.95,SITE_025,1.94S164.46E,58.4062170993734,far_from_nominal
83971,34,1989-05-20,-2.12,164.95,SITE_025,1.94S164.46E,58.013418797178254,far_from_nominal
83972,34,1989-05-21,-2.12,164.94,SITE_025,1.94S164.46E,56.97168767388512,far_from_nominal
83973,34,1989-05-22,-2.12,164.94,SITE_025,1.94S164.46E,56.97168767388512,far_from_nominal
83974,34,1989-05-23,-2.11,164.94,SITE_025,1.94S164.46E,56.590775036585136,far_from_nominal
83975,34,1989-05-24,-2.12,164.94,SITE_025,1.94S164.46E,56.97168767388512,far_from_nominal
83976,34,1989-05-25,-2.12,164.95,SITE_025,1.94S164.46E,58.013418797178254,far_from_nominal
83977,34,1989-05-26,-2.13,164.95,SITE_025,1.94S164.46E,58.4062170993734,far_from_nominal
83978,34,1989-05-27,-2.12,164.95,SITE_025,1.94S164.46E,58.013418797178254,far_from_nominal
83979,34,1989-05-28,-2.13,164.95,SITE_025,1.94S164.46E,58.4062170993734,far_from_nominal
83980,34,1989-05-29,-2.14,164.95,SITE_025,1.94S164.46E,58.81741612937629,far_from_nominal
83981,34,1989-05-30,-2.13,164.95,SITE_025,1.94S164.46E,58.4062170993734,far_from_nominal
83982,34,1989-05-31,-2.12,164.95,SITE_025,1.94S164.46E,58.013418797178254,far_from_nominal
83983,34,1989-06-01,-2.12,164.94,SITE_025,1.94S164.46E,56.97168767388512,far_from_nominal
83984,34,1989-06-02,-2.12,164.94,SITE_025,1.94S164.46E,56.97168767388512,far_from_nominal
83985,34,1989-06-03,-2.12,164.94,SITE_025,1.94S164.46E,56.97168767388512,far_from_nominal
83986,34,1989-06-04,-2.13,164.93,SITE_025,1.94S164.46E,56.33995316542693,far_from_nominal
83987,34,1989-06-05,-2.13,164.94,SITE_025,1.94S164.46E,57.37162525994569,far_from_nominal
83988,34,1989-06-06,-2.13,164.94,SITE_025,1.94S164.46E,57.37162525994569,far_from_nominal
83989,34,1989-06-07,-2.13,164.93,SITE_025,1.94S164.46E,56.33995316542693,far_from_nominal
83990,34,1989-06-08,-2.12,164.93,SITE_025,1.94S164.46E,55.932632661282405,far_from_nominal
83991,34,1989-06-09,-2.12,164.92,SITE_025,1.94S164.46E,54.89640571635015,far_from_nominal
83992,34,1989-06-10,-2.12,164.93,SITE_025,1.94S164.46E,55.932632661282405,far_from_nominal
83993,34,1989-06-11,-2.12,164.93,SITE_025,1.94S164.46E,55.932632661282405,far_from_nominal
83994,34,1989-06-12,-2.12,164.93,SITE_025,1.94S164.46E,55.932632661282405,far_from_nominal
83995,34,1989-06-13,-2.11,164.93,SITE_025,1.94S164.46E,55.54458825062702,far_from_nominal
83996,34,1989-06-14,-2.12,164.93,SITE_025,1.94S164.46E,55.932632661282405,far_from_nominal
83997,34,1989-06-15,-2.13,164.94,SITE_025,1.94S164.46E,57.37162525994569,far_from_nominal
83998,34,1989-06-16,-2.12,164.94,SITE_025,1.94S164.46E,56.97168767388512,far_from_nominal
83999,34,1989-06-17,-2.11,164.94,SITE_025,1.94S164.46E,56.590775036585136,far_from_nominal
84000,34,1989-06-18,-2.11,164.95,SITE_025,1.94S164.46E,57.63939741330759,far_from_nominal
84001,34,1989-06-19,-2.11,164.94,SITE_025,1.94S164.46E,56.590775036585136,far_from_nominal
84002,34,1989-06-20,-2.12,164.94,SITE_025,1.94S164.46E,56.97168767388512,far_from_nominal
84003,34,1989-06-21,-2.12,164.94,SITE_025,1.94S164.46E,56.97168767388512,far_from_nominal
84004,34,1989-06-22,-2.12,164.94,SITE_025,1.94S164.46E,56.97168767388512,far_from_nominal
84005,34,1989-06-23,-2.12,164.94,SITE_025,1.94S164.46E,56.97168767388512,far_from_nominal
84006,34,1989-06-24,-2.12,164.95,SITE_025,1.94S164.46E,58.013418797178254,far_from_nominal
84007,34,1989-06-25,-2.12,164.95,SITE_025,1.94S164.46E,58.013418797178254,far_from_nominal
84008,34,1989-06-26,-2.13,164.95,SITE_025,1.94S164.46E,58.4062170993734,far_from_nominal
84009,34,1989-06-27,-2.12,164.95,SITE_025,1.94S164.46E,58.013418797178254,far_from_nominal
84010,34,1989-06-28,-2.13,164.95,SITE_025,1.94S164.46E,58.4062170993734,far_from_nominal
84011,34,1989-06-29,-2.13,164.94,SITE_025,1.94S164.46E,57.37162525994569,far_from_nominal
84012,34,1989-06-30,-2.13,164.94,SITE_025,1.94S164.46E,57.37162525994569,far_from_nominal
84013,34,1989-07-01,-2.13,164.95,SITE_025,1.94S164.46E,58.4062170993734,far_from_nominal
84014,34,1989-07-02,-2.12,164.95,SITE_025,1.94S164.46E,58.013418797178254,far_from_nominal
84015,34,1989-07-03,-2.13,164.94,SITE_025,1.94S164.46E,57.37162525994569,far_from_nominal
84016,34,1989-07-04,-2.13,164.94,SITE_025,1.94S164.46E,57.37162525994569,far_from_nominal
84017,34,1989-07-05,-2.13,164.94,SITE_025,1.94S164.46E,57.37162525994569,far_from_nominal
84018,34,1989-07-06,-2.13,164.94,SITE_025,1.94S164.46E,57.37162525994569,far_from_nominal
84019,34,1989-07-07,-2.13,164.94,SITE_025,1.94S164.46E,57.37162525994569,far_from_nominal
84020,34,1989-07-08,-2.13,164.93,SITE_025,1.94S164.46E,56.33995316542693,far_from_nominal
84021,34,1989-07-09,-2.13,164.93,SITE_025,1.94S164.46E,56.33995316542693,far_from_nominal
84022,34,1989-07-10,-2.13,164.93,SITE_025,1.94S164.46E,56.33995316542693,far_from_nominal
84023,34,1989-07-11,-2.12,164.93,SITE_025,1.94S164.46E,55.932632661282405,far_from_nominal
84024,34,1989-07-12,-2.12,164.93,SITE_025,1.94S164.46E,55.932632661282405,far_from_nominal
84025,34,1989-07-13,-2.12,164.93,SITE_025,1.94S164.46E,55.932632661282405,far_from_nominal
84026,34,1989-07-14,-2.12,164.93,SITE_025,1.94S164.46E,55.932632661282405,far_from_nominal
84027,34,1989-07-15,-2.12,164.93,SITE_025,1.94S164.46E,55.932632661282405,far_from_nominal
84028,34,1989-07-16,-2.12,164.93,SITE_025,1.94S164.46E,55.932632661282405,far_from_nominal
84029,34,1989-07-17,-2.12,164.93,SITE_025,1.94S164.46E,55.932632661282405,far_from_nominal
84030,34,1989-07-18,-2.0,165.0,SITE_025,1.94S164.46E,60.37958181230221,far_from_nominal
84031,34,1989-07-19,-2.0,165.0,SITE_025,1.94S164.46E,60.37958181230221,far_from_nominal
84032,34,1989-07-20,-2.11,164.94,SITE_025,1.94S164.46E,56.590775036585136,far_from_nominal
84033,34,1989-07-21,-2.11,164.94,SITE_025,1.94S164.46E,56.590775036585136,far_from_nominal
84034,34,1989-07-22,-2.12,164.94,SITE_025,1.94S164.46E,56.97168767388512,far_from_nominal
84035,34,1989-07-23,-2.13,164.93,SITE_025,1.94S164.46E,56.33995316542693,far_from_nominal
84036,34,1989-07-24,-2.12,164.93,SITE_025,1.94S164.46E,55.932632661282405,far_from_nominal
84037,34,1989-07-25,-2.12,164.94,SITE_025,1.94S164.46E,56.97168767388512,far_from_nominal
84038,34,1989-07-26,-2.12,164.94,SITE_025,1.94S164.46E,56.97168767388512,far_from_nominal
84039,34,1989-07-27,-2.12,164.94,SITE_025,1.94S164.46E,56.97168767388512,far_from_nominal
84040,34,1989-07-28,-2.13,164.94,SITE_025,1.94S164.46E,57.37162525994569,far_from_nominal
84041,34,1989-07-29,-2.12,164.93,SITE_025,1.94S164.46E,55.932632661282405,far_from_nominal
84042,34,1989-07-30,-2.12,164.93,SITE_025,1.94S164.46E,55.932632661282405,far_from_nominal
84043,34,1989-07-31,-2.12,164.93,SITE_025,1.94S164.46E,55.932632661282405,far_from_nominal
84044,34,1989-08-01,-2.12,164.93,SITE_025,1.94S164.46E,55.932632661282405,far_from_nominal
84045,34,1989-08-02,-2.12,164.93,SITE_025,1.94S164.46E,55.932632661282405,far_from_nominal
84046,34,1989-08-03,-2.12,164.93,SITE_025,1.94S164.46E,55.932632661282405,far_from_nominal
84047,34,1989-08-04,-2.12,164.93,SITE_025,1.94S164.46E,55.932632661282405,far_from_nominal
84048,34,1989-08-05,-2.12,164.93,SITE_025,1.94S164.46E,55.932632661282405,far_from_nominal
84049,34,1989-08-06,-2.12,164.93,SITE_025,1.94S164.46E,55.932632661282405,far_from_nominal
84050,34,1989-08-07,-2.12,164.93,SITE_025,1.94S164.46E,55.932632661282405,far_from_nominal
84051,34,1989-08-08,-2.12,164.93,SITE_025,1.94S164.46E,55.932632661282405,far_from_nominal
84052,34,1989-08-09,-2.12,164.94,SITE_025,1.94S164.46E,56.97168767388512,far_from_nominal
84053,34,1989-08-10,-2.13,164.92,SITE_025,1.94S164.46E,55.31136419405457,far_from_nominal
84054,34,1989-08-11,-2.12,164.93,SITE_025,1.94S164.46E,55.932632661282405,far_from_nominal
84055,34,1989-08-12,-2.12,164.93,SITE_025,1.94S164.46E,55.932632661282405,far_from_nominal
84056,34,1989-08-13,-2.12,164.93,SITE_025,1.94S164.46E,55.932632661282405,far_from_nominal
84057,34,1989-08-14,-2.12,164.93,SITE_025,1.94S164.46E,55.932632661282405,far_from_nominal
84058,34,1989-08-15,-2.11,164.93,SITE_025,1.94S164.46E,55.54458825062702,far_from_nominal
84059,34,1989-08-16,-2.12,164.93,SITE_025,1.94S164.46E,55.932632661282405,far_from_nominal
84060,34,1989-08-17,-2.12,164.93,SITE_025,1.94S164.46E,55.932632661282405,far_from_nominal
84061,34,1989-08-18,-2.12,164.93,SITE_025,1.94S164.46E,55.932632661282405,far_from_nominal
84062,34,1989-08-19,-2.13,164.93,SITE_025,1.94S164.46E,56.33995316542693,far_from_nominal
84063,34,1989-08-20,-2.12,164.94,SITE_025,1.94S164.46E,56.97168767388512,far_from_nominal
84064,34,1989-08-21,-2.13,164.93,SITE_025,1.94S164.46E,56.33995316542693,far_from_nominal
84065,34,1989-08-22,-2.12,164.93,SITE_025,1.94S164.46E,55.932632661282405,far_from_nominal
84066,34,1989-08-23,-2.12,164.93,SITE_025,1.94S164.46E,55.932632661282405,far_from_nominal
84067,34,1989-08-24,-2.12,164.93,SITE_025,1.94S164.46E,55.932632661282405,far_from_nominal
84068,34,1989-08-25,-2.12,164.93,SITE_025,1.94S164.46E,55.932632661282405,far_from_nominal
84069,34,1989-08-26,-2.12,164.93,SITE_025,1.94S164.46E,55.932632661282405,far_from_nominal
84070,34,1989-08-27,-2.12,164.93,SITE_025,1.94S164.46E,55.932632661282405,far_from_nominal
84071,34,1989-08-28,-2.13,164.93,SITE_025,1.94S164.46E,56.33995316542693,far_from_nominal
84072,34,1989-08-29,-2.13,164.93,SITE_025,1.94S164.46E,56.33995316542693,far_from_nominal
84073,34,1989-08-30,-2.12,164.93,SITE_025,1.94S164.46E,55.932632661282405,far_from_nominal
84074,34,1989-08-31,-2.12,164.93,SITE_025,1.94S164.46E,55.932632661282405,far_from_nominal
84075,34,1989-09-01,-2.12,164.93,SITE_025,1.94S164.46E,55.932632661282405,far_from_nominal
84076,34,1989-09-02,-2.11,164.93,SITE_025,1.94S164.46E,55.54458825062702,far_from_nominal
84077,34,1989-09-03,-2.11,164.93,SITE_025,1.94S164.46E,55.54458825062702,far_from_nominal
84078,34,1989-09-04,-2.11,164.93,SITE_025,1.94S164.46E,55.54458825062702,far_from_nominal
84079,34,1989-09-05,-2.11,164.93,SITE_025,1.94S164.46E,55.54458825062702,far_from_nominal
84080,34,1989-09-06,-2.11,164.93,SITE_025,1.94S164.46E,55.54458825062702,far_from_nominal
84081,34,1989-09-07,-2.12,164.93,SITE_025,1.94S164.46E,55.932632661282405,far_from_nominal
84082,34,1989-09-08,-2.11,164.93,SITE_025,1.94S164.46E,55.54458825062702,far_from_nominal
84083,34,1989-09-09,-2.11,164.92,SITE_025,1.94S164.46E,54.50097731457391,far_from_nominal
84084,34,1989-09-10,-2.12,164.92,SITE_025,1.94S164.46E,54.89640571635015,far_from_nominal
84085,34,1989-09-11,-2.12,164.93,SITE_025,1.94S164.46E,55.932632661282405,far_from_nominal
84086,34,1989-09-12,-2.12,164.93,SITE_025,1.94S164.46E,55.932632661282405,far_from_nominal
84087,34,1989-09-13,-2.12,164.93,SITE_025,1.94S164.46E,55.932632661282405,far_from_nominal
84088,34,1989-09-14,-2.13,164.93,SITE_025,1.94S164.46E,56.33995316542693,far_from_nominal
84089,34,1989-09-15,-2.12,164.93,SITE_025,1.94S164.46E,55.932632661282405,far_from_nominal
84090,34,1989-09-16,-2.12,164.93,SITE_025,1.94S164.46E,55.932632661282405,far_from_nominal
84091,34,1989-09-17,-2.14,164.93,SITE_025,1.94S164.46E,56.766134822738316,far_from_nominal
84092,34,1989-09-18,-2.13,164.93,SITE_025,1.94S164.46E,56.33995316542693,far_from_nominal
84093,34,1989-09-19,-2.13,164.93,SITE_025,1.94S164.46E,56.33995316542693,far_from_nominal
84094,34,1989-09-20,-2.12,164.93,SITE_025,1.94S164.46E,55.932632661282405,far_from_nominal
84095,34,1989-09-21,-2.12,164.92,SITE_025,1.94S164.46E,54.89640571635015,far_from_nominal
84096,34,1989-09-22,-2.12,164.93,SITE_025,1.94S164.46E,55.932632661282405,far_from_nominal
84097,34,1989-09-23,-2.12,164.93,SITE_025,1.94S164.46E,55.932632661282405,far_from_nominal
84098,34,1989-09-24,-2.11,164.93,SITE_025,1.94S164.46E,55.54458825062702,far_from_nominal
84099,34,1989-09-25,-2.12,164.92,SITE_025,1.94S164.46E,54.89640571635015,far_from_nominal
84100,34,1989-09-26,-2.12,164.93,SITE_025,1.94S164.46E,55.932632661282405,far_from_nominal
84101,34,1989-09-27,-2.12,164.93,SITE_025,1.94S164.46E,55.932632661282405,far_from_nominal
84102,34,1989-09-28,-2.12,164.93,SITE_025,1.94S164.46E,55.932632661282405,far_from_nominal
84103,34,1989-09-29,-2.12,164.93,SITE_025,1.94S164.46E,55.932632661282405,far_from_nominal
84104,34,1989-09-30,-2.13,164.93,SITE_025,1.94S164.46E,56.33995316542693,far_from_nominal
84105,34,1989-10-01,-2.12,164.93,SITE_025,1.94S164.46E,55.932632661282405,far_from_nominal
84106,34,1989-10-02,-2.12,164.93,SITE_025,1.94S164.46E,55.932632661282405,far_from_nominal
84107,34,1989-10-03,-2.12,164.93,SITE_025,1.94S164.46E,55.932632661282405,far_from_nominal
84108,34,1989-10-04,-2.12,164.93,SITE_025,1.94S164.46E,55.932632661282405,far_from_nominal
84109,34,1989-10-05,-2.12,164.93,SITE_025,1.94S164.46E,55.932632661282405,far_from_nominal
84110,34,1989-10-06,-2.12,164.93,SITE_025,1.94S164.46E,55.932632661282405,far_from_nominal
84111,34,1989-10-07,-2.12,164.93,SITE_025,1.94S164.46E,55.932632661282405,far_from_nominal
84112,34,1989-10-08,-2.12,164.92,SITE_025,1.94S164.46E,54.89640571635015,far_from_nominal
84113,34,1989-10-09,-2.12,164.92,SITE_025,1.94S164.46E,54.89640571635015,far_from_nominal
84114,34,1989-10-10,-2.13,164.93,SITE_025,1.94S164.46E,56.33995316542693,far_from_nominal
84115,34,1989-10-11,-2.12,164.92,SITE_025,1.94S164.46E,54.89640571635015,far_from_nominal
84116,34,1989-10-12,-2.13,164.93,SITE_025,1.94S164.46E,56.33995316542693,far_from_nominal
84117,34,1989-10-13,-2.12,164.93,SITE_025,1.94S164.46E,55.932632661282405,far_from_nominal
84118,34,1989-10-14,-2.13,164.93,SITE_025,1.94S164.46E,56.33995316542693,far_from_nominal
84119,34,1989-10-15,-2.12,164.93,SITE_025,1.94S164.46E,55.932632661282405,far_from_nominal
84120,34,1989-10-16,-2.13,164.92,SITE_025,1.94S164.46E,55.31136419405457,far_from_nominal
84121,34,1989-12-20,-2.0,165.0,SITE_025,1.94S164.46E,60.37958181230221,far_from_nominal
84122,34,1989-12-21,-2.0,165.0,SITE_025,1.94S164.46E,60.37958181230221,far_from_nominal
84123,34,1989-12-22,-2.0,165.0,SITE_025,1.94S164.46E,60.37958181230221,far_from_nominal
84124,34,1989-12-23,-2.0,165.0,SITE_025,1.94S164.46E,60.37958181230221,far_from_nominal
84125,34,1989-12-24,-2.0,165.0,SITE_025,1.94S164.46E,60.37958181230221,far_from_nominal
84126,34,1989-12-25,-2.0,165.0,SITE_025,1.94S164.46E,60.37958181230221,far_from_nominal
84127,34,1989-12-26,-2.0,165.0,SITE_025,1.94S164.46E,60.37958181230221,far_from_nominal
84128,34,1989-12-27,-2.0,165.0,SITE_025,1.94S164.46E,60.37958181230221,far_from_nominal
84129,34,1989-12-28,-2.0,165.0,SITE_025,1.94S164.46E,60.37958181230221,far_from_nominal
84130,34,1989-12-29,-2.0,165.0,SITE_025,1.94S164.46E,60.37958181230221,far_from_nominal
84131,34,1989-12-30,-2.0,165.0,SITE_025,1.94S164.46E,60.37958181230221,far_from_nominal
84132,34,1989-12-31,-2.0,165.0,SITE_025,1.94S164.46E,60.37958181230221,far_from_nominal
84133,34,1990-01-01,-2.0,165.0,SITE_025,1.94S164.46E,60.37958181230221,far_from_nominal
84134,34,1990-01-02,-2.0,165.0,SITE_025,1.94S164.46E,60.37958181230221,far_from_nominal
84135,34,1990-01-03,-2.0,165.0,SITE_025,1.94S164.46E,60.37958181230221,far_from_nominal
84136,34,1990-01-04,-2.0,165.0,SITE_025,1.94S164.46E,60.37958181230221,far_from_nominal
84137,34,1990-01-05,-2.0,165.0,SITE_025,1.94S164.46E,60.37958181230221,far_from_nominal
84138,34,1990-01-06,-2.0,165.0,SITE_025,1.94S164.46E,60.37958181230221,far_from_nominal
84139,34,1990-01-07,-2.0,165.0,SITE_025,1.94S164.46E,60.37958181230221,far_from_nominal
84140,34,1990-01-08,-1.99,165.0,SITE_025,1.94S164.46E,60.267029229434726,far_from_nominal
84141,34,1990-01-09,-1.99,165.0,SITE_025,1.94S164.46E,60.267029229434726,far_from_nominal
84142,34,1990-01-10,-1.99,165.0,SITE_025,1.94S164.46E,60.267029229434726,far_from_nominal
84143,34,1990-01-11,-1.99,165.0,SITE_025,1.94S164.46E,60.267029229434726,far_from_nominal
84144,34,1990-01-12,-1.99,165.0,SITE_025,1.94S164.46E,60.267029229434726,far_from_nominal
84145,34,1990-01-13,-1.99,164.99,SITE_025,1.94S164.46E,59.16056008902329,far_from_nominal
84146,34,1990-01-14,-1.99,164.99,SITE_025,1.94S164.46E,59.16056008902329,far_from_nominal
84147,34,1990-01-15,-1.99,165.0,SITE_025,1.94S164.46E,60.267029229434726,far_from_nominal
84148,34,1990-01-16,-1.99,165.0,SITE_025,1.94S164.46E,60.267029229434726,far_from_nominal
84149,34,1990-01-17,-1.99,165.0,SITE_025,1.94S164.46E,60.267029229434726,far_from_nominal
84150,34,1990-01-18,-1.99,165.0,SITE_025,1.94S164.46E,60.267029229434726,far_from_nominal
84151,34,1990-01-19,-1.99,165.0,SITE_025,1.94S164.46E,60.267029229434726,far_from_nominal
84152,34,1990-01-20,-1.98,165.0,SITE_025,1.94S164.46E,60.17481633119413,far_from_nominal
84153,34,1990-01-21,-1.98,165.0,SITE_025,1.94S164.46E,60.17481633119413,far_from_nominal
84154,34,1990-01-22,-1.98,165.0,SITE_025,1.94S164.46E,60.17481633119413,far_from_nominal
84155,34,1990-01-23,-1.98,165.0,SITE_025,1.94S164.46E,60.17481633119413,far_from_nominal
84156,34,1990-01-24,-1.98,165.0,SITE_025,1.94S164.46E,60.17481633119413,far_from_nominal
84157,34,1990-01-25,-1.98,164.99,SITE_025,1.94S164.46E,59.06661311671527,far_from_nominal
84158,34,1990-01-26,-1.98,164.99,SITE_025,1.94S164.46E,59.06661311671527,far_from_nominal
84159,34,1990-01-27,-1.98,164.99,SITE_025,1.94S164.46E,59.06661311671527,far_from_nominal
84160,34,1990-01-28,-1.98,164.99,SITE_025,1.94S164.46E,59.06661311671527,far_from_nominal
84161,34,1990-01-29,-1.98,164.99,SITE_025,1.94S164.46E,59.06661311671527,far_from_nominal
84162,34,1990-01-30,-1.98,165.0,SITE_025,1.94S164.46E,60.17481633119413,far_from_nominal
84163,34,1990-01-31,-1.98,165.0,SITE_025,1.94S164.46E,60.17481633119413,far_from_nominal
84164,34,1990-02-01,-1.98,165.01,SITE_025,1.94S164.46E,61.28313170998227,far_from_nominal
84165,34,1990-02-02,-1.99,165.01,SITE_025,1.94S164.46E,61.37367282218146,far_from_nominal
84166,34,1990-02-03,-1.99,165.01,SITE_025,1.94S164.46E,61.37367282218146,far_from_nominal
84167,34,1990-02-04,-1.99,165.02,SITE_025,1.94S164.46E,62.4804815976161,far_from_nominal
84168,34,1990-02-05,-1.99,165.02,SITE_025,1.94S164.46E,62.4804815976161,far_from_nominal
84169,34,1990-02-06,-1.99,165.02,SITE_025,1.94S164.46E,62.4804815976161,far_from_nominal
84170,34,1990-02-07,-1.99,165.02,SITE_025,1.94S164.46E,62.4804815976161,far_from_nominal
84171,34,1990-02-08,-1.99,165.02,SITE_025,1.94S164.46E,62.4804815976161,far_from_nominal
84172,34,1990-02-09,-1.99,165.02,SITE_025,1.94S164.46E,62.4804815976161,far_from_nominal
84173,34,1990-02-10,-1.99,165.02,SITE_025,1.94S164.46E,62.4804815976161,far_from_nominal
84174,34,1990-02-11,-1.99,165.02,SITE_025,1.94S164.46E,62.4804815976161,far_from_nominal
84175,34,1990-02-12,-1.99,165.01,SITE_025,1.94S164.46E,61.37367282218146,far_from_nominal
84176,34,1990-02-13,-1.99,165.0,SITE_025,1.94S164.46E,60.267029229434726,far_from_nominal
84177,34,1990-02-14,-1.99,165.0,SITE_025,1.94S164.46E,60.267029229434726,far_from_nominal
84178,34,1990-02-15,-1.99,165.01,SITE_025,1.94S164.46E,61.37367282218146,far_from_nominal
84179,34,1990-02-16,-1.99,165.0,SITE_025,1.94S164.46E,60.267029229434726,far_from_nominal
84180,34,1990-02-17,-1.99,165.01,SITE_025,1.94S164.46E,61.37367282218146,far_from_nominal
84181,34,1990-02-18,-1.99,165.0,SITE_025,1.94S164.46E,60.267029229434726,far_from_nominal
84182,34,1990-02-19,-1.99,165.0,SITE_025,1.94S164.46E,60.267029229434726,far_from_nominal
84183,34,1990-02-20,-1.99,165.0,SITE_025,1.94S164.46E,60.267029229434726,far_from_nominal
84184,34,1990-02-21,-1.99,165.0,SITE_025,1.94S164.46E,60.267029229434726,far_from_nominal
84185,34,1990-02-22,-1.99,165.0,SITE_025,1.94S164.46E,60.267029229434726,far_from_nominal
84186,34,1990-02-23,-2.0,165.0,SITE_025,1.94S164.46E,60.37958181230221,far_from_nominal
84187,34,1990-02-24,-2.0,165.0,SITE_025,1.94S164.46E,60.37958181230221,far_from_nominal
84188,34,1990-02-25,-1.99,165.0,SITE_025,1.94S164.46E,60.267029229434726,far_from_nominal
84189,34,1990-02-26,-1.99,165.02,SITE_025,1.94S164.46E,62.4804815976161,far_from_nominal
84190,34,1990-02-27,-2.01,165.0,SITE_025,1.94S164.46E,60.51236058487397,far_from_nominal
84191,34,1990-02-28,-1.98,164.96,SITE_025,1.94S164.46E,55.74274335323683,far_from_nominal
84192,34,1990-03-01,-1.99,165.0,SITE_025,1.94S164.46E,60.267029229434726,far_from_nominal
84193,34,1990-03-02,-1.99,165.0,SITE_025,1.94S164.46E,60.267029229434726,far_from_nominal
84194,34,1990-03-03,-1.99,165.0,SITE_025,1.94S164.46E,60.267029229434726,far_from_nominal
84195,34,1990-03-04,-1.99,164.98,SITE_025,1.94S164.46E,58.05427537575593,far_from_nominal
84196,34,1990-03-05,-1.99,164.99,SITE_025,1.94S164.46E,59.16056008902329,far_from_nominal
84197,34,1990-03-06,-1.99,164.99,SITE_025,1.94S164.46E,59.16056008902329,far_from_nominal
84198,34,1990-03-07,-1.99,165.0,SITE_025,1.94S164.46E,60.267029229434726,far_from_nominal
84199,34,1990-03-08,-1.99,165.0,SITE_025,1.94S164.46E,60.267029229434726,far_from_nominal
84200,34,1990-03-09,-1.99,164.99,SITE_025,1.94S164.46E,59.16056008902329,far_from_nominal
84201,34,1990-03-10,-1.99,164.99,SITE_025,1.94S164.46E,59.16056008902329,far_from_nominal
84202,34,1990-03-11,-1.98,165.01,SITE_025,1.94S164.46E,61.28313170998227,far_from_nominal
84203,34,1990-03-12,-1.98,164.99,SITE_025,1.94S164.46E,59.06661311671527,far_from_nominal
84204,34,1990-03-13,-1.99,164.99,SITE_025,1.94S164.46E,59.16056008902329,far_from_nominal
84205,34,1990-03-14,-1.98,164.99,SITE_025,1.94S164.46E,59.06661311671527,far_from_nominal
84206,34,1990-03-15,-1.99,164.99,SITE_025,1.94S164.46E,59.16056008902329,far_from_nominal
84207,34,1990-03-16,-1.99,164.99,SITE_025,1.94S164.46E,59.16056008902329,far_from_nominal
84208,34,1990-03-17,-1.99,164.99,SITE_025,1.94S164.46E,59.16056008902329,far_from_nominal
84209,34,1990-03-18,-1.99,165.0,SITE_025,1.94S164.46E,60.267029229434726,far_from_nominal
84210,34,1990-03-19,-1.95,164.93,SITE_025,1.94S164.46E,52.243412569060794,far_from_nominal
84211,34,1990-03-20,-1.98,165.01,SITE_025,1.94S164.46E,61.28313170998227,far_from_nominal
84212,34,1990-03-21,-1.98,165.01,SITE_025,1.94S164.46E,61.28313170998227,far_from_nominal
84213,34,1990-03-22,-1.99,164.99,SITE_025,1.94S164.46E,59.16056008902329,far_from_nominal
84214,34,1990-03-23,-1.99,164.99,SITE_025,1.94S164.46E,59.16056008902329,far_from_nominal
84215,34,1990-03-24,-1.99,165.0,SITE_025,1.94S164.46E,60.267029229434726,far_from_nominal
84216,34,1990-03-25,-1.99,165.0,SITE_025,1.94S164.46E,60.267029229434726,far_from_nominal
84217,34,1990-03-26,-1.99,165.0,SITE_025,1.94S164.46E,60.267029229434726,far_from_nominal
84218,34,1990-03-27,-1.99,165.0,SITE_025,1.94S164.46E,60.267029229434726,far_from_nominal
84219,34,1990-03-28,-1.99,164.99,SITE_025,1.94S164.46E,59.16056008902329,far_from_nominal
84220,34,1990-03-29,-1.99,165.0,SITE_025,1.94S164.46E,60.267029229434726,far_from_nominal
84221,34,1990-03-30,-1.99,165.0,SITE_025,1.94S164.46E,60.267029229434726,far_from_nominal
84222,34,1990-03-31,-1.99,165.0,SITE_025,1.94S164.46E,60.267029229434726,far_from_nominal
84223,34,1990-04-01,-2.0,165.0,SITE_025,1.94S164.46E,60.37958181230221,far_from_nominal
84224,34,1990-04-02,-1.99,164.99,SITE_025,1.94S164.46E,59.16056008902329,far_from_nominal
84225,34,1990-04-03,-2.0,165.0,SITE_025,1.94S164.46E,60.37958181230221,far_from_nominal
84226,34,1990-04-04,-1.99,164.99,SITE_025,1.94S164.46E,59.16056008902329,far_from_nominal
84227,34,1990-04-05,-1.99,164.99,SITE_025,1.94S164.46E,59.16056008902329,far_from_nominal
84228,34,1990-04-06,-1.99,165.0,SITE_025,1.94S164.46E,60.267029229434726,far_from_nominal
84229,34,1990-04-07,-1.99,164.99,SITE_025,1.94S164.46E,59.16056008902329,far_from_nominal
84230,34,1990-04-08,-1.99,165.0,SITE_025,1.94S164.46E,60.267029229434726,far_from_nominal
84231,34,1990-04-09,-1.99,165.0,SITE_025,1.94S164.46E,60.267029229434726,far_from_nominal
84232,34,1990-04-10,-1.98,165.0,SITE_025,1.94S164.46E,60.17481633119413,far_from_nominal
84233,34,1990-04-11,-1.99,164.99,SITE_025,1.94S164.46E,59.16056008902329,far_from_nominal
84234,34,1990-04-12,-1.99,164.99,SITE_025,1.94S164.46E,59.16056008902329,far_from_nominal
84235,34,1990-04-13,-1.99,165.0,SITE_025,1.94S164.46E,60.267029229434726,far_from_nominal
84236,34,1990-04-14,-1.99,164.99,SITE_025,1.94S164.46E,59.16056008902329,far_from_nominal
84237,34,1990-04-15,-1.98,164.98,SITE_025,1.94S164.46E,57.9585285005327,far_from_nominal
84238,34,1990-04-16,-1.98,164.98,SITE_025,1.94S164.46E,57.9585285005327,far_from_nominal
84239,34,1990-04-17,-1.99,165.0,SITE_025,1.94S164.46E,60.267029229434726,far_from_nominal
84240,34,1990-04-18,-1.99,165.0,SITE_025,1.94S164.46E,60.267029229434726,far_from_nominal
84241,34,1990-04-19,-2.0,164.99,SITE_025,1.94S164.46E,59.27522040225718,far_from_nominal
84242,34,1990-04-20,-1.99,164.99,SITE_025,1.94S164.46E,59.16056008902329,far_from_nominal
84243,34,1990-04-21,-1.99,164.99,SITE_025,1.94S164.46E,59.16056008902329,far_from_nominal
84244,34,1990-04-22,-1.99,164.99,SITE_025,1.94S164.46E,59.16056008902329,far_from_nominal
84245,34,1990-04-23,-1.99,164.99,SITE_025,1.94S164.46E,59.16056008902329,far_from_nominal
84246,34,1990-04-24,-1.99,165.0,SITE_025,1.94S164.46E,60.267029229434726,far_from_nominal
84247,34,1990-04-25,-2.0,165.0,SITE_025,1.94S164.46E,60.37958181230221,far_from_nominal
84248,34,1990-04-26,-1.99,165.0,SITE_025,1.94S164.46E,60.267029229434726,far_from_nominal
84249,34,1990-04-27,-1.96,164.99,SITE_025,1.94S164.46E,58.9412335408019,far_from_nominal
84250,34,1990-04-28,-1.99,164.99,SITE_025,1.94S164.46E,59.16056008902329,far_from_nominal
84251,34,1990-04-29,-1.99,164.98,SITE_025,1.94S164.46E,58.05427537575593,far_from_nominal
84252,34,1990-04-30,-1.99,164.99,SITE_025,1.94S164.46E,59.16056008902329,far_from_nominal
84253,34,1990-05-01,-1.99,165.0,SITE_025,1.94S164.46E,60.267029229434726,far_from_nominal
84254,34,1990-05-02,-1.99,165.0,SITE_025,1.94S164.46E,60.267029229434726,far_from_nominal
84255,34,1990-05-03,-1.99,165.0,SITE_025,1.94S164.46E,60.267029229434726,far_from_nominal
84256,34,1990-05-04,-1.99,165.0,SITE_025,1.94S164.46E,60.267029229434726,far_from_nominal
84257,34,1990-05-05,-1.99,165.0,SITE_025,1.94S164.46E,60.267029229434726,far_from_nominal
84258,34,1990-05-06,-1.99,165.0,SITE_025,1.94S164.46E,60.267029229434726,far_from_nominal
84259,34,1990-05-07,-1.98,165.0,SITE_025,1.94S164.46E,60.17481633119413,far_from_nominal
84260,34,1990-05-08,-1.98,164.99,SITE_025,1.94S164.46E,59.06661311671527,far_from_nominal
84261,34,1990-05-09,-1.98,164.99,SITE_025,1.94S164.46E,59.06661311671527,far_from_nominal
84262,34,1990-05-10,-1.98,164.99,SITE_025,1.94S164.46E,59.06661311671527,far_from_nominal
84263,34,1990-05-11,-1.98,164.99,SITE_025,1.94S164.46E,59.06661311671527,far_from_nominal
84264,34,1990-05-12,-1.99,165.0,SITE_025,1.94S164.46E,60.267029229434726,far_from_nominal
84265,34,1990-05-13,-1.99,164.99,SITE_025,1.94S164.46E,59.16056008902329,far_from_nominal
84266,34,1990-05-14,-1.99,164.99,SITE_025,1.94S164.46E,59.16056008902329,far_from_nominal
84267,34,1990-05-15,-1.99,164.99,SITE_025,1.94S164.46E,59.16056008902329,far_from_nominal
84268,34,1990-05-16,-1.99,164.99,SITE_025,1.94S164.46E,59.16056008902329,far_from_nominal
84269,34,1990-05-17,-1.99,164.99,SITE_025,1.94S164.46E,59.16056008902329,far_from_nominal
84270,34,1990-05-18,-1.99,164.99,SITE_025,1.94S164.46E,59.16056008902329,far_from_nominal
84271,34,1990-05-19,-1.99,164.99,SITE_025,1.94S164.46E,59.16056008902329,far_from_nominal
84272,34,1990-05-20,-1.99,165.0,SITE_025,1.94S164.46E,60.267029229434726,far_from_nominal
84273,34,1990-05-21,-2.0,164.99,SITE_025,1.94S164.46E,59.27522040225718,far_from_nominal
84274,34,1990-05-22,-1.99,165.0,SITE_025,1.94S164.46E,60.267029229434726,far_from_nominal
84275,34,1990-05-23,-1.99,165.0,SITE_025,1.94S164.46E,60.267029229434726,far_from_nominal
84276,34,1990-05-24,-1.99,165.0,SITE_025,1.94S164.46E,60.267029229434726,far_from_nominal
84277,34,1990-05-25,-1.99,165.0,SITE_025,1.94S164.46E,60.267029229434726,far_from_nominal
84278,34,1990-05-26,-1.98,165.0,SITE_025,1.94S164.46E,60.17481633119413,far_from_nominal
84279,34,1990-05-27,-1.99,165.0,SITE_025,1.94S164.46E,60.267029229434726,far_from_nominal
84280,34,1990-05-28,-1.99,165.01,SITE_025,1.94S164.46E,61.37367282218146,far_from_nominal
84281,34,1990-05-29,-1.99,165.01,SITE_025,1.94S164.46E,61.37367282218146,far_from_nominal
84282,34,1990-05-30,-2.02,164.99,SITE_025,1.94S164.46E,59.56618098619907,far_from_nominal
84283,34,1990-05-31,-1.99,164.99,SITE_025,1.94S164.46E,59.16056008902329,far_from_nominal
84284,34,1990-06-01,-1.99,165.0,SITE_025,1.94S164.46E,60.267029229434726,far_from_nominal
84285,34,1990-06-02,-1.99,164.99,SITE_025,1.94S164.46E,59.16056008902329,far_from_nominal
84286,34,1990-06-03,-1.99,165.0,SITE_025,1.94S164.46E,60.267029229434726,far_from_nominal
84287,34,1990-06-04,-1.99,165.0,SITE_025,1.94S164.46E,60.267029229434726,far_from_nominal
84288,34,1990-06-05,-1.99,165.0,SITE_025,1.94S164.46E,60.267029229434726,far_from_nominal
84289,34,1990-06-06,-1.99,165.0,SITE_025,1.94S164.46E,60.267029229434726,far_from_nominal
84290,34,1990-06-07,-1.99,165.0,SITE_025,1.94S164.46E,60.267029229434726,far_from_nominal
84291,34,1990-06-08,-1.98,165.02,SITE_025,1.94S164.46E,62.391553275625405,far_from_nominal
84292,34,1990-06-09,-1.99,165.0,SITE_025,1.94S164.46E,60.267029229434726,far_from_nominal
84293,34,1990-06-10,-1.99,165.0,SITE_025,1.94S164.46E,60.267029229434726,far_from_nominal
84294,34,1990-06-11,-1.99,165.01,SITE_025,1.94S164.46E,61.37367282218146,far_from_nominal
84295,34,1990-06-12,-1.97,164.95,SITE_025,1.94S164.46E,54.55595572698117,far_from_nominal
84296,34,1990-06-13,-1.99,164.99,SITE_025,1.94S164.46E,59.16056008902329,far_from_nominal
84297,34,1990-06-14,-1.98,165.0,SITE_025,1.94S164.46E,60.17481633119413,far_from_nominal
84298,34,1990-06-15,-1.99,165.0,SITE_025,1.94S164.46E,60.267029229434726,far_from_nominal
84299,34,1990-06-16,-1.99,165.0,SITE_025,1.94S164.46E,60.267029229434726,far_from_nominal
84300,34,1990-06-17,-1.98,165.02,SITE_025,1.94S164.46E,62.391553275625405,far_from_nominal
84301,34,1990-06-18,-1.96,165.04,SITE_025,1.94S164.46E,64.49415197596866,far_from_nominal
84302,34,1990-06-19,-1.99,165.0,SITE_025,1.94S164.46E,60.267029229434726,far_from_nominal
84303,34,1990-06-20,-1.99,165.0,SITE_025,1.94S164.46E,60.267029229434726,far_from_nominal
84304,34,1990-06-21,-1.99,165.0,SITE_025,1.94S164.46E,60.267029229434726,far_from_nominal
84305,34,1990-06-22,-1.99,165.0,SITE_025,1.94S164.46E,60.267029229434726,far_from_nominal
84306,34,1990-06-23,-1.99,165.0,SITE_025,1.94S164.46E,60.267029229434726,far_from_nominal
84307,34,1990-06-24,-1.99,165.0,SITE_025,1.94S164.46E,60.267029229434726,far_from_nominal
84308,34,1990-06-25,-1.99,165.0,SITE_025,1.94S164.46E,60.267029229434726,far_from_nominal
84309,34,1990-06-26,-1.99,165.0,SITE_025,1.94S164.46E,60.267029229434726,far_from_nominal
84310,34,1990-06-27,-2.0,165.0,SITE_025,1.94S164.46E,60.37958181230221,far_from_nominal
84311,34,1990-06-28,-2.0,165.0,SITE_025,1.94S164.46E,60.37958181230221,far_from_nominal
84312,34,1990-06-29,-2.0,165.0,SITE_025,1.94S164.46E,60.37958181230221,far_from_nominal
84313,34,1990-06-30,-1.99,165.0,SITE_025,1.94S164.46E,60.267029229434726,far_from_nominal
84314,34,1990-07-01,-1.99,165.0,SITE_025,1.94S164.46E,60.267029229434726,far_from_nominal
84315,34,1990-07-02,-1.99,165.0,SITE_025,1.94S164.46E,60.267029229434726,far_from_nominal
84316,34,1990-07-03,-1.99,165.0,SITE_025,1.94S164.46E,60.267029229434726,far_from_nominal
84317,34,1990-07-04,-1.99,165.0,SITE_025,1.94S164.46E,60.267029229434726,far_from_nominal
84318,34,1990-07-05,-1.99,165.0,SITE_025,1.94S164.46E,60.267029229434726,far_from_nominal
84319,34,1990-07-06,-2.0,164.99,SITE_025,1.94S164.46E,59.27522040225718,far_from_nominal
84320,34,1990-07-07,-1.99,165.0,SITE_025,1.94S164.46E,60.267029229434726,far_from_nominal
84321,34,1990-07-08,-1.99,165.0,SITE_025,1.94S164.46E,60.267029229434726,far_from_nominal
84322,34,1990-07-09,-1.99,165.0,SITE_025,1.94S164.46E,60.267029229434726,far_from_nominal
84323,34,1990-07-10,-1.98,165.0,SITE_025,1.94S164.46E,60.17481633119413,far_from_nominal
84324,34,1990-07-11,-1.99,165.0,SITE_025,1.94S164.46E,60.267029229434726,far_from_nominal
84325,34,1990-07-12,-1.99,164.99,SITE_025,1.94S164.46E,59.16056008902329,far_from_nominal
84326,34,1990-07-13,-1.99,165.0,SITE_025,1.94S164.46E,60.267029229434726,far_from_nominal
84327,34,1990-07-14,-1.99,165.0,SITE_025,1.94S164.46E,60.267029229434726,far_from_nominal
84328,34,1990-07-15,-1.99,165.0,SITE_025,1.94S164.46E,60.267029229434726,far_from_nominal
84329,34,1990-07-16,-1.99,165.0,SITE_025,1.94S164.46E,60.267029229434726,far_from_nominal
84330,34,1990-07-17,-1.99,165.0,SITE_025,1.94S164.46E,60.267029229434726,far_from_nominal
84331,34,1990-07-18,-1.99,165.01,SITE_025,1.94S164.46E,61.37367282218146,far_from_nominal
84332,34,1990-07-19,-1.99,165.0,SITE_025,1.94S164.46E,60.267029229434726,far_from_nominal
84333,34,1990-07-20,-1.99,165.0,SITE_025,1.94S164.46E,60.267029229434726,far_from_nominal
84334,34,1990-07-21,-1.99,164.99,SITE_025,1.94S164.46E,59.16056008902329,far_from_nominal
84335,34,1990-07-22,-1.99,165.0,SITE_025,1.94S164.46E,60.267029229434726,far_from_nominal
84336,34,1990-07-23,-1.99,164.99,SITE_025,1.94S164.46E,59.16056008902329,far_from_nominal
84337,34,1990-07-24,-1.99,165.0,SITE_025,1.94S164.46E,60.267029229434726,far_from_nominal
84338,34,1990-07-25,-1.99,165.0,SITE_025,1.94S164.46E,60.267029229434726,far_from_nominal
84339,34,1990-07-26,-1.99,165.0,SITE_025,1.94S164.46E,60.267029229434726,far_from_nominal
84340,34,1990-07-27,-1.99,165.01,SITE_025,1.94S164.46E,61.37367282218146,far_from_nominal
84341,34,1990-07-28,-1.99,165.01,SITE_025,1.94S164.46E,61.37367282218146,far_from_nominal
84342,34,1990-07-29,-1.98,164.99,SITE_025,1.94S164.46E,59.06661311671527,far_from_nominal
84343,34,1990-07-30,-1.99,165.0,SITE_025,1.94S164.46E,60.267029229434726,far_from_nominal
84344,34,1990-07-31,-1.99,164.99,SITE_025,1.94S164.46E,59.16056008902329,far_from_nominal
84345,34,1990-08-01,-1.99,165.0,SITE_025,1.94S164.46E,60.267029229434726,far_from_nominal
84346,34,1990-08-02,-1.99,165.0,SITE_025,1.94S164.46E,60.267029229434726,far_from_nominal
84347,34,1990-08-03,-1.99,165.0,SITE_025,1.94S164.46E,60.267029229434726,far_from_nominal
84348,34,1990-08-04,-1.99,165.0,SITE_025,1.94S164.46E,60.267029229434726,far_from_nominal
84349,34,1990-08-05,-1.99,165.0,SITE_025,1.94S164.46E,60.267029229434726,far_from_nominal
84350,34,1990-08-06,-1.99,165.01,SITE_025,1.94S164.46E,61.37367282218146,far_from_nominal
84351,34,1990-08-07,-2.0,165.0,SITE_025,1.94S164.46E,60.37958181230221,far_from_nominal
84352,34,1990-08-08,-1.99,165.01,SITE_025,1.94S164.46E,61.37367282218146,far_from_nominal
84353,34,1990-08-09,-1.99,165.02,SITE_025,1.94S164.46E,62.4804815976161,far_from_nominal
84354,34,1990-08-10,-1.99,164.99,SITE_025,1.94S164.46E,59.16056008902329,far_from_nominal
84355,34,1990-08-11,-2.0,164.99,SITE_025,1.94S164.46E,59.27522040225718,far_from_nominal
84356,34,1990-08-12,-1.99,165.0,SITE_025,1.94S164.46E,60.267029229434726,far_from_nominal
84357,34,1990-08-13,-1.99,165.0,SITE_025,1.94S164.46E,60.267029229434726,far_from_nominal
84358,34,1990-08-14,-1.99,165.0,SITE_025,1.94S164.46E,60.267029229434726,far_from_nominal
84359,34,1990-08-15,-1.99,165.01,SITE_025,1.94S164.46E,61.37367282218146,far_from_nominal
84360,34,1990-08-16,-1.99,165.01,SITE_025,1.94S164.46E,61.37367282218146,far_from_nominal
84361,34,1990-08-17,-1.99,164.99,SITE_025,1.94S164.46E,59.16056008902329,far_from_nominal
84362,34,1990-08-18,-1.99,164.99,SITE_025,1.94S164.46E,59.16056008902329,far_from_nominal
84363,34,1990-08-19,-1.99,165.0,SITE_025,1.94S164.46E,60.267029229434726,far_from_nominal
84364,34,1990-08-20,-1.99,165.01,SITE_025,1.94S164.46E,61.37367282218146,far_from_nominal
84365,34,1990-08-21,-1.99,164.99,SITE_025,1.94S164.46E,59.16056008902329,far_from_nominal
84366,34,1990-08-22,-1.99,165.0,SITE_025,1.94S164.46E,60.267029229434726,far_from_nominal
84367,34,1990-08-23,-1.99,165.01,SITE_025,1.94S164.46E,61.37367282218146,far_from_nominal
84368,34,1990-08-24,-1.99,165.0,SITE_025,1.94S164.46E,60.267029229434726,far_from_nominal
84369,34,1990-08-25,-2.0,165.01,SITE_025,1.94S164.46E,61.48419302950857,far_from_nominal
84370,34,1990-08-26,-2.0,164.99,SITE_025,1.94S164.46E,59.27522040225718,far_from_nominal
84371,34,1990-08-27,-1.98,165.0,SITE_025,1.94S164.46E,60.17481633119413,far_from_nominal
84372,34,1990-08-28,-1.98,165.01,SITE_025,1.94S164.46E,61.28313170998227,far_from_nominal
84373,34,1990-08-29,-1.98,165.0,SITE_025,1.94S164.46E,60.17481633119413,far_from_nominal
84374,34,1990-08-30,-1.99,165.0,SITE_025,1.94S164.46E,60.267029229434726,far_from_nominal
84375,34,1990-08-31,-1.99,165.01,SITE_025,1.94S164.46E,61.37367282218146,far_from_nominal
84376,34,1990-09-01,-1.99,165.0,SITE_025,1.94S164.46E,60.267029229434726,far_from_nominal
84377,34,1990-09-02,-1.99,164.99,SITE_025,1.94S164.46E,59.16056008902329,far_from_nominal
84378,34,1990-09-03,-1.99,165.01,SITE_025,1.94S164.46E,61.37367282218146,far_from_nominal
84379,34,1990-09-04,-2.0,165.01,SITE_025,1.94S164.46E,61.48419302950857,far_from_nominal
84380,34,1990-09-05,-1.99,164.99,SITE_025,1.94S164.46E,59.16056008902329,far_from_nominal
84381,34,1990-09-06,-1.99,165.0,SITE_025,1.94S164.46E,60.267029229434726,far_from_nominal
84382,34,1990-09-07,-1.99,165.01,SITE_025,1.94S164.46E,61.37367282218146,far_from_nominal
84383,34,1990-09-08,-1.99,165.01,SITE_025,1.94S164.46E,61.37367282218146,far_from_nominal
84384,34,1990-09-09,-1.99,165.0,SITE_025,1.94S164.46E,60.267029229434726,far_from_nominal
84385,34,1990-09-10,-1.99,165.0,SITE_025,1.94S164.46E,60.267029229434726,far_from_nominal
84386,34,1990-09-11,-1.99,165.01,SITE_025,1.94S164.46E,61.37367282218146,far_from_nominal
84387,34,1990-09-12,-1.99,165.0,SITE_025,1.94S164.46E,60.267029229434726,far_from_nominal
84388,34,1990-09-13,-1.98,164.96,SITE_025,1.94S164.46E,55.74274335323683,far_from_nominal
84389,34,1990-09-14,-2.03,165.01,SITE_025,1.94S164.46E,61.934461996001616,far_from_nominal
84390,34,1990-09-15,-1.99,164.99,SITE_025,1.94S164.46E,59.16056008902329,far_from_nominal
84391,34,1990-09-16,-2.0,164.99,SITE_025,1.94S164.46E,59.27522040225718,far_from_nominal
84392,34,1990-09-17,-1.99,165.0,SITE_025,1.94S164.46E,60.267029229434726,far_from_nominal
84393,34,1990-09-18,-1.99,165.0,SITE_025,1.94S164.46E,60.267029229434726,far_from_nominal
84394,34,1990-09-19,-2.0,165.0,SITE_025,1.94S164.46E,60.37958181230221,far_from_nominal
84395,34,1990-09-20,-1.99,165.0,SITE_025,1.94S164.46E,60.267029229434726,far_from_nominal
84396,34,1990-09-21,-2.0,165.0,SITE_025,1.94S164.46E,60.37958181230221,far_from_nominal
84397,34,1990-09-22,-1.99,165.0,SITE_025,1.94S164.46E,60.267029229434726,far_from_nominal
84398,34,1990-09-23,-2.0,164.96,SITE_025,1.94S164.46E,55.96378288605546,far_from_nominal
84399,34,1990-09-24,-1.99,165.0,SITE_025,1.94S164.46E,60.267029229434726,far_from_nominal
84400,34,1990-09-25,-1.99,165.01,SITE_025,1.94S164.46E,61.37367282218146,far_from_nominal
84401,34,1990-09-26,-1.99,164.99,SITE_025,1.94S164.46E,59.16056008902329,far_from_nominal
84402,34,1990-09-27,-1.99,164.99,SITE_025,1.94S164.46E,59.16056008902329,far_from_nominal
84403,34,1990-09-28,-1.99,164.99,SITE_025,1.94S164.46E,59.16056008902329,far_from_nominal
84404,34,1990-09-29,-1.99,165.0,SITE_025,1.94S164.46E,60.267029229434726,far_from_nominal
84405,34,1990-09-30,-1.98,164.99,SITE_025,1.94S164.46E,59.06661311671527,far_from_nominal
84406,34,1990-10-01,-1.99,165.0,SITE_025,1.94S164.46E,60.267029229434726,far_from_nominal
84407,34,1990-10-02,-1.92,164.98,SITE_025,1.94S164.46E,57.83141597497488,far_from_nominal
84408,34,1990-10-03,-1.99,164.99,SITE_025,1.94S164.46E,59.16056008902329,far_from_nominal
84409,34,1990-10-04,-1.99,165.0,SITE_025,1.94S164.46E,60.267029229434726,far_from_nominal
84410,34,1990-10-05,-1.98,165.0,SITE_025,1.94S164.46E,60.17481633119413,far_from_nominal
84411,34,1990-10-06,-1.99,164.99,SITE_025,1.94S164.46E,59.16056008902329,far_from_nominal
84412,34,1990-10-07,-1.99,164.99,SITE_025,1.94S164.46E,59.16056008902329,far_from_nominal
84413,34,1990-10-08,-1.99,164.99,SITE_025,1.94S164.46E,59.16056008902329,far_from_nominal
84414,34,1990-10-09,-1.99,164.99,SITE_025,1.94S164.46E,59.16056008902329,far_from_nominal
84415,34,1990-10-10,-1.98,165.0,SITE_025,1.94S164.46E,60.17481633119413,far_from_nominal
84416,34,1990-10-11,-1.98,165.0,SITE_025,1.94S164.46E,60.17481633119413,far_from_nominal
84417,34,1990-10-12,-1.99,165.0,SITE_025,1.94S164.46E,60.267029229434726,far_from_nominal
84418,34,1990-10-13,-1.99,164.99,SITE_025,1.94S164.46E,59.16056008902329,far_from_nominal
84419,34,1990-10-14,-1.89,165.02,,,,unassigned_drifting
84420,34,1990-10-15,-1.99,164.99,SITE_025,1.94S164.46E,59.16056008902329,far_from_nominal
84421,34,1990-10-16,-1.99,164.99,SITE_025,1.94S164.46E,59.16056008902329,far_from_nominal
84422,34,1990-10-17,-1.99,165.0,SITE_025,1.94S164.46E,60.267029229434726,far_from_nominal
84423,34,1990-10-18,-1.99,165.0,SITE_025,1.94S164.46E,60.267029229434726,far_from_nominal
84424,34,1990-10-19,-1.99,164.99,SITE_025,1.94S164.46E,59.16056008902329,far_from_nominal
84425,34,1990-10-20,-1.99,165.0,SITE_025,1.94S164.46E,60.267029229434726,far_from_nominal
84426,34,1990-10-21,-1.99,165.0,SITE_025,1.94S164.46E,60.267029229434726,far_from_nominal
84427,34,1990-10-22,-1.99,165.0,SITE_025,1.94S164.46E,60.267029229434726,far_from_nominal
84428,34,1990-10-23,-1.99,165.0,SITE_025,1.94S164.46E,60.267029229434726,far_from_nominal
84442,34,1991-04-14,-1.98,164.91,SITE_025,1.94S164.46E,50.205916466811516,far_from_nominal
84448,34,1991-04-20,-1.98,164.91,SITE_025,1.94S164.46E,50.205916466811516,far_from_nominal
84449,34,1991-04-21,-1.98,164.91,SITE_025,1.94S164.46E,50.205916466811516,far_from_nominal
84450,34,1991-04-22,-1.98,164.91,SITE_025,1.94S164.46E,50.205916466811516,far_from_nominal
84451,34,1991-04-23,-1.97,164.91,SITE_025,1.94S164.46E,50.11979617852156,far_from_nominal
84456,34,1991-04-28,-1.98,164.91,SITE_025,1.94S164.46E,50.205916466811516,far_from_nominal
84460,34,1991-05-02,-1.98,164.91,SITE_025,1.94S164.46E,50.205916466811516,far_from_nominal
84462,34,1991-05-04,-1.98,164.91,SITE_025,1.94S164.46E,50.205916466811516,far_from_nominal
84465,34,1991-05-07,-1.98,164.91,SITE_025,1.94S164.46E,50.205916466811516,far_from_nominal
84466,34,1991-05-08,-1.98,164.91,SITE_025,1.94S164.46E,50.205916466811516,far_from_nominal
84468,34,1991-05-10,-1.98,164.91,SITE_025,1.94S164.46E,50.205916466811516,far_from_nominal
84469,34,1991-05-11,-1.98,164.91,SITE_025,1.94S164.46E,50.205916466811516,far_from_nominal
84474,34,1991-05-16,-1.98,164.91,SITE_025,1.94S164.46E,50.205916466811516,far_from_nominal
84486,34,1991-05-28,-1.97,164.91,SITE_025,1.94S164.46E,50.11979617852156,far_from_nominal
84508,34,1991-06-19,-1.98,164.91,SITE_025,1.94S164.46E,50.205916466811516,far_from_nominal
84518,34,1991-06-29,-1.98,164.91,SITE_025,1.94S164.46E,50.205916466811516,far_from_nominal
84533,34,1991-07-14,-1.98,164.91,SITE_025,1.94S164.46E,50.205916466811516,far_from_nominal
84538,34,1991-07-19,-1.98,164.91,SITE_025,1.94S164.46E,50.205916466811516,far_from_nominal
84539,34,1991-07-20,-1.97,164.91,SITE_025,1.94S164.46E,50.11979617852156,far_from_nominal
84546,34,1991-07-27,-1.98,164.91,SITE_025,1.94S164.46E,50.205916466811516,far_from_nominal
84563,34,1991-08-13,-1.99,164.91,SITE_025,1.94S164.46E,50.316467939966884,far_from_nominal
84565,34,1991-08-15,-1.98,164.91,SITE_025,1.94S164.46E,50.205916466811516,far_from_nominal
84569,34,1991-08-19,-1.97,164.91,SITE_025,1.94S164.46E,50.11979617852156,far_from_nominal
84578,34,1991-08-28,-1.98,164.91,SITE_025,1.94S164.46E,50.205916466811516,far_from_nominal
84580,34,1991-08-30,-1.98,164.91,SITE_025,1.94S164.46E,50.205916466811516,far_from_nominal
84588,34,1991-09-07,-1.98,164.91,SITE_025,1.94S164.46E,50.205916466811516,far_from_nominal
84589,34,1991-09-08,-1.99,164.91,SITE_025,1.94S164.46E,50.316467939966884,far_from_nominal
84590,34,1991-09-09,-1.98,164.91,SITE_025,1.94S164.46E,50.205916466811516,far_from_nominal
84591,34,1991-09-10,-1.97,164.91,SITE_025,1.94S164.46E,50.11979617852156,far_from_nominal
84599,34,1991-09-18,-2.01,164.91,SITE_025,1.94S164.46E,50.61018866268184,far_from_nominal
84608,34,1991-09-27,-1.98,164.92,SITE_025,1.94S164.46E,51.31294157726367,far_from_nominal
84613,34,1991-10-02,-1.98,164.91,SITE_025,1.94S164.46E,50.205916466811516,far_from_nominal
84625,34,1991-10-14,-1.98,164.91,SITE_025,1.94S164.46E,50.205916466811516,far_from_nominal
84640,34,1991-10-29,-1.98,164.91,SITE_025,1.94S164.46E,50.205916466811516,far_from_nominal
84645,34,1991-11-03,-1.98,164.91,SITE_025,1.94S164.46E,50.205916466811516,far_from_nominal
84646,34,1991-11-04,-1.98,164.91,SITE_025,1.94S164.46E,50.205916466811516,far_from_nominal
84647,34,1991-11-05,-1.98,164.91,SITE_025,1.94S164.46E,50.205916466811516,far_from_nominal
84650,34,1991-11-08,-1.98,164.91,SITE_025,1.94S164.46E,50.205916466811516,far_from_nominal
84657,34,1991-11-15,-1.98,164.91,SITE_025,1.94S164.46E,50.205916466811516,far_from_nominal
84658,34,1991-11-16,-1.97,164.91,SITE_025,1.94S164.46E,50.11979617852156,far_from_nominal
84659,34,1991-11-17,-1.97,164.91,SITE_025,1.94S164.46E,50.11979617852156,far_from_nominal
84660,34,1991-11-18,-1.98,164.91,SITE_025,1.94S164.46E,50.205916466811516,far_from_nominal
84663,34,1991-11-21,-1.97,164.91,SITE_025,1.94S164.46E,50.11979617852156,far_from_nominal
84664,34,1991-11-22,-1.97,164.91,SITE_025,1.94S164.46E,50.11979617852156,far_from_nominal
84665,34,1991-11-23,-1.98,164.91,SITE_025,1.94S164.46E,50.205916466811516,far_from_nominal
84666,34,1991-11-24,-1.98,164.91,SITE_025,1.94S164.46E,50.205916466811516,far_from_nominal
84672,34,1991-11-30,-1.98,164.91,SITE_025,1.94S164.46E,50.205916466811516,far_from_nominal
84673,34,1991-12-01,-1.98,164.91,SITE_025,1.94S164.46E,50.205916466811516,far_from_nominal
84674,34,1991-12-02,-1.98,164.91,SITE_025,1.94S164.46E,50.205916466811516,far_from_nominal
84675,34,1991-12-03,-1.98,164.91,SITE_025,1.94S164.46E,50.205916466811516,far_from_nominal
84676,34,1991-12-04,-1.98,164.91,SITE_025,1.94S164.46E,50.205916466811516,far_from_nominal
84677,34,1991-12-05,-1.98,164.91,SITE_025,1.94S164.46E,50.205916466811516,far_from_nominal
84678,34,1991-12-06,-1.98,164.91,SITE_025,1.94S164.46E,50.205916466811516,far_from_nominal
84688,34,1991-12-16,-1.98,164.91,SITE_025,1.94S164.46E,50.205916466811516,far_from_nominal
84689,34,1991-12-17,-1.98,164.91,SITE_025,1.94S164.46E,50.205916466811516,far_from_nominal
84690,34,1991-12-18,-1.98,164.91,SITE_025,1.94S164.46E,50.205916466811516,far_from_nominal
84692,34,1991-12-20,-1.98,164.91,SITE_025,1.94S164.46E,50.205916466811516,far_from_nominal
84693,34,1991-12-21,-1.98,164.91,SITE_025,1.94S164.46E,50.205916466811516,far_from_nominal
84694,34,1991-12-22,-1.98,164.91,SITE_025,1.94S164.46E,50.205916466811516,far_from_nominal
84695,34,1991-12-23,-1.98,164.91,SITE_025,1.94S164.46E,50.205916466811516,far_from_nominal
84700,34,1991-12-28,-1.98,164.91,SITE_025,1.94S164.46E,50.205916466811516,far_from_nominal
84701,34,1991-12-29,-1.98,164.91,SITE_025,1.94S164.46E,50.205916466811516,far_from_nominal
84702,34,1991-12-30,-1.98,164.91,SITE_025,1.94S164.46E,50.205916466811516,far_from_nominal
84705,34,1992-01-02,-1.98,164.91,SITE_025,1.94S164.46E,50.205916466811516,far_from_nominal
84706,34,1992-01-03,-1.98,164.91,SITE_025,1.94S164.46E,50.205916466811516,far_from_nominal
84707,34,1992-01-04,-1.98,164.91,SITE_025,1.94S164.46E,50.205916466811516,far_from_nominal
84708,34,1992-01-05,-1.98,164.92,SITE_025,1.94S164.46E,51.31294157726367,far_from_nominal
84709,34,1992-01-06,-1.98,164.92,SITE_025,1.94S164.46E,51.31294157726367,far_from_nominal
84710,34,1992-01-07,-1.98,164.92,SITE_025,1.94S164.46E,51.31294157726367,far_from_nominal
84711,34,1992-01-08,-1.98,164.91,SITE_025,1.94S164.46E,50.205916466811516,far_from_nominal
84712,34,1992-01-09,-1.98,164.91,SITE_025,1.94S164.46E,50.205916466811516,far_from_nominal
84714,34,1992-01-11,-1.98,164.91,SITE_025,1.94S164.46E,50.205916466811516,far_from_nominal
84715,34,1992-01-12,-1.98,164.91,SITE_025,1.94S164.46E,50.205916466811516,far_from_nominal
84717,34,1992-01-14,-1.98,164.91,SITE_025,1.94S164.46E,50.205916466811516,far_from_nominal
84718,34,1992-01-15,-1.98,164.91,SITE_025,1.94S164.46E,50.205916466811516,far_from_nominal
84720,34,1992-01-17,-1.98,164.91,SITE_025,1.94S164.46E,50.205916466811516,far_from_nominal
84722,34,1992-01-19,-1.98,164.91,SITE_025,1.94S164.46E,50.205916466811516,far_from_nominal
84723,34,1992-01-20,-1.98,164.91,SITE_025,1.94S164.46E,50.205916466811516,far_from_nominal
84724,34,1992-01-21,-1.99,164.91,SITE_025,1.94S164.46E,50.316467939966884,far_from_nominal
84726,34,1992-01-23,-1.98,164.91,SITE_025,1.94S164.46E,50.205916466811516,far_from_nominal
84727,34,1992-01-24,-1.98,164.91,SITE_025,1.94S164.46E,50.205916466811516,far_from_nominal
84731,34,1992-01-28,-1.98,164.91,SITE_025,1.94S164.46E,50.205916466811516,far_from_nominal
84735,34,1992-02-01,-1.99,164.91,SITE_025,1.94S164.46E,50.316467939966884,far_from_nominal
84736,34,1992-02-02,-1.98,164.91,SITE_025,1.94S164.46E,50.205916466811516,far_from_nominal
84741,34,1992-02-07,-1.98,164.91,SITE_025,1.94S164.46E,50.205916466811516,far_from_nominal
84742,34,1992-02-08,-1.98,164.91,SITE_025,1.94S164.46E,50.205916466811516,far_from_nominal
84941,34,1992-08-25,-2.0,165.0,,,,unassigned_drifting
85151,34,1993-03-23,-2.0,165.0,SITE_025,1.94S164.46E,60.37958181230221,far_from_nominal
85152,34,1993-03-24,-2.0,165.0,SITE_025,1.94S164.46E,60.37958181230221,far_from_nominal
85153,34,1993-03-25,-2.0,165.0,SITE_025,1.94S164.46E,60.37958181230221,far_from_nominal
85541,34,1994-04-17,-2.0,165.0,,,,unassigned_drifting
86356,34,1996-07-10,-2.0,165.0,,,,unassigned_drifting
86695,34,1997-06-14,-2.0,165.0,,,,unassigned_drifting
87390,35,1993-02-16,-2.25,-170.53,,,,unassigned_drifting
87391,35,1993-02-17,-2.4,-171.02,,,,unassigned_drifting
87392,35,1993-02-18,-2.52,-171.51,,,,unassigned_drifting
87393,35,1993-02-19,-2.6,-172.02,,,,unassigned_drifting
87394,35,1993-02-20,-2.59,-172.52,,,,unassigned_drifting
87395,35,1993-02-21,-2.5,-172.99,,,,unassigned_drifting
87396,35,1993-02-22,-2.38,-173.38,,,,unassigned_drifting
87397,35,1993-02-23,-2.16,-173.78,,,,unassigned_drifting
87398,35,1993-02-24,-1.85,-174.18,,,,unassigned_drifting
87399,35,1993-02-25,-1.57,-174.63,,,,unassigned_drifting
87644,35,1993-11-13,-2.0,-170.0,,,,unassigned_drifting
87844,35,1994-06-01,-2.0,-170.0,,,,unassigned_drifting
87947,35,1994-09-12,-2.12,-170.33,,,,unassigned_drifting
87948,35,1994-09-13,-2.09,-170.42,,,,unassigned_drifting
87949,35,1994-09-14,-2.03,-170.51,,,,unassigned_drifting
87950,35,1994-09-15,-2.01,-170.62,,,,unassigned_drifting
87951,35,1994-09-16,-1.99,-170.72,,,,unassigned_drifting
87952,35,1994-09-17,-1.99,-170.84,,,,unassigned_drifting
87953,35,1994-09-18,-2.04,-170.95,,,,unassigned_drifting
87954,35,1994-09-19,-2.11,-171.02,,,,unassigned_noise
87955,35,1994-09-20,-2.16,-171.09,,,,unassigned_noise
87956,35,1994-09-21,-2.26,-171.14,,,,unassigned_drifting
87957,35,1994-09-22,-2.35,-171.18,,,,unassigned_noise
87958,35,1994-09-23,-2.43,-171.18,,,,unassigned_noise
87959,35,1994-09-24,-2.41,-171.19,,,,unassigned_noise
87960,35,1994-09-25,-2.38,-171.18,,,,unassigned_noise
87961,35,1994-09-26,-2.29,-171.21,,,,unassigned_drifting
87962,35,1994-09-27,-2.27,-171.3,,,,unassigned_noise
87963,35,1994-09-28,-2.31,-171.38,,,,unassigned_noise
87964,35,1994-09-29,-2.32,-171.45,,,,unassigned_noise
87965,35,1994-09-30,-2.3,-171.47,,,,unassigned_noise
87966,35,1994-10-01,-2.31,-171.5,,,,unassigned_noise
87967,35,1994-10-02,-2.36,-171.54,,,,unassigned_noise
87968,35,1994-10-03,-2.33,-171.55,,,,unassigned_noise
87969,35,1994-10-04,-2.26,-171.58,,,,unassigned_noise
87970,35,1994-10-05,-2.19,-171.58,,,,unassigned_noise
87971,35,1994-10-06,-2.14,-171.59,,,,unassigned_noise
87972,35,1994-10-07,-2.07,-171.59,,,,unassigned_noise
87973,35,1994-10-08,-2.04,-171.6,,,,unassigned_noise
87974,35,1994-10-09,-1.99,-171.64,,,,unassigned_noise
87975,35,1994-10-10,-1.95,-171.7,,,,unassigned_noise
87976,35,1994-10-11,-1.91,-171.73,,,,unassigned_noise
87977,35,1994-10-12,-1.91,-171.71,,,,unassigned_noise
87978,35,1994-10-13,-1.96,-171.65,,,,unassigned_noise
87979,35,1994-10-14,-2.0,-171.62,,,,unassigned_noise
87980,35,1994-10-15,-2.07,-171.56,,,,unassigned_noise
87981,35,1994-10-16,-2.1,-171.48,,,,unassigned_noise
87982,35,1994-10-17,-2.09,-171.38,,,,unassigned_noise
87983,35,1994-10-18,-2.08,-171.32,,,,unassigned_noise
87984,35,1994-10-19,-2.05,-171.29,,,,unassigned_noise
87985,35,1994-10-20,-2.01,-171.28,,,,unassigned_noise
87986,35,1994-10-21,-2.02,-171.27,,,,unassigned_noise
87987,35,1994-10-22,-2.06,-171.31,,,,unassigned_noise
87988,35,1994-10-23,-2.16,-171.34,,,,unassigned_drifting
87989,35,1994-10-24,-2.25,-171.34,,,,unassigned_drifting
87990,35,1994-10-25,-2.36,-171.34,,,,unassigned_noise
87991,35,1994-10-26,-2.43,-171.37,,,,unassigned_noise
87992,35,1994-10-27,-2.48,-171.42,,,,unassigned_noise
87993,35,1994-10-28,-2.51,-171.44,,,,unassigned_noise
87994,35,1994-10-29,-2.54,-171.47,,,,unassigned_noise
87995,35,1994-10-30,-2.52,-171.53,,,,unassigned_noise
87996,35,1994-10-31,-2.56,-171.58,,,,unassigned_noise
87997,35,1994-11-01,-2.61,-171.61,,,,unassigned_noise
87998,35,1994-11-02,-2.63,-171.63,,,,unassigned_noise
87999,35,1994-11-03,-2.64,-171.66,,,,unassigned_noise
88000,35,1994-11-04,-2.65,-171.74,,,,unassigned_noise
88001,35,1994-11-05,-2.64,-171.8,,,,unassigned_noise
88002,35,1994-11-06,-2.67,-171.87,,,,unassigned_noise
88003,35,1994-11-07,-2.66,-171.93,,,,unassigned_noise
88004,35,1994-11-08,-2.0,-170.0,,,,unassigned_drifting
88404,35,1995-12-13,-2.0,-170.0,,,,unassigned_drifting
89754,36,1994-06-06,-2.0,-180.0,,,,unassigned_drifting
90090,36,1995-05-08,-2.0,-180.0,,,,unassigned_drifting
97200,38,1997-10-10,5.1,-109.88,,,,unassigned_drifting
97201,38,1997-10-11,5.17,-109.74,,,,unassigned_drifting
97202,38,1997-10-12,5.16,-109.53,,,,unassigned_drifting
97203,38,1997-10-13,5.03,-109.3,,,,unassigned_drifting
97204,38,1997-10-14,5.04,-109.19,,,,unassigned_drifting
97205,38,1997-10-15,5.09,-109.02,,,,unassigned_drifting
97206,38,1997-10-16,5.07,-108.82,,,,unassigned_drifting
97207,38,1997-10-17,5.07,-108.71,,,,unassigned_drifting
97208,38,1997-10-18,5.13,-108.57,,,,unassigned_drifting
97209,38,1997-10-19,5.19,-108.35,,,,unassigned_drifting
97210,38,1997-10-20,5.24,-108.13,,,,unassigned_drifting
97211,38,1997-10-21,5.27,-107.94,,,,unassigned_drifting
97212,38,1997-10-22,5.3,-107.78,,,,unassigned_drifting
97213,38,1997-10-23,5.34,-107.58,,,,unassigned_drifting
97214,38,1997-10-24,5.37,-107.35,,,,unassigned_drifting
97215,38,1997-10-25,5.38,-107.11,,,,unassigned_drifting
97216,38,1997-10-26,5.4,-106.89,,,,unassigned_drifting
97217,38,1997-10-27,5.41,-106.66,,,,unassigned_drifting
97218,38,1997-10-28,5.34,-106.46,,,,unassigned_drifting
97219,38,1997-10-29,5.31,-106.32,,,,unassigned_drifting
97220,38,1997-10-30,5.32,-106.16,,,,unassigned_drifting
97221,38,1997-10-31,5.31,-105.94,,,,unassigned_drifting
97222,38,1997-11-01,5.33,-105.71,,,,unassigned_drifting
97223,38,1997-11-02,5.36,-105.43,,,,unassigned_drifting
97224,38,1997-11-03,5.39,-105.19,,,,unassigned_noise
97506,39,1992-06-05,5.12,-125.05,,,,unassigned_drifting
98439,39,1995-03-16,5.1,-124.87,,,,unassigned_drifting
98849,39,1996-09-16,5.0,-125.0,,,,unassigned_drifting
99234,39,1997-10-06,5.0,-125.0,,,,unassigned_drifting
103452,41,1998-05-13,5.0,-140.0,,,,unassigned_drifting
105844,42,1997-04-21,4.93,147.58,,,,unassigned_drifting
105845,42,1997-04-22,4.94,147.93,,,,unassigned_drifting
105846,42,1997-04-23,5.01,148.4,,,,unassigned_drifting
105847,42,1997-04-24,5.21,148.84,,,,unassigned_drifting
105848,42,1997-04-25,5.26,149.08,,,,unassigned_drifting
105849,42,1997-04-26,5.64,149.52,,,,unassigned_drifting
105850,42,1997-04-27,5.91,149.79,,,,unassigned_noise
105851,42,1997-04-28,5.94,149.86,,,,unassigned_noise
106536,43,1992-08-12,5.0,-155.0,,,,unassigned_drifting
110713,44,1997-09-23,5.0,156.0,,,,unassigned_drifting
111861,45,1990-11-17,5.02,165.16,,,,unassigned_drifting
117104,47,1993-12-07,4.95,-179.79,,,,unassigned_drifting
118037,47,1996-06-27,5.0,-180.0,,,,unassigned_drifting
118619,47,1998-01-30,4.95,-179.71,,,,unassigned_drifting
119105,48,1995-08-13,5.24,-94.9,,,,unassigned_drifting
119374,48,1996-05-08,5.0,-95.0,,,,unassigned_drifting
124416,50,1992-09-23,-5.0,-125.0,,,,unassigned_drifting
124814,50,1993-10-26,-4.9,-125.16,,,,unassigned_drifting
124815,50,1993-10-27,-4.8,-125.29,,,,unassigned_drifting
124816,50,1993-10-28,-4.77,-125.41,,,,unassigned_drifting
124817,50,1993-10-29,-4.75,-125.52,,,,unassigned_drifting
124818,50,1993-10-30,-4.7,-125.62,,,,unassigned_drifting
124819,50,1993-10-31,-4.59,-125.72,,,,unassigned_drifting
124820,50,1993-11-01,-4.51,-125.84,,,,unassigned_drifting
124821,50,1993-11-02,-4.45,-125.92,,,,unassigned_noise
124822,50,1993-11-03,-4.37,-125.95,,,,unassigned_noise
124823,50,1993-11-04,-4.18,-126.05,,,,unassigned_drifting
124824,50,1993-11-05,-4.07,-126.18,,,,unassigned_noise
129869,52,1994-05-21,-4.8,-154.76,,,,unassigned_noise
129870,52,1994-05-22,-4.8,-154.76,,,,unassigned_noise
130802,52,1996-12-09,-5.16,-154.99,,,,unassigned_drifting
132904,53,1996-07-26,-4.49,155.49,,,,unassigned_drifting
132905,53,1996-07-27,-4.77,155.77,,,,unassigned_drifting
135198,54,1993-04-29,-4.9,164.53,SITE_009,5S165E,53.24088010624868,far_from_nominal
135199,54,1993-04-30,-4.9,164.46,SITE_009,5S165E,60.846050389096,far_from_nominal
135200,54,1993-05-01,-4.89,164.4,SITE_009,5S165E,67.58474488236476,far_from_nominal
135201,54,1993-05-02,-4.87,164.34,SITE_009,5S165E,74.53191180044726,far_from_nominal
135202,54,1993-05-03,-4.85,164.27,SITE_009,5S165E,82.57474949359843,far_from_nominal
135203,54,1993-05-04,-4.83,164.2,SITE_009,5S165E,90.62238133803108,far_from_nominal
135204,54,1993-05-05,-4.81,164.14,SITE_009,5S165E,97.59178993910189,far_from_nominal
135205,54,1993-05-06,-4.79,164.08,SITE_009,5S165E,104.56690370040646,far_from_nominal
135206,54,1993-05-07,-4.76,164.02,SITE_009,5S165E,111.8076471379736,far_from_nominal
135207,54,1993-05-08,-4.71,163.95,SITE_009,5S165E,120.72223113977418,far_from_nominal
135208,54,1993-05-09,-4.71,163.92,SITE_009,5S165E,123.92851738482345,far_from_nominal
135209,54,1993-05-10,-4.7,163.94,SITE_009,5S165E,122.09024243228629,far_from_nominal
135210,54,1993-05-11,-4.71,163.93,SITE_009,5S165E,122.85906083905384,far_from_nominal
135211,54,1993-05-12,-4.7,163.92,SITE_009,5S165E,124.22333531373013,far_from_nominal
135212,54,1993-05-13,-4.7,163.93,SITE_009,5S165E,123.15642319827282,far_from_nominal
135213,54,1993-05-14,-4.71,163.92,SITE_009,5S165E,123.92851738482345,far_from_nominal
135214,54,1993-05-15,-4.71,163.92,SITE_009,5S165E,123.92851738482345,far_from_nominal
135215,54,1993-05-16,-4.71,163.92,SITE_009,5S165E,123.92851738482345,far_from_nominal
135216,54,1993-05-17,-4.71,163.92,SITE_009,5S165E,123.92851738482345,far_from_nominal
135217,54,1993-05-18,-4.72,163.93,SITE_009,5S165E,122.57106375237294,far_from_nominal
135218,54,1993-05-19,-4.72,163.92,SITE_009,5S165E,123.64299569505516,far_from_nominal
135219,54,1993-05-20,-4.72,163.93,SITE_009,5S165E,122.57106375237294,far_from_nominal
135220,54,1993-05-21,-4.72,163.93,SITE_009,5S165E,122.57106375237294,far_from_nominal
135221,54,1993-05-22,-4.72,163.93,SITE_009,5S165E,122.57106375237294,far_from_nominal
135222,54,1993-05-23,-4.71,163.92,SITE_009,5S165E,123.92851738482345,far_from_nominal
135223,54,1993-05-24,-4.71,163.93,SITE_009,5S165E,122.85906083905384,far_from_nominal
135224,54,1993-05-25,-4.73,163.93,SITE_009,5S165E,122.29249810349803,far_from_nominal
135225,54,1993-05-26,-4.72,163.93,SITE_009,5S165E,122.57106375237294,far_from_nominal
135226,54,1993-05-27,-4.71,163.93,SITE_009,5S165E,122.85906083905384,far_from_nominal
135227,54,1993-05-28,-4.71,163.92,SITE_009,5S165E,123.92851738482345,far_from_nominal
135228,54,1993-05-29,-4.71,163.92,SITE_009,5S165E,123.92851738482345,far_from_nominal
135229,54,1993-05-30,-4.71,163.93,SITE_009,5S165E,122.85906083905384,far_from_nominal
135230,54,1993-05-31,-4.72,163.93,SITE_009,5S165E,122.57106375237294,far_from_nominal
135231,54,1993-06-01,-4.71,163.92,SITE_009,5S165E,123.92851738482345,far_from_nominal
135232,54,1993-06-02,-4.71,163.92,SITE_009,5S165E,123.92851738482345,far_from_nominal
135233,54,1993-06-03,-4.71,163.92,SITE_009,5S165E,123.92851738482345,far_from_nominal
135234,54,1993-06-04,-4.71,163.93,SITE_009,5S165E,122.85906083905384,far_from_nominal
135235,54,1993-06-05,-4.71,163.92,SITE_009,5S165E,123.92851738482345,far_from_nominal
135236,54,1993-06-06,-4.71,163.92,SITE_009,5S165E,123.92851738482345,far_from_nominal
135237,54,1993-06-07,-4.71,163.93,SITE_009,5S165E,122.85906083905384,far_from_nominal
135238,54,1993-06-08,-4.7,163.93,SITE_009,5S165E,123.15642319827282,far_from_nominal
135239,54,1993-06-09,-4.71,163.93,SITE_009,5S165E,122.85906083905384,far_from_nominal
135240,54,1993-06-10,-4.71,163.93,SITE_009,5S165E,122.85906083905384,far_from_nominal
135241,54,1993-06-11,-4.7,163.93,SITE_009,5S165E,123.15642319827282,far_from_nominal
135242,54,1993-06-12,-4.72,163.93,SITE_009,5S165E,122.57106375237294,far_from_nominal
135243,54,1993-06-13,-4.71,163.92,SITE_009,5S165E,123.92851738482345,far_from_nominal
135244,54,1993-06-14,-4.71,163.92,SITE_009,5S165E,123.92851738482345,far_from_nominal
135245,54,1993-06-15,-4.71,163.92,SITE_009,5S165E,123.92851738482345,far_from_nominal
135246,54,1993-06-16,-4.72,163.93,SITE_009,5S165E,122.57106375237294,far_from_nominal
135247,54,1993-06-17,-4.72,163.92,SITE_009,5S165E,123.64299569505516,far_from_nominal
135248,54,1993-06-18,-4.72,163.93,SITE_009,5S165E,122.57106375237294,far_from_nominal
135249,54,1993-06-19,-4.7,163.93,SITE_009,5S165E,123.15642319827282,far_from_nominal
135250,54,1993-06-20,-4.7,163.92,SITE_009,5S165E,124.22333531373013,far_from_nominal
135251,54,1993-06-21,-4.71,163.92,SITE_009,5S165E,123.92851738482345,far_from_nominal
135252,54,1993-06-22,-4.7,163.93,SITE_009,5S165E,123.15642319827282,far_from_nominal
135253,54,1993-06-23,-4.7,163.93,SITE_009,5S165E,123.15642319827282,far_from_nominal
135254,54,1993-06-24,-4.71,163.93,SITE_009,5S165E,122.85906083905384,far_from_nominal
135255,54,1993-06-25,-4.71,163.92,SITE_009,5S165E,123.92851738482345,far_from_nominal
135256,54,1993-06-26,-4.72,163.92,SITE_009,5S165E,123.64299569505516,far_from_nominal
135257,54,1993-06-27,-4.71,163.92,SITE_009,5S165E,123.92851738482345,far_from_nominal
135258,54,1993-06-28,-4.72,163.93,SITE_009,5S165E,122.57106375237294,far_from_nominal
135259,54,1993-06-29,-4.69,163.94,SITE_009,5S165E,122.39955799173241,far_from_nominal
135260,54,1993-06-30,-4.71,163.92,SITE_009,5S165E,123.92851738482345,far_from_nominal
135261,54,1993-07-01,-4.72,163.93,SITE_009,5S165E,122.57106375237294,far_from_nominal
135262,54,1993-07-02,-4.72,163.92,SITE_009,5S165E,123.64299569505516,far_from_nominal
135263,54,1993-07-03,-4.72,163.93,SITE_009,5S165E,122.57106375237294,far_from_nominal
135264,54,1993-07-04,-4.71,163.92,SITE_009,5S165E,123.92851738482345,far_from_nominal
135265,54,1993-07-05,-4.71,163.92,SITE_009,5S165E,123.92851738482345,far_from_nominal
135266,54,1993-07-06,-4.71,163.92,SITE_009,5S165E,123.92851738482345,far_from_nominal
135267,54,1993-07-07,-4.71,163.93,SITE_009,5S165E,122.85906083905384,far_from_nominal
135268,54,1993-07-08,-4.71,163.92,SITE_009,5S165E,123.92851738482345,far_from_nominal
135269,54,1993-07-09,-4.71,163.92,SITE_009,5S165E,123.92851738482345,far_from_nominal
135270,54,1993-07-10,-4.72,163.92,SITE_009,5S165E,123.64299569505516,far_from_nominal
135271,54,1993-07-11,-4.71,163.92,SITE_009,5S165E,123.92851738482345,far_from_nominal
135272,54,1993-07-12,-4.71,163.93,SITE_009,5S165E,122.85906083905384,far_from_nominal
135273,54,1993-07-13,-4.71,163.92,SITE_009,5S165E,123.92851738482345,far_from_nominal
135274,54,1993-07-14,-4.72,163.93,SITE_009,5S165E,122.57106375237294,far_from_nominal
135275,54,1993-07-15,-4.72,163.93,SITE_009,5S165E,122.57106375237294,far_from_nominal
135276,54,1993-07-16,-4.72,163.9,SITE_009,5S165E,125.78873220244962,far_from_nominal
135277,54,1993-07-17,-4.71,163.9,SITE_009,5S165E,126.0694254996183,far_from_nominal
135278,54,1993-07-18,-4.72,163.9,SITE_009,5S165E,125.78873220244962,far_from_nominal
135279,54,1993-07-19,-4.73,163.91,SITE_009,5S165E,124.44176081783803,far_from_nominal
135280,54,1993-07-20,-4.73,163.91,SITE_009,5S165E,124.44176081783803,far_from_nominal
135281,54,1993-07-21,-4.72,163.93,SITE_009,5S165E,122.57106375237294,far_from_nominal
135282,54,1993-07-22,-4.71,163.92,SITE_009,5S165E,123.92851738482345,far_from_nominal
135283,54,1993-07-23,-4.72,163.92,SITE_009,5S165E,123.64299569505516,far_from_nominal
135284,54,1993-07-24,-4.73,163.92,SITE_009,5S165E,123.36683479042684,far_from_nominal
135285,54,1993-07-25,-4.72,163.91,SITE_009,5S165E,124.71555721335098,far_from_nominal
135286,54,1993-07-26,-4.72,163.91,SITE_009,5S165E,124.71555721335098,far_from_nominal
135287,54,1993-07-27,-4.73,163.92,SITE_009,5S165E,123.36683479042684,far_from_nominal
135288,54,1993-07-28,-4.73,163.91,SITE_009,5S165E,124.44176081783803,far_from_nominal
135289,54,1993-07-29,-4.73,163.92,SITE_009,5S165E,123.36683479042684,far_from_nominal
135290,54,1993-07-30,-4.72,163.91,SITE_009,5S165E,124.71555721335098,far_from_nominal
135291,54,1993-07-31,-4.72,163.93,SITE_009,5S165E,122.57106375237294,far_from_nominal
135292,54,1993-08-01,-4.72,163.9,SITE_009,5S165E,125.78873220244962,far_from_nominal
135293,54,1993-08-02,-4.73,163.93,SITE_009,5S165E,122.29249810349803,far_from_nominal
135294,54,1993-08-03,-4.72,163.92,SITE_009,5S165E,123.64299569505516,far_from_nominal
135295,54,1993-08-04,-4.72,163.92,SITE_009,5S165E,123.64299569505516,far_from_nominal
135296,54,1993-08-05,-4.72,163.93,SITE_009,5S165E,122.57106375237294,far_from_nominal
135297,54,1993-08-06,-4.72,163.93,SITE_009,5S165E,122.57106375237294,far_from_nominal
135298,54,1993-08-07,-4.72,163.93,SITE_009,5S165E,122.57106375237294,far_from_nominal
135299,54,1993-08-08,-4.7,163.99,SITE_009,5S165E,116.77100952255498,far_from_nominal
135300,54,1993-08-09,-4.64,164.06,SITE_009,5S165E,111.58128053297342,far_from_nominal
135301,54,1993-08-10,-4.63,164.08,SITE_009,5S165E,109.92764988207232,far_from_nominal
135302,54,1993-08-11,-4.64,164.11,SITE_009,5S165E,106.42854988389537,far_from_nominal
135303,54,1993-08-12,-4.66,164.15,SITE_009,5S165E,101.48496286641637,far_from_nominal
135304,54,1993-08-13,-4.66,164.18,SITE_009,5S165E,98.40801603315377,far_from_nominal
135305,54,1993-08-14,-4.66,164.19,SITE_009,5S165E,97.38597565159834,far_from_nominal
135306,54,1993-08-15,-4.66,164.19,SITE_009,5S165E,97.38597565159834,far_from_nominal
135307,54,1993-08-16,-4.66,164.19,SITE_009,5S165E,97.38597565159834,far_from_nominal
135308,54,1993-08-17,-4.67,164.19,SITE_009,5S165E,96.9591134502533,far_from_nominal
135309,54,1993-08-18,-4.66,164.18,SITE_009,5S165E,98.40801603315377,far_from_nominal
135310,54,1993-08-19,-4.66,164.19,SITE_009,5S165E,97.38597565159834,far_from_nominal
135311,54,1993-08-20,-4.66,164.18,SITE_009,5S165E,98.40801603315377,far_from_nominal
135312,54,1993-08-21,-4.66,164.19,SITE_009,5S165E,97.38597565159834,far_from_nominal
135313,54,1993-08-22,-4.66,164.19,SITE_009,5S165E,97.38597565159834,far_from_nominal
135314,54,1993-08-23,-4.66,164.19,SITE_009,5S165E,97.38597565159834,far_from_nominal
135315,54,1993-08-24,-4.68,164.17,SITE_009,5S165E,98.60652170346508,far_from_nominal
135316,54,1993-08-25,-4.66,164.21,SITE_009,5S165E,95.34765601310129,far_from_nominal
135317,54,1993-08-26,-4.66,164.19,SITE_009,5S165E,97.38597565159834,far_from_nominal
135318,54,1993-08-27,-4.66,164.19,SITE_009,5S165E,97.38597565159834,far_from_nominal
135319,54,1993-08-28,-4.66,164.18,SITE_009,5S165E,98.40801603315377,far_from_nominal
135320,54,1993-08-29,-4.66,164.18,SITE_009,5S165E,98.40801603315377,far_from_nominal
135321,54,1993-08-30,-4.66,164.18,SITE_009,5S165E,98.40801603315377,far_from_nominal
135322,54,1993-08-31,-4.66,164.18,SITE_009,5S165E,98.40801603315377,far_from_nominal
135323,54,1993-09-01,-4.66,164.18,SITE_009,5S165E,98.40801603315377,far_from_nominal
135324,54,1993-09-02,-4.67,164.18,SITE_009,5S165E,97.98559143540392,far_from_nominal
135325,54,1993-09-03,-4.66,164.18,SITE_009,5S165E,98.40801603315377,far_from_nominal
135326,54,1993-09-04,-4.66,164.19,SITE_009,5S165E,97.38597565159834,far_from_nominal
135327,54,1993-09-05,-4.66,164.19,SITE_009,5S165E,97.38597565159834,far_from_nominal
135328,54,1993-09-06,-4.66,164.19,SITE_009,5S165E,97.38597565159834,far_from_nominal
135329,54,1993-09-07,-4.66,164.19,SITE_009,5S165E,97.38597565159834,far_from_nominal
135330,54,1993-09-08,-4.66,164.19,SITE_009,5S165E,97.38597565159834,far_from_nominal
135331,54,1993-09-09,-4.66,164.18,SITE_009,5S165E,98.40801603315377,far_from_nominal
135332,54,1993-09-10,-4.66,164.17,SITE_009,5S165E,99.43189786983902,far_from_nominal
135333,54,1993-09-11,-4.65,164.17,SITE_009,5S165E,99.86060011849818,far_from_nominal
135334,54,1993-09-12,-4.66,164.16,SITE_009,5S165E,100.45756485610403,far_from_nominal
135335,54,1993-09-13,-4.69,164.16,SITE_009,5S165E,99.24836580111683,far_from_nominal
135336,54,1993-09-14,-4.73,164.17,SITE_009,5S165E,96.73612484456514,far_from_nominal
135337,54,1993-09-15,-4.72,164.18,SITE_009,5S165E,96.03884214224065,far_from_nominal
135338,54,1993-09-16,-4.73,164.18,SITE_009,5S165E,95.68350912821482,far_from_nominal
135339,54,1993-09-17,-4.72,164.19,SITE_009,5S165E,94.99140699804525,far_from_nominal
135340,54,1993-09-18,-4.72,164.18,SITE_009,5S165E,96.03884214224065,far_from_nominal
135341,54,1993-09-19,-4.72,164.18,SITE_009,5S165E,96.03884214224065,far_from_nominal
135342,54,1993-09-20,-4.71,164.18,SITE_009,5S165E,96.40569061301646,far_from_nominal
135343,54,1993-09-21,-4.71,164.18,SITE_009,5S165E,96.40569061301646,far_from_nominal
135344,54,1993-09-22,-4.7,164.18,SITE_009,5S165E,96.78392359653726,far_from_nominal
135345,54,1993-09-23,-4.71,164.18,SITE_009,5S165E,96.40569061301646,far_from_nominal
135346,54,1993-09-24,-4.7,164.19,SITE_009,5S165E,95.74460923450279,far_from_nominal
135347,54,1993-09-25,-4.7,164.19,SITE_009,5S165E,95.74460923450279,far_from_nominal
135348,54,1993-09-26,-4.7,164.19,SITE_009,5S165E,95.74460923450279,far_from_nominal
135349,54,1993-09-27,-4.69,164.2,SITE_009,5S165E,95.10481204632386,far_from_nominal
135350,54,1993-09-28,-4.69,164.19,SITE_009,5S165E,96.13828921395432,far_from_nominal
135351,54,1993-09-29,-4.7,164.2,SITE_009,5S165E,94.70685145837297,far_from_nominal
135352,54,1993-09-30,-4.69,164.2,SITE_009,5S165E,95.10481204632386,far_from_nominal
135353,54,1993-10-01,-4.69,164.19,SITE_009,5S165E,96.13828921395432,far_from_nominal
135354,54,1993-10-02,-4.68,164.19,SITE_009,5S165E,96.54317072783095,far_from_nominal
135355,54,1993-10-03,-4.7,164.2,SITE_009,5S165E,94.70685145837297,far_from_nominal
135356,54,1993-10-04,-4.69,164.2,SITE_009,5S165E,95.10481204632386,far_from_nominal
135357,54,1993-10-05,-4.7,164.2,SITE_009,5S165E,94.70685145837297,far_from_nominal
135358,54,1993-10-06,-4.7,164.2,SITE_009,5S165E,94.70685145837297,far_from_nominal
135359,54,1993-10-07,-4.7,164.2,SITE_009,5S165E,94.70685145837297,far_from_nominal
135360,54,1993-10-08,-4.69,164.2,SITE_009,5S165E,95.10481204632386,far_from_nominal
135361,54,1993-10-09,-4.68,164.2,SITE_009,5S165E,95.51405941151175,far_from_nominal
135362,54,1993-10-10,-4.69,164.21,SITE_009,5S165E,94.07303076179798,far_from_nominal
135363,54,1993-10-11,-4.71,164.21,SITE_009,5S165E,93.2798929279725,far_from_nominal
135364,54,1993-10-12,-4.69,164.19,SITE_009,5S165E,96.13828921395432,far_from_nominal
135365,54,1993-10-13,-4.68,164.19,SITE_009,5S165E,96.54317072783095,far_from_nominal
135366,54,1993-10-14,-4.7,164.2,SITE_009,5S165E,94.70685145837297,far_from_nominal
135367,54,1993-10-15,-4.7,164.2,SITE_009,5S165E,94.70685145837297,far_from_nominal
135368,54,1993-10-16,-4.68,164.19,SITE_009,5S165E,96.54317072783095,far_from_nominal
135369,54,1993-10-17,-4.69,164.19,SITE_009,5S165E,96.13828921395432,far_from_nominal
135370,54,1993-10-18,-4.69,164.2,SITE_009,5S165E,95.10481204632386,far_from_nominal
135371,54,1993-10-19,-4.72,164.18,SITE_009,5S165E,96.03884214224065,far_from_nominal
135372,54,1993-10-20,-4.72,164.18,SITE_009,5S165E,96.03884214224065,far_from_nominal
135373,54,1993-10-21,-4.73,164.19,SITE_009,5S165E,94.63215661173227,far_from_nominal
135374,54,1993-10-22,-4.72,164.17,SITE_009,5S165E,97.08762078367516,far_from_nominal
135375,54,1993-10-23,-4.72,164.19,SITE_009,5S165E,94.99140699804525,far_from_nominal
135376,54,1993-10-24,-4.71,164.19,SITE_009,5S165E,95.36226951802469,far_from_nominal
135377,54,1993-10-25,-4.71,164.18,SITE_009,5S165E,96.40569061301646,far_from_nominal
135378,54,1993-10-26,-4.71,164.18,SITE_009,5S165E,96.40569061301646,far_from_nominal
135379,54,1993-10-27,-4.71,164.19,SITE_009,5S165E,95.36226951802469,far_from_nominal
135380,54,1993-10-28,-4.71,164.14,SITE_009,5S165E,100.59317875008279,far_from_nominal
135381,54,1993-10-29,-4.71,164.13,SITE_009,5S165E,101.643288465657,far_from_nominal
135382,54,1993-10-30,-4.71,164.13,SITE_009,5S165E,101.643288465657,far_from_nominal
135383,54,1993-10-31,-4.7,164.13,SITE_009,5S165E,102.00217637884921,far_from_nominal
135384,54,1993-11-01,-4.71,164.13,SITE_009,5S165E,101.643288465657,far_from_nominal
135385,54,1993-11-02,-4.7,164.13,SITE_009,5S165E,102.00217637884921,far_from_nominal
135386,54,1993-11-03,-4.71,164.14,SITE_009,5S165E,100.59317875008279,far_from_nominal
135387,54,1993-11-04,-4.72,164.14,SITE_009,5S165E,100.2415957293686,far_from_nominal
135388,54,1993-11-05,-4.7,164.13,SITE_009,5S165E,102.00217637884921,far_from_nominal
135389,54,1993-11-06,-4.71,164.13,SITE_009,5S165E,101.643288465657,far_from_nominal
135390,54,1993-11-07,-4.7,164.14,SITE_009,5S165E,100.95578434440202,far_from_nominal
135391,54,1993-11-08,-4.7,164.14,SITE_009,5S165E,100.95578434440202,far_from_nominal
135392,54,1993-11-09,-4.69,164.13,SITE_009,5S165E,102.37188365215874,far_from_nominal
135393,54,1993-11-10,-4.7,164.14,SITE_009,5S165E,100.95578434440202,far_from_nominal
135394,54,1993-11-11,-4.7,164.14,SITE_009,5S165E,100.95578434440202,far_from_nominal
135395,54,1993-11-12,-4.7,164.13,SITE_009,5S165E,102.00217637884921,far_from_nominal
135396,54,1993-11-13,-4.7,164.12,SITE_009,5S165E,103.04985572112267,far_from_nominal
135397,54,1993-11-14,-4.7,164.13,SITE_009,5S165E,102.00217637884921,far_from_nominal
135398,54,1993-11-15,-4.72,164.14,SITE_009,5S165E,100.2415957293686,far_from_nominal
135399,54,1993-11-16,-4.7,164.14,SITE_009,5S165E,100.95578434440202,far_from_nominal
135400,54,1993-11-17,-4.7,164.13,SITE_009,5S165E,102.00217637884921,far_from_nominal
135401,54,1993-11-18,-4.7,164.14,SITE_009,5S165E,100.95578434440202,far_from_nominal
135402,54,1993-11-19,-4.7,164.14,SITE_009,5S165E,100.95578434440202,far_from_nominal
135403,54,1993-11-20,-4.7,164.13,SITE_009,5S165E,102.00217637884921,far_from_nominal
135404,54,1993-11-21,-4.71,164.13,SITE_009,5S165E,101.643288465657,far_from_nominal
135405,54,1993-11-22,-4.71,164.14,SITE_009,5S165E,100.59317875008279,far_from_nominal
135406,54,1993-11-23,-4.7,164.13,SITE_009,5S165E,102.00217637884921,far_from_nominal
135407,54,1993-11-24,-4.7,164.15,SITE_009,5S165E,99.91072006499154,far_from_nominal
135408,54,1993-11-25,-4.7,164.15,SITE_009,5S165E,99.91072006499154,far_from_nominal
135409,54,1993-11-26,-4.71,164.14,SITE_009,5S165E,100.59317875008279,far_from_nominal
135410,54,1993-11-27,-4.71,164.14,SITE_009,5S165E,100.59317875008279,far_from_nominal
135411,54,1993-11-28,-4.71,164.13,SITE_009,5S165E,101.643288465657,far_from_nominal
135412,54,1993-11-29,-4.71,164.14,SITE_009,5S165E,100.59317875008279,far_from_nominal
135413,54,1993-11-30,-4.72,164.14,SITE_009,5S165E,100.2415957293686,far_from_nominal
135414,54,1993-12-01,-4.71,164.15,SITE_009,5S165E,99.54432319681894,far_from_nominal
135415,54,1993-12-02,-4.71,164.14,SITE_009,5S165E,100.59317875008279,far_from_nominal
135416,54,1993-12-03,-4.71,164.15,SITE_009,5S165E,99.54432319681894,far_from_nominal
135417,54,1993-12-04,-4.71,164.15,SITE_009,5S165E,99.54432319681894,far_from_nominal
135418,54,1993-12-05,-4.73,164.15,SITE_009,5S165E,98.84498440348892,far_from_nominal
135419,54,1993-12-06,-4.74,164.16,SITE_009,5S165E,97.4536724638537,far_from_nominal
135420,54,1993-12-07,-4.74,164.16,SITE_009,5S165E,97.4536724638537,far_from_nominal
135421,54,1993-12-08,-4.74,164.16,SITE_009,5S165E,97.4536724638537,far_from_nominal
135422,54,1993-12-09,-4.72,164.18,SITE_009,5S165E,96.03884214224065,far_from_nominal
135423,54,1993-12-10,-4.72,164.16,SITE_009,5S165E,98.13769984903824,far_from_nominal
135424,54,1993-12-11,-4.73,164.16,SITE_009,5S165E,97.78996296913029,far_from_nominal
135425,54,1993-12-12,-4.72,164.18,SITE_009,5S165E,96.03884214224065,far_from_nominal
135426,54,1993-12-13,-4.72,164.18,SITE_009,5S165E,96.03884214224065,far_from_nominal
135427,54,1993-12-14,-4.71,164.16,SITE_009,5S165E,98.49676187144469,far_from_nominal
135428,54,1993-12-15,-4.71,164.16,SITE_009,5S165E,98.49676187144469,far_from_nominal
135429,54,1993-12-16,-4.73,164.17,SITE_009,5S165E,96.73612484456514,far_from_nominal
135430,54,1993-12-17,-4.72,164.18,SITE_009,5S165E,96.03884214224065,far_from_nominal
135431,54,1993-12-18,-4.72,164.17,SITE_009,5S165E,97.08762078367516,far_from_nominal
135432,54,1993-12-19,-4.72,164.18,SITE_009,5S165E,96.03884214224065,far_from_nominal
135433,54,1993-12-20,-4.72,164.21,SITE_009,5S165E,92.90074891574302,far_from_nominal
135434,54,1993-12-21,-4.72,164.22,SITE_009,5S165E,91.85762184698903,far_from_nominal
135435,54,1993-12-22,-4.68,164.38,SITE_009,5S165E,77.3635293177156,far_from_nominal
135436,54,1993-12-23,-4.65,164.43,SITE_009,5S165E,74.18473008602766,far_from_nominal
135437,54,1993-12-24,-4.65,164.43,SITE_009,5S165E,74.18473008602766,far_from_nominal
135438,54,1993-12-25,-4.68,164.48,SITE_009,5S165E,67.71719461754337,far_from_nominal
135439,54,1993-12-26,-4.68,164.42,SITE_009,5S165E,73.45647478248745,far_from_nominal
135440,54,1993-12-27,-4.66,164.49,SITE_009,5S165E,67.98878729720222,far_from_nominal
135441,54,1993-12-28,-4.72,164.5,SITE_009,5S165E,63.54728872557871,far_from_nominal
135442,54,1993-12-29,-4.76,164.5,SITE_009,5S165E,61.489012212752044,far_from_nominal
135443,54,1993-12-30,-4.78,164.51,SITE_009,5S165E,59.54442390402129,far_from_nominal
135444,54,1993-12-31,-4.81,164.53,SITE_009,5S165E,56.193113998734326,far_from_nominal
135485,54,1994-02-10,-4.87,164.48,,,,unassigned_drifting
135486,54,1994-02-11,-4.86,164.38,SITE_009,5S165E,70.42791390926674,far_from_nominal
135487,54,1994-02-12,-4.88,164.31,SITE_009,5S165E,77.59547153254091,far_from_nominal
135488,54,1994-02-13,-4.9,164.18,SITE_009,5S165E,91.51790803324347,far_from_nominal
135489,54,1994-02-14,-4.93,164.1,SITE_009,5S165E,100.00342615445686,far_from_nominal
135490,54,1994-02-15,-4.94,164.07,SITE_009,5S165E,103.23840715967549,far_from_nominal
135491,54,1994-02-16,-4.99,164.0,SITE_009,5S165E,110.77836469128073,far_from_nominal
135492,54,1994-02-17,-5.03,163.9,,,,unassigned_drifting
135493,54,1994-02-18,-5.06,163.8,,,,unassigned_noise
135494,54,1994-02-19,-5.04,163.76,,,,unassigned_noise
135495,54,1994-02-20,-5.02,163.74,,,,unassigned_noise
135496,54,1994-02-21,-5.0,163.71,,,,unassigned_noise
135497,54,1994-02-22,-4.97,163.69,,,,unassigned_noise
135498,54,1994-02-23,-4.93,163.68,,,,unassigned_noise
135499,54,1994-02-24,-4.69,163.61,,,,unassigned_drifting
135500,54,1994-02-25,-4.47,163.43,,,,unassigned_drifting
135501,54,1994-02-26,-4.34,163.32,,,,unassigned_noise
135502,54,1994-02-27,-4.31,163.31,,,,unassigned_noise
135503,54,1994-02-28,-4.27,163.27,,,,unassigned_noise
135504,54,1994-03-01,-4.23,163.21,,,,unassigned_noise
135505,54,1994-03-02,-4.22,163.12,,,,unassigned_noise
135506,54,1994-03-03,-4.22,163.08,,,,unassigned_noise
135507,54,1994-03-04,-4.22,163.06,,,,unassigned_noise
135508,54,1994-03-05,-4.29,162.99,,,,unassigned_noise
135509,54,1994-03-06,-4.35,162.93,,,,unassigned_noise
135510,54,1994-03-07,-4.4,162.89,,,,unassigned_noise
135511,54,1994-03-08,-4.41,162.84,,,,unassigned_noise
135512,54,1994-03-09,-4.41,162.87,,,,unassigned_noise
135513,54,1994-03-10,-4.51,162.78,,,,unassigned_drifting
135514,54,1994-03-11,-4.29,162.99,,,,unassigned_noise
135515,54,1994-03-12,-4.34,162.94,,,,unassigned_noise
135516,54,1994-03-13,-4.39,162.89,,,,unassigned_noise
135896,54,1995-05-03,-5.0,165.0,,,,unassigned_drifting
139341,56,1994-05-05,-5.04,-179.76,,,,unassigned_drifting
142620,58,1990-08-03,6.95,-132.62,,,,unassigned_drifting
144185,60,1988-11-28,7.0,-147.0,SITE_069,7.01N147.48W,52.986897940138334,far_from_nominal
144245,60,1989-05-15,7.0,-147.0,SITE_069,7.01N147.48W,52.986897940138334,far_from_nominal
144246,60,1989-05-16,7.0,-147.0,SITE_069,7.01N147.48W,52.986897940138334,far_from_nominal
144247,60,1989-05-17,7.0,-147.0,SITE_069,7.01N147.48W,52.986897940138334,far_from_nominal
144248,60,1989-05-18,7.0,-147.0,SITE_069,7.01N147.48W,52.986897940138334,far_from_nominal
144249,60,1989-05-19,7.0,-147.0,SITE_069,7.01N147.48W,52.986897940138334,far_from_nominal
144250,60,1989-05-20,7.0,-147.0,SITE_069,7.01N147.48W,52.986897940138334,far_from_nominal
144251,60,1989-05-21,7.0,-147.0,SITE_069,7.01N147.48W,52.986897940138334,far_from_nominal
144252,60,1989-05-22,7.0,-147.0,SITE_069,7.01N147.48W,52.986897940138334,far_from_nominal
144253,60,1989-05-23,7.0,-147.0,SITE_069,7.01N147.48W,52.986897940138334,far_from_nominal
144254,60,1989-05-24,7.0,-147.0,SITE_069,7.01N147.48W,52.986897940138334,far_from_nominal
144255,60,1989-05-25,7.0,-147.0,SITE_069,7.01N147.48W,52.986897940138334,far_from_nominal
144256,60,1989-05-26,7.0,-147.0,SITE_069,7.01N147.48W,52.986897940138334,far_from_nominal
144257,60,1989-05-27,7.0,-147.0,SITE_069,7.01N147.48W,52.986897940138334,far_from_nominal
144441,60,1989-12-04,7.0,-147.0,SITE_069,7.01N147.48W,52.986897940138334,far_from_nominal
144442,60,1989-12-05,7.0,-147.0,SITE_069,7.01N147.48W,52.986897940138334,far_from_nominal
144443,60,1989-12-06,7.0,-147.0,SITE_069,7.01N147.48W,52.986897940138334,far_from_nominal
144581,60,1990-04-23,7.0,-147.0,SITE_069,7.01N147.48W,52.986897940138334,far_from_nominal
144582,60,1990-04-24,7.0,-147.0,SITE_069,7.01N147.48W,52.986897940138334,far_from_nominal
145807,60,1994-08-21,8.0,-110.0,,,,unassigned_drifting
146159,60,1995-08-08,8.0,-110.0,,,,unassigned_drifting
146584,60,1996-10-06,8.0,-110.0,,,,unassigned_drifting
146904,60,1997-08-22,8.0,-110.0,,,,unassigned_drifting
149972,62,1995-06-25,8.16,-154.59,,,,unassigned_noise
149973,62,1995-06-26,8.15,-154.49,,,,unassigned_noise
149974,62,1995-06-27,8.13,-154.45,,,,unassigned_noise
149975,62,1995-06-28,8.16,-154.41,,,,unassigned_noise
149976,62,1995-06-29,8.17,-154.34,,,,unassigned_noise
149977,62,1995-06-30,8.17,-154.27,,,,unassigned_noise
149978,62,1995-07-01,8.16,-154.24,,,,unassigned_noise
149979,62,1995-07-02,8.18,-154.24,,,,unassigned_noise
149980,62,1995-07-03,8.23,-154.18,,,,unassigned_noise
149981,62,1995-07-04,8.28,-154.11,,,,unassigned_noise
149982,62,1995-07-05,8.28,-154.12,,,,unassigned_noise
149983,62,1995-07-06,8.35,-154.15,,,,unassigned_noise
149984,62,1995-07-07,8.4,-154.16,,,,unassigned_noise
149985,62,1995-07-08,8.45,-154.03,,,,unassigned_noise
149986,62,1995-07-09,8.43,-154.0,,,,unassigned_noise
149987,62,1995-07-10,8.45,-154.05,,,,unassigned_noise
149988,62,1995-07-11,8.56,-153.96,,,,unassigned_noise
149989,62,1995-07-12,8.53,-153.88,,,,unassigned_noise
149990,62,1995-07-13,8.59,-153.93,,,,unassigned_noise
149991,62,1995-07-14,8.68,-153.87,,,,unassigned_noise
149992,62,1995-07-15,8.71,-153.82,,,,unassigned_noise
149993,62,1995-07-16,8.73,-153.84,,,,unassigned_noise
149994,62,1995-07-17,8.78,-153.83,,,,unassigned_noise
149995,62,1995-07-18,8.81,-153.83,,,,unassigned_noise
149996,62,1995-07-19,8.86,-153.82,,,,unassigned_noise
149997,62,1995-07-20,8.89,-153.79,,,,unassigned_noise
149998,62,1995-07-21,8.87,-153.82,,,,unassigned_noise
149999,62,1995-07-22,8.93,-153.87,,,,unassigned_noise
150000,62,1995-07-23,8.97,-153.84,,,,unassigned_noise
150001,62,1995-07-24,8.98,-153.86,,,,unassigned_noise
153797,64,1994-10-08,7.9,165.02,,,,unassigned_drifting
158015,66,1996-11-12,8.0,-180.0,,,,unassigned_drifting
158809,67,1995-03-17,7.92,-95.25,,,,unassigned_drifting
158810,67,1995-03-18,7.91,-95.93,,,,unassigned_drifting
158811,67,1995-03-19,8.03,-96.63,,,,unassigned_drifting
158812,67,1995-03-20,8.06,-97.04,,,,unassigned_drifting
158813,67,1995-03-21,8.08,-97.58,,,,unassigned_drifting
158814,67,1995-03-22,8.14,-97.98,,,,unassigned_drifting
158815,67,1995-03-23,8.2,-98.11,,,,unassigned_drifting
158816,67,1995-03-24,8.06,-98.25,,,,unassigned_drifting
158817,67,1995-03-25,7.97,-98.63,,,,unassigned_drifting
158818,67,1995-03-26,8.04,-98.99,,,,unassigned_noise
159248,67,1996-10-24,8.0,-95.0,,,,unassigned_drifting
161876,68,1996-05-16,-8.0,-110.0,,,,unassigned_drifting
164074,69,1996-08-22,-7.69,-124.71,,,,unassigned_drifting
164075,69,1996-08-23,-7.6,-124.74,,,,unassigned_noise
164076,69,1996-08-24,-7.54,-124.78,,,,unassigned_noise
164077,69,1996-08-25,-7.5,-124.79,,,,unassigned_noise
164078,69,1996-08-26,-7.43,-124.83,,,,unassigned_noise
164079,69,1996-08-27,-7.38,-124.9,,,,unassigned_noise
164080,69,1996-08-28,-7.31,-124.96,,,,unassigned_noise
164081,69,1996-08-29,-7.27,-125.03,,,,unassigned_noise
164082,69,1996-08-30,-7.22,-125.11,,,,unassigned_drifting
164083,69,1996-08-31,-7.15,-125.18,,,,unassigned_drifting
164084,69,1996-09-01,-7.08,-125.29,,,,unassigned_drifting
164085,69,1996-09-02,-7.07,-125.4,,,,unassigned_drifting
164086,69,1996-09-03,-7.03,-125.49,,,,unassigned_drifting
164097,69,1996-09-24,-7.94,-125.14,,,,unassigned_drifting
165516,70,1994-05-06,-8.16,-155.0,,,,unassigned_drifting
165517,70,1994-05-07,-8.22,-154.91,,,,unassigned_drifting
165536,70,1994-05-26,-8.0,-155.0,,,,unassigned_drifting
165857,70,1995-04-12,-8.0,-155.0,,,,unassigned_drifting
168530,71,1996-06-17,-8.07,164.89,,,,unassigned_drifting
168534,71,1996-06-21,-8.28,164.63,SITE_001,8S165E,51.26504213738002,far_from_nominal
168535,71,1996-06-22,-8.31,164.59,SITE_001,8S165E,56.78760895689943,far_from_nominal
168536,71,1996-06-23,-8.32,164.51,,,,unassigned_noise
168537,71,1996-06-24,-8.36,164.41,,,,unassigned_noise
168538,71,1996-06-25,-8.4,164.34,,,,unassigned_noise
168539,71,1996-06-26,-8.42,164.28,,,,unassigned_noise
168540,71,1996-06-27,-8.42,164.18,,,,unassigned_drifting
168541,71,1996-06-28,-8.43,164.07,,,,unassigned_drifting
168542,71,1996-06-29,-8.47,163.95,,,,unassigned_drifting
168543,71,1996-06-30,-8.5,163.84,,,,unassigned_drifting
168544,71,1996-07-01,-8.52,163.72,,,,unassigned_drifting
168545,71,1996-07-02,-8.56,163.6,,,,unassigned_drifting
168546,71,1996-07-03,-8.6,163.48,,,,unassigned_drifting
168547,71,1996-07-04,-8.69,163.36,,,,unassigned_drifting
168548,71,1996-07-05,-8.77,163.29,,,,unassigned_drifting
168549,71,1996-07-06,-8.81,163.18,,,,unassigned_drifting
168894,71,1997-06-16,-8.0,165.0,,,,unassigned_drifting
172469,73,1996-10-26,-8.0,-180.0,,,,unassigned_drifting
172865,73,1997-11-26,-8.0,-180.0,,,,unassigned_drifting
173702,74,1996-05-13,-8.0,-95.0,,,,unassigned_drifting
175153,75,1990-05-05,9.0,-140.0,,,,unassigned_drifting
175335,75,1990-12-10,9.01,-140.18,,,,unassigned_drifting
175847,75,1992-05-05,9.0,-140.0,,,,unassigned_drifting
176201,75,1993-04-24,9.0,-140.0,,,,unassigned_drifting
176596,75,1994-05-24,9.0,-140.0,,,,unassigned_drifting
177655,75,1997-04-17,9.0,-140.0,,,,unassigned_drifting
